image_id,p_180
test_00000,0.0046452405
test_00001,0.9983878
test_00002,0.99619883
test_00003,0.0043757334
test_00004,0.9907098
test_00005,0.0039384654
test_00006,0.99773985
test_00007,0.997056
test_00008,0.99941015
test_00009,0.012178625
test_00010,0.98752433
test_00011,0.003558049
test_00012,0.0029831503
test_00013,0.99726546
test_00014,0.9843155
test_00015,0.99834573
test_00016,0.98812914
test_00017,0.004031731
test_00018,0.012769802
test_00019,0.0014615397
test_00020,0.0010811898
test_00021,0.0017659075
test_00022,0.9987132
test_00023,0.0066812877
test_00024,0.004847385
test_00025,0.9970141
test_00026,0.997831
test_00027,0.06483098
test_00028,0.83616704
test_00029,0.99896437
test_00030,0.0014707333
test_00031,0.9979123
test_00032,0.9586452
test_00033,0.99627787
test_00034,0.95987904
test_00035,0.99890506
test_00036,0.08838828
test_00037,0.0035528566
test_00038,0.002208647
test_00039,0.00081227167
test_00040,0.0011002007
test_00041,0.0035634618
test_00042,0.99881965
test_00043,0.00081362965
test_00044,0.03213796
test_00045,0.9953613
test_00046,0.0022461344
test_00047,0.9986739
test_00048,0.98944116
test_00049,0.9969822
test_00050,0.99899733
test_00051,0.0013959116
test_00052,0.0014956194
test_00053,0.99700075
test_00054,0.0035384719
test_00055,0.99688137
test_00056,0.015691137
test_00057,0.99641466
test_00058,0.0052283923
test_00059,0.0017679948
test_00060,0.929443
test_00061,0.010212287
test_00062,0.0017339792
test_00063,0.004254844
test_00064,0.001920378
test_00065,0.99925727
test_00066,0.41673195
test_00067,0.0007984343
test_00068,0.0019455147
test_00069,0.017369755
test_00070,0.99262834
test_00071,0.9968637
test_00072,0.99819446
test_00073,0.9965551
test_00074,0.9861475
test_00075,0.995334
test_00076,0.0012814075
test_00077,0.9989128
test_00078,0.99573004
test_00079,0.60994315
test_00080,0.0017793642
test_00081,0.84684384
test_00082,0.7829826
test_00083,0.0015334086
test_00084,0.9990144
test_00085,0.998852
test_00086,0.9892606
test_00087,0.9989939
test_00088,0.0011204137
test_00089,0.99188757
test_00090,0.01490414
test_00091,0.0022102753
test_00092,0.9974137
test_00093,0.0028980542
test_00094,0.9945199
test_00095,0.99911165
test_00096,0.011678582
test_00097,0.0010148797
test_00098,0.0015853167
test_00099,0.0081593795
test_00100,0.0022345881
test_00101,0.0021880218
test_00102,0.0015140333
test_00103,0.9982053
test_00104,0.99835014
test_00105,0.0008444302
test_00106,0.01601715
test_00107,0.9617777
test_00108,0.0011152177
test_00109,0.0037261627
test_00110,0.99890685
test_00111,0.019433174
test_00112,0.99182725
test_00113,0.0011433006
test_00114,0.9966761
test_00115,0.009400029
test_00116,0.066915065
test_00117,0.998598
test_00118,0.99814165
test_00119,0.08251858
test_00120,0.0012818191
test_00121,0.99817044
test_00122,0.99903834
test_00123,0.99908453
test_00124,0.0027887356
test_00125,0.0033997046
test_00126,0.003154647
test_00127,0.99892724
test_00128,0.0070782863
test_00129,0.005226223
test_00130,0.99236876
test_00131,0.0018647923
test_00132,0.9836509
test_00133,0.9926343
test_00134,0.0044465372
test_00135,0.74464893
test_00136,0.0062670973
test_00137,0.9934625
test_00138,0.9988757
test_00139,0.0029385076
test_00140,0.9950899
test_00141,0.0012378516
test_00142,0.98808646
test_00143,0.99681807
test_00144,0.011219834
test_00145,0.0013116037
test_00146,0.0011090765
test_00147,0.9971856
test_00148,0.99838847
test_00149,0.9956569
test_00150,0.0039492166
test_00151,0.99765503
test_00152,0.013357731
test_00153,0.0039606337
test_00154,0.748162
test_00155,0.9991609
test_00156,0.9993572
test_00157,0.008625066
test_00158,0.9961417
test_00159,0.99387074
test_00160,0.99719733
test_00161,0.0056322585
test_00162,0.19072384
test_00163,0.99796474
test_00164,0.0053938637
test_00165,0.99748445
test_00166,0.67136306
test_00167,0.050226595
test_00168,0.012653868
test_00169,0.003538893
test_00170,0.9987434
test_00171,0.9981915
test_00172,0.83679974
test_00173,0.0063469466
test_00174,0.0012669262
test_00175,0.99854136
test_00176,0.9804522
test_00177,0.0023089922
test_00178,0.001141918
test_00179,0.9973372
test_00180,0.0022913686
test_00181,0.9962307
test_00182,0.99866575
test_00183,0.9990742
test_00184,0.81180084
test_00185,0.9989283
test_00186,0.0018704077
test_00187,0.9986603
test_00188,0.9984137
test_00189,0.9985469
test_00190,0.0035119716
test_00191,0.9968763
test_00192,0.00079168763
test_00193,0.9970043
test_00194,0.0010084992
test_00195,0.002525088
test_00196,0.01533239
test_00197,0.8600401
test_00198,0.22432081
test_00199,0.99834716
test_00200,0.99904525
test_00201,0.9934324
test_00202,0.993711
test_00203,0.9969424
test_00204,0.976351
test_00205,0.002894233
test_00206,0.0022013467
test_00207,0.0011643264
test_00208,0.008962363
test_00209,0.0009924712
test_00210,0.007077462
test_00211,0.99410146
test_00212,0.9975085
test_00213,0.9980604
test_00214,0.9969303
test_00215,0.0011077232
test_00216,0.0012893846
test_00217,0.004986379
test_00218,0.002577674
test_00219,0.9985175
test_00220,0.99740684
test_00221,0.9976722
test_00222,0.0008230603
test_00223,0.9975249
test_00224,0.7806833
test_00225,0.8558147
test_00226,0.0012292878
test_00227,0.0013463916
test_00228,0.92711014
test_00229,0.0014296478
test_00230,0.002393564
test_00231,0.9976505
test_00232,0.99737406
test_00233,0.9965118
test_00234,0.003910169
test_00235,0.99595284
test_00236,0.0010092325
test_00237,0.0015728888
test_00238,0.99730396
test_00239,0.0014086996
test_00240,0.0014133425
test_00241,0.0009235203
test_00242,0.00066144567
test_00243,0.99632406
test_00244,0.99889827
test_00245,0.9985167
test_00246,0.0011511289
test_00247,0.99709177
test_00248,0.9977864
test_00249,0.9979756
test_00250,0.9991152
test_00251,0.00084105006
test_00252,0.002441153
test_00253,0.9992301
test_00254,0.0007170056
test_00255,0.0019194148
test_00256,0.0060152444
test_00257,0.0008593773
test_00258,0.0035044365
test_00259,0.11128629
test_00260,0.0026181506
test_00261,0.63630587
test_00262,0.9983908
test_00263,0.04173563
test_00264,0.9689541
test_00265,0.9974067
test_00266,0.0018162758
test_00267,0.06910803
test_00268,0.007992471
test_00269,0.99793375
test_00270,0.98229635
test_00271,0.65697813
test_00272,0.9987214
test_00273,0.004124511
test_00274,0.025658397
test_00275,0.00079887285
test_00276,0.047782354
test_00277,0.99859834
test_00278,0.0022413903
test_00279,0.006351621
test_00280,0.99678564
test_00281,0.9957063
test_00282,0.96134686
test_00283,0.002353918
test_00284,0.010602684
test_00285,0.0056528533
test_00286,0.0018454208
test_00287,0.9941487
test_00288,0.994561
test_00289,0.9963927
test_00290,0.99720925
test_00291,0.9988406
test_00292,0.99683374
test_00293,0.0011212904
test_00294,0.9873096
test_00295,0.9972523
test_00296,0.0038485725
test_00297,0.98930746
test_00298,0.012854749
test_00299,0.99759054
test_00300,0.009167724
test_00301,0.9985974
test_00302,0.0014603474
test_00303,0.004818499
test_00304,0.0030465873
test_00305,0.9961882
test_00306,0.9572469
test_00307,0.022176333
test_00308,0.001989899
test_00309,0.98477477
test_00310,0.998492
test_00311,0.9935671
test_00312,0.0031569612
test_00313,0.99680185
test_00314,0.001219557
test_00315,0.99526906
test_00316,0.99225026
test_00317,0.00072793907
test_00318,0.9896721
test_00319,0.99903244
test_00320,0.9955483
test_00321,0.07878528
test_00322,0.9969849
test_00323,0.99741083
test_00324,0.0011990641
test_00325,0.9939045
test_00326,0.00089867413
test_00327,0.13130778
test_00328,0.1094196
test_00329,0.9926354
test_00330,0.99896777
test_00331,0.9950103
test_00332,0.9970535
test_00333,0.998023
test_00334,0.9989408
test_00335,0.026137806
test_00336,0.0039978055
test_00337,0.99336964
test_00338,0.0034113207
test_00339,0.99525523
test_00340,0.60974514
test_00341,0.005725707
test_00342,0.9988363
test_00343,0.9992074
test_00344,0.99605477
test_00345,0.99804324
test_00346,0.00077284547
test_00347,0.0067055672
test_00348,0.9953253
test_00349,0.003052909
test_00350,0.98880744
test_00351,0.0065813093
test_00352,0.98429835
test_00353,0.9977062
test_00354,0.0054542534
test_00355,0.99864423
test_00356,0.0009940509
test_00357,0.010379535
test_00358,0.9989011
test_00359,0.9982519
test_00360,0.9910594
test_00361,0.996942
test_00362,0.8103899
test_00363,0.99917495
test_00364,0.9973061
test_00365,0.9947692
test_00366,0.99368393
test_00367,0.00613181
test_00368,0.003411722
test_00369,0.9984286
test_00370,0.017215915
test_00371,0.0012843851
test_00372,0.9984655
test_00373,0.07862261
test_00374,0.98162365
test_00375,0.99679327
test_00376,0.014451454
test_00377,0.0007791189
test_00378,0.99813575
test_00379,0.0066571296
test_00380,0.001910439
test_00381,0.997404
test_00382,0.001390357
test_00383,0.0017809571
test_00384,0.9993118
test_00385,0.0032636046
test_00386,0.9985826
test_00387,0.9986805
test_00388,0.60344875
test_00389,0.99862564
test_00390,0.9991187
test_00391,0.0015798202
test_00392,0.55382967
test_00393,0.99927914
test_00394,0.004829746
test_00395,0.0019638846
test_00396,0.0020262056
test_00397,0.9939809
test_00398,0.0014629165
test_00399,0.85595703
test_00400,0.999062
test_00401,0.99657065
test_00402,0.9779935
test_00403,0.0012257382
test_00404,0.0011236094
test_00405,0.9994266
test_00406,0.99144554
test_00407,0.0010954187
test_00408,0.9979335
test_00409,0.99481237
test_00410,0.0008871513
test_00411,0.0022278936
test_00412,0.003343291
test_00413,0.005074358
test_00414,0.34077582
test_00415,0.99298835
test_00416,0.0027800342
test_00417,0.0015889494
test_00418,0.999125
test_00419,0.99931824
test_00420,0.0018744126
test_00421,0.9986092
test_00422,0.99710983
test_00423,0.0010610619
test_00424,0.002466356
test_00425,0.0045253183
test_00426,0.69563437
test_00427,0.0020291703
test_00428,0.002279163
test_00429,0.99596083
test_00430,0.99852514
test_00431,0.99913013
test_00432,0.9931549
test_00433,0.01291807
test_00434,0.0015563773
test_00435,0.0034651132
test_00436,0.99738896
test_00437,0.0088792555
test_00438,0.99727243
test_00439,0.9171115
test_00440,0.118646406
test_00441,0.0010113782
test_00442,0.99344116
test_00443,0.9975735
test_00444,0.9973802
test_00445,0.0033229687
test_00446,0.0007869748
test_00447,0.0013061239
test_00448,0.9984243
test_00449,0.0009842046
test_00450,0.0016801769
test_00451,0.99887884
test_00452,0.9961911
test_00453,0.0037405163
test_00454,0.4968817
test_00455,0.997172
test_00456,0.94726604
test_00457,0.0023131375
test_00458,0.99784243
test_00459,0.99506366
test_00460,0.0030290475
test_00461,0.99812293
test_00462,0.019883879
test_00463,0.99937946
test_00464,0.0007694127
test_00465,0.0015896469
test_00466,0.9981737
test_00467,0.6946157
test_00468,0.99651825
test_00469,0.0039050318
test_00470,0.12164747
test_00471,0.0014989341
test_00472,0.0035824408
test_00473,0.0014833495
test_00474,0.0011538841
test_00475,0.002992739
test_00476,0.5457343
test_00477,0.0035655333
test_00478,0.0007833545
test_00479,0.99869144
test_00480,0.99867
test_00481,0.000741412
test_00482,0.0018494171
test_00483,0.998603
test_00484,0.00077575014
test_00485,0.0012201703
test_00486,0.0037623295
test_00487,0.944278
test_00488,0.0014069992
test_00489,0.99796265
test_00490,0.99671954
test_00491,0.20331064
test_00492,0.64796925
test_00493,0.9991681
test_00494,0.9888716
test_00495,0.99863726
test_00496,0.14721428
test_00497,0.99834406
test_00498,0.00496122
test_00499,0.0020653997
test_00500,0.9937489
test_00501,0.007909559
test_00502,0.98107284
test_00503,0.003741223
test_00504,0.99844885
test_00505,0.99140406
test_00506,0.9983025
test_00507,0.0048931176
test_00508,0.99547374
test_00509,0.0008242465
test_00510,0.9914316
test_00511,0.98903036
test_00512,0.99472904
test_00513,0.99087787
test_00514,0.00071771827
test_00515,0.0020012807
test_00516,0.029813811
test_00517,0.007240437
test_00518,0.011455606
test_00519,0.99521756
test_00520,0.0029077558
test_00521,0.99757063
test_00522,0.9982991
test_00523,0.00084003963
test_00524,0.9983796
test_00525,0.9925558
test_00526,0.013189238
test_00527,0.0011965876
test_00528,0.0020834315
test_00529,0.99931836
test_00530,0.0017217558
test_00531,0.9900977
test_00532,0.077015646
test_00533,0.0019968017
test_00534,0.99640584
test_00535,0.0021673902
test_00536,0.00072067836
test_00537,0.0015512244
test_00538,0.99596727
test_00539,0.004834404
test_00540,0.9966261
test_00541,0.005381017
test_00542,0.021550562
test_00543,0.9981965
test_00544,0.9982254
test_00545,0.004580737
test_00546,0.0056208856
test_00547,0.99866676
test_00548,0.0013916706
test_00549,0.57415336
test_00550,0.0016260357
test_00551,0.0014484953
test_00552,0.0014747106
test_00553,0.94703746
test_00554,0.22195931
test_00555,0.028006298
test_00556,0.9956004
test_00557,0.996975
test_00558,0.0007741809
test_00559,0.00093853846
test_00560,0.99616206
test_00561,0.0041844295
test_00562,0.32815233
test_00563,0.0015732015
test_00564,0.9683324
test_00565,0.9971281
test_00566,0.0009853757
test_00567,0.9744318
test_00568,0.0010810804
test_00569,0.16287729
test_00570,0.05183588
test_00571,0.0048613576
test_00572,0.00075937127
test_00573,0.006768154
test_00574,0.0016553928
test_00575,0.6660736
test_00576,0.99641716
test_00577,0.9637358
test_00578,0.0010632097
test_00579,0.99380195
test_00580,0.9992372
test_00581,0.9797267
test_00582,0.013937454
test_00583,0.9957013
test_00584,0.011195364
test_00585,0.0036707362
test_00586,0.9989831
test_00587,0.9990536
test_00588,0.033171214
test_00589,0.0024232948
test_00590,0.0010342284
test_00591,0.0077463565
test_00592,0.0018148882
test_00593,0.97662
test_00594,0.9950536
test_00595,0.015756989
test_00596,0.002838504
test_00597,0.008423736
test_00598,0.998834
test_00599,0.0017505689
test_00600,0.08294684
test_00601,0.99911046
test_00602,0.99446774
test_00603,0.002142896
test_00604,0.92204124
test_00605,0.919889
test_00606,0.9990228
test_00607,0.002127929
test_00608,0.00437615
test_00609,0.0018113516
test_00610,0.99105585
test_00611,0.07582389
test_00612,0.006154521
test_00613,0.0067337486
test_00614,0.93078256
test_00615,0.99911547
test_00616,0.0009952995
test_00617,0.99866325
test_00618,0.0011691169
test_00619,0.99815845
test_00620,0.9990017
test_00621,0.034486093
test_00622,0.99899244
test_00623,0.995555
test_00624,0.0026224344
test_00625,0.0070199734
test_00626,0.9979172
test_00627,0.0033819124
test_00628,0.0023744698
test_00629,0.008855548
test_00630,0.99869883
test_00631,0.99608284
test_00632,0.99646574
test_00633,0.99844384
test_00634,0.9947058
test_00635,0.00086627714
test_00636,0.9974756
test_00637,0.03980118
test_00638,0.0016848645
test_00639,0.9990908
test_00640,0.0012505372
test_00641,0.9992864
test_00642,0.760269
test_00643,0.002774234
test_00644,0.9944224
test_00645,0.9986485
test_00646,0.00395323
test_00647,0.0008421226
test_00648,0.9844536
test_00649,0.9958018
test_00650,0.0012002997
test_00651,0.0037236614
test_00652,0.008859636
test_00653,0.99540186
test_00654,0.9748809
test_00655,0.99139583
test_00656,0.0023747329
test_00657,0.13578013
test_00658,0.9984796
test_00659,0.006667867
test_00660,0.0014722315
test_00661,0.0007153745
test_00662,0.0022330168
test_00663,0.4026526
test_00664,0.000888858
test_00665,0.0038791192
test_00666,0.98880297
test_00667,0.027395625
test_00668,0.0008280959
test_00669,0.14818439
test_00670,0.33142847
test_00671,0.9989561
test_00672,0.9985217
test_00673,0.99280864
test_00674,0.98670244
test_00675,0.99735403
test_00676,0.014168216
test_00677,0.00659035
test_00678,0.9975312
test_00679,0.0013201418
test_00680,0.0638176
test_00681,0.996932
test_00682,0.99893826
test_00683,0.9982951
test_00684,0.99806964
test_00685,0.9965168
test_00686,0.99904907
test_00687,0.0028299093
test_00688,0.009970992
test_00689,0.99899364
test_00690,0.0007503744
test_00691,0.99877715
test_00692,0.9986671
test_00693,0.9522275
test_00694,0.0010818418
test_00695,0.017360324
test_00696,0.0029663998
test_00697,0.99864113
test_00698,0.0017823913
test_00699,0.0011671843
test_00700,0.9974948
test_00701,0.99853206
test_00702,0.9961747
test_00703,0.0009105711
test_00704,0.0013784871
test_00705,0.9914235
test_00706,0.00072070275
test_00707,0.9990064
test_00708,0.0016058524
test_00709,0.7396931
test_00710,0.014654402
test_00711,0.99713326
test_00712,0.7266387
test_00713,0.0015067264
test_00714,0.013940243
test_00715,0.9993687
test_00716,0.9991989
test_00717,0.99715316
test_00718,0.0148426555
test_00719,0.0052596834
test_00720,0.997849
test_00721,0.005645046
test_00722,0.003995548
test_00723,0.999086
test_00724,0.99594796
test_00725,0.9973978
test_00726,0.001185858
test_00727,0.0017619764
test_00728,0.9981056
test_00729,0.9983853
test_00730,0.81259406
test_00731,0.043968007
test_00732,0.0024424666
test_00733,0.0028864944
test_00734,0.996252
test_00735,0.004552765
test_00736,0.9968864
test_00737,0.9989761
test_00738,0.0013744339
test_00739,0.9987637
test_00740,0.0014589307
test_00741,0.9986012
test_00742,0.9984649
test_00743,0.61528
test_00744,0.014058167
test_00745,0.9954375
test_00746,0.00812063
test_00747,0.0015730307
test_00748,0.9922963
test_00749,0.0029113018
test_00750,0.06157405
test_00751,0.99495053
test_00752,0.0010025128
test_00753,0.0012458464
test_00754,0.0025258174
test_00755,0.9846653
test_00756,0.0007818361
test_00757,0.0015241024
test_00758,0.007264572
test_00759,0.0045880172
test_00760,0.9938748
test_00761,0.99840975
test_00762,0.0023203008
test_00763,0.9973774
test_00764,0.0048305504
test_00765,0.9984747
test_00766,0.0015961172
test_00767,0.99236655
test_00768,0.0028698207
test_00769,0.0021249866
test_00770,0.99733317
test_00771,0.010765117
test_00772,0.0010518519
test_00773,0.9945774
test_00774,0.9951913
test_00775,0.9987848
test_00776,0.99878967
test_00777,0.001124262
test_00778,0.0033568603
test_00779,0.0015735081
test_00780,0.91165435
test_00781,0.0023542042
test_00782,0.004437549
test_00783,0.23761144
test_00784,0.9668821
test_00785,0.99878395
test_00786,0.9987439
test_00787,0.0006621332
test_00788,0.9983882
test_00789,0.9989033
test_00790,0.9819437
test_00791,0.9962392
test_00792,0.9984267
test_00793,0.0057992367
test_00794,0.9959763
test_00795,0.0030893716
test_00796,0.0010886024
test_00797,0.13230993
test_00798,0.99408937
test_00799,0.99295056
test_00800,0.0016103121
test_00801,0.0014886926
test_00802,0.0018605605
test_00803,0.0036987297
test_00804,0.009013973
test_00805,0.030584069
test_00806,0.9942925
test_00807,0.99840254
test_00808,0.00087930926
test_00809,0.38059247
test_00810,0.97971576
test_00811,0.9990735
test_00812,0.9891103
test_00813,0.0030040732
test_00814,0.998217
test_00815,0.014938181
test_00816,0.0022609574
test_00817,0.003424271
test_00818,0.006723758
test_00819,0.9966909
test_00820,0.0017222605
test_00821,0.0010196115
test_00822,0.8373974
test_00823,0.0016422141
test_00824,0.0007511926
test_00825,0.99860114
test_00826,0.99905884
test_00827,0.9977069
test_00828,0.99593675
test_00829,0.9989196
test_00830,0.99754477
test_00831,0.9981456
test_00832,0.0007042628
test_00833,0.0009380868
test_00834,0.0009491254
test_00835,0.0025920898
test_00836,0.99791527
test_00837,0.99888635
test_00838,0.0012489634
test_00839,0.0010633327
test_00840,0.019637488
test_00841,0.24861223
test_00842,0.99736214
test_00843,0.99694586
test_00844,0.0029977695
test_00845,0.0009801014
test_00846,0.9986056
test_00847,0.012641789
test_00848,0.00080495037
test_00849,0.20343116
test_00850,0.014148464
test_00851,0.99117666
test_00852,0.997617
test_00853,0.99885905
test_00854,0.738707
test_00855,0.08690508
test_00856,0.9977694
test_00857,0.01590468
test_00858,0.0023593963
test_00859,0.9979775
test_00860,0.015451646
test_00861,0.9992088
test_00862,0.004208798
test_00863,0.9986967
test_00864,0.07339988
test_00865,0.002447213
test_00866,0.30395508
test_00867,0.009271704
test_00868,0.9978742
test_00869,0.95384425
test_00870,0.32161096
test_00871,0.0018410459
test_00872,0.0012966671
test_00873,0.9987216
test_00874,0.0012976298
test_00875,0.98095155
test_00876,0.0029389418
test_00877,0.10318313
test_00878,0.00060771854
test_00879,0.99918383
test_00880,0.022777215
test_00881,0.9952187
test_00882,0.9949798
test_00883,0.99524796
test_00884,0.99677706
test_00885,0.8780141
test_00886,0.008193873
test_00887,0.09933737
test_00888,0.0023876352
test_00889,0.9914205
test_00890,0.9524636
test_00891,0.9988824
test_00892,0.0017136855
test_00893,0.9986383
test_00894,0.9333992
test_00895,0.995801
test_00896,0.9990741
test_00897,0.8041964
test_00898,0.9970152
test_00899,0.017450254
test_00900,0.001153066
test_00901,0.99572235
test_00902,0.16840473
test_00903,0.9990259
test_00904,0.99923575
test_00905,0.0036950675
test_00906,0.005429521
test_00907,0.9864948
test_00908,0.0043874695
test_00909,0.9955554
test_00910,0.0014662255
test_00911,0.99924386
test_00912,0.9951806
test_00913,0.0009070639
test_00914,0.0032771332
test_00915,0.99148095
test_00916,0.0014393394
test_00917,0.9991146
test_00918,0.004063069
test_00919,0.0057262173
test_00920,0.003527775
test_00921,0.00092680374
test_00922,0.9945258
test_00923,0.00088552234
test_00924,0.99799806
test_00925,0.9988567
test_00926,0.98126507
test_00927,0.0020744698
test_00928,0.9002917
test_00929,0.9498975
test_00930,0.0007745861
test_00931,0.99847203
test_00932,0.0068399142
test_00933,0.9990324
test_00934,0.99858
test_00935,0.0058003757
test_00936,0.9950273
test_00937,0.99827176
test_00938,0.0013934385
test_00939,0.99917233
test_00940,0.99870694
test_00941,0.99891996
test_00942,0.9992005
test_00943,0.0019031413
test_00944,0.0020049266
test_00945,0.981952
test_00946,0.99678457
test_00947,0.0032613275
test_00948,0.001953219
test_00949,0.0011673329
test_00950,0.0010856492
test_00951,0.8928112
test_00952,0.9030874
test_00953,0.99899524
test_00954,0.14200266
test_00955,0.9926043
test_00956,0.9989683
test_00957,0.26444685
test_00958,0.0025348167
test_00959,0.9388025
test_00960,0.0009677977
test_00961,0.9986288
test_00962,0.0048733787
test_00963,0.9987385
test_00964,0.9985502
test_00965,0.9984861
test_00966,0.96938884
test_00967,0.00096559036
test_00968,0.02151959
test_00969,0.9941883
test_00970,0.9952412
test_00971,0.99728405
test_00972,0.6654117
test_00973,0.0034228526
test_00974,0.0015316758
test_00975,0.98527086
test_00976,0.9991984
test_00977,0.9965168
test_00978,0.0017358775
test_00979,0.023795385
test_00980,0.9987036
test_00981,0.7773442
test_00982,0.20301944
test_00983,0.0039983154
test_00984,0.007376738
test_00985,0.9979776
test_00986,0.010530823
test_00987,0.0020895093
test_00988,0.06808326
test_00989,0.9932227
test_00990,0.0017228265
test_00991,0.9330276
test_00992,0.0015569708
test_00993,0.0015685691
test_00994,0.12943716
test_00995,0.014429514
test_00996,0.99254763
test_00997,0.9991087
test_00998,0.0013303192
test_00999,0.0016400255
test_01000,0.064152494
test_01001,0.99459845
test_01002,0.0028181742
test_01003,0.9378326
test_01004,0.0070778434
test_01005,0.00090365834
test_01006,0.002025282
test_01007,0.004636759
test_01008,0.88055485
test_01009,0.99448526
test_01010,0.9967053
test_01011,0.9975753
test_01012,0.010034007
test_01013,0.0021470708
test_01014,0.00079299917
test_01015,0.9975011
test_01016,0.956037
test_01017,0.007128261
test_01018,0.99916494
test_01019,0.9879682
test_01020,0.99887955
test_01021,0.9984468
test_01022,0.0023409433
test_01023,0.9970846
test_01024,0.006749315
test_01025,0.023565995
test_01026,0.9976618
test_01027,0.0039148275
test_01028,0.0020519565
test_01029,0.998963
test_01030,0.9979396
test_01031,0.064501405
test_01032,0.00066150643
test_01033,0.99857783
test_01034,0.5323503
test_01035,0.0013638934
test_01036,0.9983511
test_01037,0.9992433
test_01038,0.9981525
test_01039,0.99408543
test_01040,0.99577713
test_01041,0.99706596
test_01042,0.9976727
test_01043,0.14777933
test_01044,0.9956027
test_01045,0.99723864
test_01046,0.009297264
test_01047,0.9981389
test_01048,0.99658775
test_01049,0.0026912354
test_01050,0.0016487313
test_01051,0.99594456
test_01052,0.99382424
test_01053,0.00082187407
test_01054,0.7524555
test_01055,0.011064079
test_01056,0.0009481633
test_01057,0.0006509391
test_01058,0.9991789
test_01059,0.7336074
test_01060,0.9666033
test_01061,0.9953939
test_01062,0.24718893
test_01063,0.004174073
test_01064,0.0017108987
test_01065,0.004263919
test_01066,0.8893106
test_01067,0.48258334
test_01068,0.9977306
test_01069,0.0024222129
test_01070,0.9976411
test_01071,0.99707705
test_01072,0.9958538
test_01073,0.9990311
test_01074,0.9953742
test_01075,0.0021762224
test_01076,0.002187444
test_01077,0.9951178
test_01078,0.00061000505
test_01079,0.9991795
test_01080,0.99767447
test_01081,0.9979065
test_01082,0.9966711
test_01083,0.99756527
test_01084,0.0068649715
test_01085,0.9969275
test_01086,0.98985076
test_01087,0.0029069153
test_01088,0.16563798
test_01089,0.998341
test_01090,0.9990032
test_01091,0.99865246
test_01092,0.19776282
test_01093,0.0012606102
test_01094,0.0015477452
test_01095,0.99893343
test_01096,0.0062534367
test_01097,0.9992845
test_01098,0.98533165
test_01099,0.26561213
test_01100,0.0038467576
test_01101,0.0017264738
test_01102,0.9990872
test_01103,0.019710122
test_01104,0.017102584
test_01105,0.9843961
test_01106,0.04744589
test_01107,0.9977479
test_01108,0.99276686
test_01109,0.007142434
test_01110,0.99874496
test_01111,0.00087609596
test_01112,0.009372506
test_01113,0.9927894
test_01114,0.0072280075
test_01115,0.00057480956
test_01116,0.9938011
test_01117,0.9991337
test_01118,0.0014580928
test_01119,0.0042681796
test_01120,0.0030135065
test_01121,0.9989332
test_01122,0.009333855
test_01123,0.89180744
test_01124,0.002838492
test_01125,0.9912083
test_01126,0.998458
test_01127,0.0013607934
test_01128,0.9911837
test_01129,0.051561322
test_01130,0.99893034
test_01131,0.015652493
test_01132,0.0017887736
test_01133,0.0018290074
test_01134,0.001458626
test_01135,0.990746
test_01136,0.02943357
test_01137,0.9988913
test_01138,0.97560763
test_01139,0.0009809386
test_01140,0.012145856
test_01141,0.99730647
test_01142,0.990193
test_01143,0.9990763
test_01144,0.99801064
test_01145,0.8033447
test_01146,0.9987482
test_01147,0.0036981553
test_01148,0.98944616
test_01149,0.022700172
test_01150,0.9984186
test_01151,0.0017073388
test_01152,0.0071649253
test_01153,0.9892767
test_01154,0.99791694
test_01155,0.022639686
test_01156,0.003407136
test_01157,0.0048951767
test_01158,0.006836054
test_01159,0.0041357097
test_01160,0.0008332126
test_01161,0.002676367
test_01162,0.0019519264
test_01163,0.999283
test_01164,0.0012029543
test_01165,0.0019145613
test_01166,0.9977591
test_01167,0.9983409
test_01168,0.5528712
test_01169,0.0020197898
test_01170,0.0072681787
test_01171,0.99850655
test_01172,0.99901235
test_01173,0.011501536
test_01174,0.99858195
test_01175,0.0035753953
test_01176,0.0008927494
test_01177,0.9985322
test_01178,0.99018073
test_01179,0.0017478814
test_01180,0.001566062
test_01181,0.0014005647
test_01182,0.9906032
test_01183,0.99606335
test_01184,0.99786085
test_01185,0.001844021
test_01186,0.0038625533
test_01187,0.005517422
test_01188,0.00066879473
test_01189,0.00081733795
test_01190,0.001570939
test_01191,0.0038218987
test_01192,0.99894214
test_01193,0.0024963843
test_01194,0.99790215
test_01195,0.99767184
test_01196,0.6309763
test_01197,0.99630547
test_01198,0.0045825313
test_01199,0.014896421
test_01200,0.9990507
test_01201,0.0008850352
test_01202,0.99588627
test_01203,0.97854626
test_01204,0.005105987
test_01205,0.0006282948
test_01206,0.99691194
test_01207,0.0006484606
test_01208,0.99647164
test_01209,0.07844803
test_01210,0.997224
test_01211,0.9845563
test_01212,0.012031514
test_01213,0.9818276
test_01214,0.7096411
test_01215,0.0047140084
test_01216,0.999148
test_01217,0.0047372696
test_01218,0.00082103873
test_01219,0.14559957
test_01220,0.9987903
test_01221,0.9991204
test_01222,0.0022474695
test_01223,0.99791837
test_01224,0.994954
test_01225,0.9913062
test_01226,0.0017750352
test_01227,0.99784184
test_01228,0.001451817
test_01229,0.9971408
test_01230,0.9971472
test_01231,0.9867244
test_01232,0.0006110165
test_01233,0.99826473
test_01234,0.24130684
test_01235,0.9985337
test_01236,0.99632585
test_01237,0.00068346923
test_01238,0.0019079734
test_01239,0.99855113
test_01240,0.9988153
test_01241,0.9980539
test_01242,0.0018724914
test_01243,0.0021316544
test_01244,0.0008017931
test_01245,0.99908507
test_01246,0.9972247
test_01247,0.9974782
test_01248,0.00089527864
test_01249,0.9990126
test_01250,0.95308614
test_01251,0.9764971
test_01252,0.024418244
test_01253,0.0044112513
test_01254,0.9952053
test_01255,0.9969382
test_01256,0.99563503
test_01257,0.059434667
test_01258,0.0021568108
test_01259,0.005401905
test_01260,0.0024844648
test_01261,0.9966903
test_01262,0.07224752
test_01263,0.9992131
test_01264,0.008850051
test_01265,0.9987863
test_01266,0.001509742
test_01267,0.0013736642
test_01268,0.0008659079
test_01269,0.99027
test_01270,0.989048
test_01271,0.00093830243
test_01272,0.0011348913
test_01273,0.0018473984
test_01274,0.0019420495
test_01275,0.996964
test_01276,0.00080345303
test_01277,0.022144627
test_01278,0.9425294
test_01279,0.026458513
test_01280,0.80692714
test_01281,0.9981179
test_01282,0.99770015
test_01283,0.9985628
test_01284,0.016300835
test_01285,0.085965864
test_01286,0.9911967
test_01287,0.999282
test_01288,0.032032087
test_01289,0.9977279
test_01290,0.99826854
test_01291,0.0016627342
test_01292,0.9543333
test_01293,0.0019345382
test_01294,0.9884591
test_01295,0.9980792
test_01296,0.9859892
test_01297,0.9983075
test_01298,0.17930081
test_01299,0.99880916
test_01300,0.0009870939
test_01301,0.99608064
test_01302,0.99474937
test_01303,0.015887924
test_01304,0.0012752819
test_01305,0.008218234
test_01306,0.0021204944
test_01307,0.9979718
test_01308,0.99883616
test_01309,0.0045368564
test_01310,0.99751353
test_01311,0.001075946
test_01312,0.9990977
test_01313,0.00081923633
test_01314,0.9980606
test_01315,0.0033267303
test_01316,0.94646025
test_01317,0.998054
test_01318,0.0012162583
test_01319,0.0019769892
test_01320,0.15616508
test_01321,0.007534276
test_01322,0.9894453
test_01323,0.0017022467
test_01324,0.0011612416
test_01325,0.99864745
test_01326,0.0026690122
test_01327,0.981791
test_01328,0.9982576
test_01329,0.9991065
test_01330,0.9946357
test_01331,0.0020168684
test_01332,0.9969832
test_01333,0.9901289
test_01334,0.00389683
test_01335,0.9633056
test_01336,0.83167297
test_01337,0.9992218
test_01338,0.9984843
test_01339,0.9902252
test_01340,0.0006157349
test_01341,0.99762905
test_01342,0.9758573
test_01343,0.99506134
test_01344,0.99938524
test_01345,0.99502516
test_01346,0.04057519
test_01347,0.998495
test_01348,0.010168125
test_01349,0.0029768744
test_01350,0.98137414
test_01351,0.99913293
test_01352,0.9990003
test_01353,0.0014974226
test_01354,0.9985573
test_01355,0.9843497
test_01356,0.007592942
test_01357,0.0021848497
test_01358,0.9978975
test_01359,0.42068145
test_01360,0.002876027
test_01361,0.99780333
test_01362,0.0006040351
test_01363,0.99888206
test_01364,0.9531135
test_01365,0.040478624
test_01366,0.0048482474
test_01367,0.99730885
test_01368,0.0074974545
test_01369,0.0014255714
test_01370,0.0042263535
test_01371,0.00081154134
test_01372,0.17496163
test_01373,0.9975811
test_01374,0.9979349
test_01375,0.002288009
test_01376,0.006920507
test_01377,0.0017113289
test_01378,0.0052031074
test_01379,0.00078466296
test_01380,0.026737347
test_01381,0.0019766034
test_01382,0.9941256
test_01383,0.9961382
test_01384,0.9994362
test_01385,0.9906403
test_01386,0.012212848
test_01387,0.0014955644
test_01388,0.0044041057
test_01389,0.0006430889
test_01390,0.011100258
test_01391,0.004243591
test_01392,0.99737537
test_01393,0.9979881
test_01394,0.00087223575
test_01395,0.99496555
test_01396,0.9993266
test_01397,0.7252395
test_01398,0.00486643
test_01399,0.0013451113
test_01400,0.006179512
test_01401,0.0023402688
test_01402,0.0023028436
test_01403,0.87236506
test_01404,0.97987604
test_01405,0.9930204
test_01406,0.0018838062
test_01407,0.9970764
test_01408,0.9990202
test_01409,0.9983016
test_01410,0.9984466
test_01411,0.0011932979
test_01412,0.0013428726
test_01413,0.0008089628
test_01414,0.0034355193
test_01415,0.9515668
test_01416,0.99003553
test_01417,0.0015079901
test_01418,0.98945045
test_01419,0.010746827
test_01420,0.0020057962
test_01421,0.0007148704
test_01422,0.002137606
test_01423,0.9977741
test_01424,0.9981103
test_01425,0.9983771
test_01426,0.9927712
test_01427,0.0015257278
test_01428,0.9970213
test_01429,0.9754964
test_01430,0.1148706
test_01431,0.00083036826
test_01432,0.99578464
test_01433,0.9953548
test_01434,0.9957824
test_01435,0.0048579224
test_01436,0.0016608511
test_01437,0.014874058
test_01438,0.0027738514
test_01439,0.9956211
test_01440,0.9983421
test_01441,0.015199551
test_01442,0.68746024
test_01443,0.0064666923
test_01444,0.0032339264
test_01445,0.999134
test_01446,0.0017830924
test_01447,0.98684615
test_01448,0.9967091
test_01449,0.996441
test_01450,0.99881035
test_01451,0.046528213
test_01452,0.998634
test_01453,0.99795985
test_01454,0.9938271
test_01455,0.9671774
test_01456,0.9897746
test_01457,0.9954729
test_01458,0.99562246
test_01459,0.9942447
test_01460,0.0008843775
test_01461,0.0017823132
test_01462,0.0028272644
test_01463,0.99517035
test_01464,0.002426372
test_01465,0.99057704
test_01466,0.99811107
test_01467,0.998158
test_01468,0.99487877
test_01469,0.0009829676
test_01470,0.008887298
test_01471,0.00482085
test_01472,0.99740136
test_01473,0.001982893
test_01474,0.9976005
test_01475,0.0006823988
test_01476,0.0018462035
test_01477,0.0007437685
test_01478,0.0011709421
test_01479,0.5274396
test_01480,0.9990338
test_01481,0.989309
test_01482,0.0024849204
test_01483,0.57480335
test_01484,0.0008787908
test_01485,0.9860189
test_01486,0.998495
test_01487,0.0022227732
test_01488,0.99924016
test_01489,0.8160645
test_01490,0.984637
test_01491,0.0014037719
test_01492,0.0030984743
test_01493,0.001772892
test_01494,0.002238308
test_01495,0.0079373345
test_01496,0.99178755
test_01497,0.9809669
test_01498,0.996026
test_01499,0.0010480768
test_01500,0.019058054
test_01501,0.08139481
test_01502,0.02564862
test_01503,0.9963364
test_01504,0.99421513
test_01505,0.008315514
test_01506,0.9409549
test_01507,0.99706686
test_01508,0.9951148
test_01509,0.9982974
test_01510,0.72133785
test_01511,0.9981766
test_01512,0.99934006
test_01513,0.99771273
test_01514,0.016484385
test_01515,0.9972644
test_01516,0.005239291
test_01517,0.0014923003
test_01518,0.97157073
test_01519,0.9965963
test_01520,0.99550915
test_01521,0.7421177
test_01522,0.99911225
test_01523,0.99637586
test_01524,0.99666905
test_01525,0.9970025
test_01526,0.00090124324
test_01527,0.9941552
test_01528,0.99689865
test_01529,0.0022422536
test_01530,0.9968598
test_01531,0.0031272266
test_01532,0.9984294
test_01533,0.9896462
test_01534,0.0026662364
test_01535,0.0023370378
test_01536,0.0020215088
test_01537,0.99891293
test_01538,0.0012082867
test_01539,0.99812895
test_01540,0.9565291
test_01541,0.6012916
test_01542,0.9843277
test_01543,0.99834
test_01544,0.0010037217
test_01545,0.99906915
test_01546,0.99740005
test_01547,0.87464476
test_01548,0.0006050666
test_01549,0.999111
test_01550,0.99815214
test_01551,0.0015533597
test_01552,0.9976312
test_01553,0.995927
test_01554,0.0053734044
test_01555,0.9908827
test_01556,0.9989992
test_01557,0.99914515
test_01558,0.9957372
test_01559,0.06941211
test_01560,0.9977649
test_01561,0.0021222252
test_01562,0.00077107653
test_01563,0.9993187
test_01564,0.0008525867
test_01565,0.9981371
test_01566,0.9954854
test_01567,0.0022861438
test_01568,0.001027704
test_01569,0.003925176
test_01570,0.00057790644
test_01571,0.9960809
test_01572,0.9930007
test_01573,0.9766406
test_01574,0.018365951
test_01575,0.0064676194
test_01576,0.9983089
test_01577,0.0025395632
test_01578,0.99655694
test_01579,0.99505484
test_01580,0.0057273186
test_01581,0.9988289
test_01582,0.002266022
test_01583,0.0015544692
test_01584,0.28522858
test_01585,0.0049915407
test_01586,0.9944591
test_01587,0.9975535
test_01588,0.0014376037
test_01589,0.09408453
test_01590,0.9977951
test_01591,0.99626887
test_01592,0.0030376955
test_01593,0.038725235
test_01594,0.99169976
test_01595,0.9987596
test_01596,0.0020720721
test_01597,0.000833295
test_01598,0.01556721
test_01599,0.9950183
test_01600,0.0009733611
test_01601,0.99189645
test_01602,0.0027055026
test_01603,0.9983963
test_01604,0.99932677
test_01605,0.0007453451
test_01606,0.0034095438
test_01607,0.9985148
test_01608,0.9953212
test_01609,0.9966559
test_01610,0.99869174
test_01611,0.005224257
test_01612,0.99871945
test_01613,0.011593711
test_01614,0.0014921734
test_01615,0.99377805
test_01616,0.0013038893
test_01617,0.96266335
test_01618,0.9980546
test_01619,0.0038395906
test_01620,0.0008105128
test_01621,0.3792137
test_01622,0.99875414
test_01623,0.9941268
test_01624,0.14769801
test_01625,0.75964427
test_01626,0.99730945
test_01627,0.9954488
test_01628,0.0032490361
test_01629,0.9965043
test_01630,0.99406284
test_01631,0.99436533
test_01632,0.007528376
test_01633,0.9975084
test_01634,0.0034266692
test_01635,0.83458304
test_01636,0.98989224
test_01637,0.0028437467
test_01638,0.97635436
test_01639,0.36338946
test_01640,0.0015218555
test_01641,0.04612911
test_01642,0.9910526
test_01643,0.029545415
test_01644,0.9887866
test_01645,0.9963444
test_01646,0.245353
test_01647,0.99883276
test_01648,0.99766195
test_01649,0.0021190092
test_01650,0.08748667
test_01651,0.012920731
test_01652,0.99897313
test_01653,0.0021923885
test_01654,0.96643496
test_01655,0.99741375
test_01656,0.9986874
test_01657,0.0010510585
test_01658,0.008206397
test_01659,0.0012376945
test_01660,0.9988284
test_01661,0.004242853
test_01662,0.9935237
test_01663,0.0012436551
test_01664,0.0021581345
test_01665,0.9967735
test_01666,0.001121704
test_01667,0.0007744213
test_01668,0.99744165
test_01669,0.0025213996
test_01670,0.9941431
test_01671,0.9918028
test_01672,0.9934207
test_01673,0.03783359
test_01674,0.0021388023
test_01675,0.0017730347
test_01676,0.9954497
test_01677,0.17799988
test_01678,0.9975138
test_01679,0.99793863
test_01680,0.0012244623
test_01681,0.9953073
test_01682,0.9961678
test_01683,0.00578642
test_01684,0.9978788
test_01685,0.99713993
test_01686,0.99864864
test_01687,0.8959332
test_01688,0.0033386801
test_01689,0.0021285494
test_01690,0.9983885
test_01691,0.11625894
test_01692,0.03403137
test_01693,0.010280638
test_01694,0.0013058332
test_01695,0.04134411
test_01696,0.99850893
test_01697,0.9979404
test_01698,0.9977299
test_01699,0.0013924257
test_01700,0.9958701
test_01701,0.002046892
test_01702,0.006872561
test_01703,0.99121046
test_01704,0.0009523466
test_01705,0.5167508
test_01706,0.99441576
test_01707,0.9922838
test_01708,0.97838724
test_01709,0.9911595
test_01710,0.9975338
test_01711,0.0016863454
test_01712,0.0033747484
test_01713,0.0044664964
test_01714,0.004564094
test_01715,0.99544585
test_01716,0.9989633
test_01717,0.9987586
test_01718,0.004634767
test_01719,0.0008390311
test_01720,0.9957158
test_01721,0.0020848075
test_01722,0.99427676
test_01723,0.002293162
test_01724,0.0015519
test_01725,0.0036679995
test_01726,0.007777403
test_01727,0.9872913
test_01728,0.18734848
test_01729,0.9975027
test_01730,0.0030981696
test_01731,0.0039289454
test_01732,0.0035773828
test_01733,0.9968138
test_01734,0.99566025
test_01735,0.99883115
test_01736,0.99735427
test_01737,0.99450153
test_01738,0.9837812
test_01739,0.17786479
test_01740,0.8637074
test_01741,0.00092524965
test_01742,0.037231706
test_01743,0.9977436
test_01744,0.9809158
test_01745,0.0014909988
test_01746,0.006586547
test_01747,0.9970666
test_01748,0.008187147
test_01749,0.57940614
test_01750,0.99840426
test_01751,0.2661022
test_01752,0.0010963195
test_01753,0.43682778
test_01754,0.0023397424
test_01755,0.9960797
test_01756,0.99404943
test_01757,0.9652964
test_01758,0.0027821665
test_01759,0.016352165
test_01760,0.9990058
test_01761,0.002050402
test_01762,0.0013359453
test_01763,0.005185258
test_01764,0.9980577
test_01765,0.9965757
test_01766,0.0020220065
test_01767,0.0014496505
test_01768,0.007022004
test_01769,0.96403015
test_01770,0.9954864
test_01771,0.0019865753
test_01772,0.01085627
test_01773,0.9989065
test_01774,0.9961171
test_01775,0.990486
test_01776,0.9985336
test_01777,0.99738187
test_01778,0.99867415
test_01779,0.026406791
test_01780,0.005028532
test_01781,0.99734855
test_01782,0.0013241597
test_01783,0.997385
test_01784,0.0021175472
test_01785,0.9960383
test_01786,0.9919318
test_01787,0.0428459
test_01788,0.99786294
test_01789,0.4344329
test_01790,0.00887976
test_01791,0.9978935
test_01792,0.028228447
test_01793,0.012645381
test_01794,0.9860101
test_01795,0.0025978237
test_01796,0.001461499
test_01797,0.0035344933
test_01798,0.992617
test_01799,0.03834156
test_01800,0.99870753
test_01801,0.99886274
test_01802,0.002197126
test_01803,0.99370396
test_01804,0.9985205
test_01805,0.0030109633
test_01806,0.13626939
test_01807,0.9991375
test_01808,0.99858916
test_01809,0.99534357
test_01810,0.9980622
test_01811,0.91471195
test_01812,0.99925685
test_01813,0.0022856821
test_01814,0.006091613
test_01815,0.9957963
test_01816,0.97791374
test_01817,0.0032354407
test_01818,0.9941555
test_01819,0.9874581
test_01820,0.0017514261
test_01821,0.9956449
test_01822,0.5169896
test_01823,0.002243545
test_01824,0.81236774
test_01825,0.003978186
test_01826,0.9983181
test_01827,0.0020368402
test_01828,0.99812615
test_01829,0.007529694
test_01830,0.99901724
test_01831,0.0016372736
test_01832,0.0010578494
test_01833,0.0014182136
test_01834,0.7037468
test_01835,0.566965
test_01836,0.0019895604
test_01837,0.9958061
test_01838,0.0060494496
test_01839,0.9986791
test_01840,0.0013368166
test_01841,0.99744964
test_01842,0.015557636
test_01843,0.0010323448
test_01844,0.99834657
test_01845,0.9970149
test_01846,0.9992696
test_01847,0.99931985
test_01848,0.0036828294
test_01849,0.9973664
test_01850,0.998453
test_01851,0.99459434
test_01852,0.0013366204
test_01853,0.005491487
test_01854,0.0015508819
test_01855,0.002166314
test_01856,0.99019104
test_01857,0.0017940585
test_01858,0.99664843
test_01859,0.8100289
test_01860,0.99727196
test_01861,0.0033964028
test_01862,0.15857461
test_01863,0.9928658
test_01864,0.000784844
test_01865,0.9990485
test_01866,0.01904059
test_01867,0.00090412947
test_01868,0.00061251345
test_01869,0.977933
test_01870,0.0013567446
test_01871,0.9928415
test_01872,0.2788963
test_01873,0.9952314
test_01874,0.13073936
test_01875,0.0009580319
test_01876,0.99757206
test_01877,0.9987979
test_01878,0.11956407
test_01879,0.99922186
test_01880,0.9975632
test_01881,0.9981715
test_01882,0.0052490905
test_01883,0.022300072
test_01884,0.00084148423
test_01885,0.0030352287
test_01886,0.0023872016
test_01887,0.99507856
test_01888,0.0059175063
test_01889,0.0049272007
test_01890,0.99867576
test_01891,0.006833753
test_01892,0.0022323919
test_01893,0.9951564
test_01894,0.036263235
test_01895,0.00444045
test_01896,0.99856126
test_01897,0.0039257933
test_01898,0.998558
test_01899,0.011342792
test_01900,0.9980472
test_01901,0.084394395
test_01902,0.9987836
test_01903,0.004634707
test_01904,0.033269905
test_01905,0.9945491
test_01906,0.0007974524
test_01907,0.9957924
test_01908,0.99521327
test_01909,0.0025313871
test_01910,0.004129881
test_01911,0.001110858
test_01912,0.9981385
test_01913,0.011594371
test_01914,0.99877656
test_01915,0.0029166974
test_01916,0.99906963
test_01917,0.99848366
test_01918,0.99776614
test_01919,0.31915873
test_01920,0.998709
test_01921,0.001385813
test_01922,0.9883814
test_01923,0.6880002
test_01924,0.9815718
test_01925,0.9990048
test_01926,0.0014061815
test_01927,0.9954252
test_01928,0.0009893526
test_01929,0.99842626
test_01930,0.9970686
test_01931,0.0014316137
test_01932,0.99915576
test_01933,0.96920025
test_01934,0.98701155
test_01935,0.003485808
test_01936,0.0011414929
test_01937,0.99881876
test_01938,0.009486995
test_01939,0.99239844
test_01940,0.0009704069
test_01941,0.9952387
test_01942,0.998399
test_01943,0.0126458425
test_01944,0.99651873
test_01945,0.0019786593
test_01946,0.9756106
test_01947,0.0031856678
test_01948,0.0062996214
test_01949,0.0011111584
test_01950,0.99687624
test_01951,0.0023455853
test_01952,0.99634993
test_01953,0.0019094773
test_01954,0.99502254
test_01955,0.019069064
test_01956,0.99790204
test_01957,0.99925613
test_01958,0.011506574
test_01959,0.0009318652
test_01960,0.9909091
test_01961,0.9908123
test_01962,0.0010614652
test_01963,0.024472954
test_01964,0.001257652
test_01965,0.9790869
test_01966,0.001156741
test_01967,0.0032800836
test_01968,0.9989858
test_01969,0.0007641352
test_01970,0.011884931
test_01971,0.99290895
test_01972,0.9984231
test_01973,0.0015562412
test_01974,0.024264788
test_01975,0.9976878
test_01976,0.9990172
test_01977,0.0024758605
test_01978,0.97710276
test_01979,0.0020484945
test_01980,0.0011757402
test_01981,0.0025472697
test_01982,0.0020038115
test_01983,0.024271166
test_01984,0.8370044
test_01985,0.99858546
test_01986,0.97352004
test_01987,0.0024004704
test_01988,0.00060816796
test_01989,0.9285279
test_01990,0.0018014426
test_01991,0.99874735
test_01992,0.00498792
test_01993,0.998407
test_01994,0.03683115
test_01995,0.9972687
test_01996,0.99779665
test_01997,0.99539316
test_01998,0.0036876034
test_01999,0.01713623
test_02000,0.99892217
test_02001,0.0014213462
test_02002,0.0011427047
test_02003,0.9933375
test_02004,0.0007629664
test_02005,0.9932244
test_02006,0.0038685184
test_02007,0.013351407
test_02008,0.018230414
test_02009,0.9887524
test_02010,0.99937767
test_02011,0.9986652
test_02012,0.87564075
test_02013,0.99818873
test_02014,0.002217553
test_02015,0.015780665
test_02016,0.9949839
test_02017,0.00083452556
test_02018,0.9968183
test_02019,0.9892411
test_02020,0.00089660776
test_02021,0.9979713
test_02022,0.20995027
test_02023,0.076001406
test_02024,0.0157207
test_02025,0.998908
test_02026,0.99760956
test_02027,0.0065249307
test_02028,0.9990891
test_02029,0.99642384
test_02030,0.99937665
test_02031,0.75792015
test_02032,0.0023217024
test_02033,0.00082622207
test_02034,0.05952201
test_02035,0.99354553
test_02036,0.0016416973
test_02037,0.00091531745
test_02038,0.9859501
test_02039,0.99851346
test_02040,0.49350458
test_02041,0.99883974
test_02042,0.001178431
test_02043,0.010497968
test_02044,0.0023298154
test_02045,0.9955592
test_02046,0.0013489197
test_02047,0.0036719542
test_02048,0.99267393
test_02049,0.0022416888
test_02050,0.99092275
test_02051,0.99829876
test_02052,0.0037484644
test_02053,0.9962537
test_02054,0.28421178
test_02055,0.99476993
test_02056,0.9978267
test_02057,0.991964
test_02058,0.2235554
test_02059,0.9988209
test_02060,0.99845666
test_02061,0.98945844
test_02062,0.004156906
test_02063,0.0009944814
test_02064,0.9939933
test_02065,0.9973732
test_02066,0.9986247
test_02067,0.0006434527
test_02068,0.016764663
test_02069,0.9713253
test_02070,0.0039349906
test_02071,0.009934604
test_02072,0.9964113
test_02073,0.0025039983
test_02074,0.99838585
test_02075,0.6059699
test_02076,0.018111434
test_02077,0.009715544
test_02078,0.99827623
test_02079,0.002285789
test_02080,0.9981179
test_02081,0.00090334215
test_02082,0.9804759
test_02083,0.0015848904
test_02084,0.0027779548
test_02085,0.009193534
test_02086,0.013661461
test_02087,0.0008805901
test_02088,0.0008128788
test_02089,0.0006826073
test_02090,0.015863327
test_02091,0.0017913629
test_02092,0.0010347739
test_02093,0.00072092965
test_02094,0.999295
test_02095,0.0016323616
test_02096,0.052485205
test_02097,0.0026983456
test_02098,0.8900494
test_02099,0.998779
test_02100,0.9989611
test_02101,0.9828893
test_02102,0.99666846
test_02103,0.0018096666
test_02104,0.0069361674
test_02105,0.99250525
test_02106,0.99889195
test_02107,0.00094375235
test_02108,0.002226909
test_02109,0.00167298
test_02110,0.99525166
test_02111,0.0010451898
test_02112,0.010001157
test_02113,0.9985824
test_02114,0.99366665
test_02115,0.009798752
test_02116,0.99702096
test_02117,0.0030859064
test_02118,0.001909741
test_02119,0.99818236
test_02120,0.0017978713
test_02121,0.9964613
test_02122,0.0014111407
test_02123,0.007850502
test_02124,0.26603633
test_02125,0.95526874
test_02126,0.03194672
test_02127,0.012859986
test_02128,0.0099645015
test_02129,0.96315336
test_02130,0.99904764
test_02131,0.99755585
test_02132,0.9964758
test_02133,0.9947983
test_02134,0.0026615388
test_02135,0.9964916
test_02136,0.9912034
test_02137,0.87070274
test_02138,0.9574133
test_02139,0.9029478
test_02140,0.0007628797
test_02141,0.9983461
test_02142,0.99929976
test_02143,0.0022233643
test_02144,0.34632653
test_02145,0.0028604707
test_02146,0.002764864
test_02147,0.072858326
test_02148,0.99714196
test_02149,0.0034255055
test_02150,0.99864274
test_02151,0.004047081
test_02152,0.003410582
test_02153,0.99894124
test_02154,0.9982985
test_02155,0.9989643
test_02156,0.18828031
test_02157,0.0018709084
test_02158,0.0069784876
test_02159,0.99706864
test_02160,0.9971164
test_02161,0.9890481
test_02162,0.9987654
test_02163,0.0032448098
test_02164,0.0016295088
test_02165,0.024663188
test_02166,0.0013954557
test_02167,0.29124
test_02168,0.007056663
test_02169,0.0013889916
test_02170,0.998588
test_02171,0.0039209924
test_02172,0.9974053
test_02173,0.0015233522
test_02174,0.99184567
test_02175,0.97266304
test_02176,0.002158794
test_02177,0.99719155
test_02178,0.2644697
test_02179,0.9724062
test_02180,0.9989867
test_02181,0.99885964
test_02182,0.005011341
test_02183,0.002769412
test_02184,0.013301328
test_02185,0.9989108
test_02186,0.0018279724
test_02187,0.99445915
test_02188,0.0053764144
test_02189,0.9982428
test_02190,0.99866754
test_02191,0.9985118
test_02192,0.003712526
test_02193,0.0010343235
test_02194,0.9971321
test_02195,0.9895899
test_02196,0.0035303277
test_02197,0.9981974
test_02198,0.0016883715
test_02199,0.18601081
test_02200,0.0015216653
test_02201,0.04484002
test_02202,0.001531957
test_02203,0.0010881418
test_02204,0.01703209
test_02205,0.08877978
test_02206,0.9864049
test_02207,0.1701228
test_02208,0.99795854
test_02209,0.9832318
test_02210,0.005190436
test_02211,0.053380337
test_02212,0.014159313
test_02213,0.99900305
test_02214,0.9983154
test_02215,0.0030231997
test_02216,0.00853323
test_02217,0.001250589
test_02218,0.997784
test_02219,0.006855135
test_02220,0.00569949
test_02221,0.040791966
test_02222,0.9979398
test_02223,0.0056136386
test_02224,0.99727273
test_02225,0.0037734876
test_02226,0.0005695777
test_02227,0.063979775
test_02228,0.9935033
test_02229,0.9985932
test_02230,0.024973119
test_02231,0.026814101
test_02232,0.98806655
test_02233,0.9988327
test_02234,0.0011056607
test_02235,0.98654026
test_02236,0.11651992
test_02237,0.99747485
test_02238,0.0025150417
test_02239,0.99571437
test_02240,0.9820349
test_02241,0.9986255
test_02242,0.0075476374
test_02243,0.003299707
test_02244,0.99922764
test_02245,0.002405921
test_02246,0.99914145
test_02247,0.9975563
test_02248,0.9994647
test_02249,0.9976703
test_02250,0.99673307
test_02251,0.0023544822
test_02252,0.9970083
test_02253,0.9973578
test_02254,0.0052809
test_02255,0.95985746
test_02256,0.0041319164
test_02257,0.99787617
test_02258,0.002919613
test_02259,0.99192226
test_02260,0.010151058
test_02261,0.0013659352
test_02262,0.0032968912
test_02263,0.9955481
test_02264,0.09632161
test_02265,0.9990427
test_02266,0.81163543
test_02267,0.002319071
test_02268,0.003507824
test_02269,0.9986421
test_02270,0.9977951
test_02271,0.0016952375
test_02272,0.0018887513
test_02273,0.99602365
test_02274,0.94333065
test_02275,0.9989474
test_02276,0.9976485
test_02277,0.9954593
test_02278,0.9988186
test_02279,0.9980638
test_02280,0.0018988005
test_02281,0.965842
test_02282,0.006243014
test_02283,0.80848193
test_02284,0.0014520446
test_02285,0.99694353
test_02286,0.0020898776
test_02287,0.0014137084
test_02288,0.032422543
test_02289,0.0011577443
test_02290,0.86985636
test_02291,0.0034082392
test_02292,0.008525814
test_02293,0.061473593
test_02294,0.99907637
test_02295,0.99710155
test_02296,0.9990467
test_02297,0.9978723
test_02298,0.9965092
test_02299,0.99497867
test_02300,0.0013394787
test_02301,0.5564698
test_02302,0.99937886
test_02303,0.99881065
test_02304,0.0016331836
test_02305,0.99896574
test_02306,0.9985057
test_02307,0.024549678
test_02308,0.000752993
test_02309,0.0009950914
test_02310,0.9988563
test_02311,0.99209785
test_02312,0.0015819487
test_02313,0.021218084
test_02314,0.0045041568
test_02315,0.99048567
test_02316,0.9860691
test_02317,0.00080894213
test_02318,0.9976502
test_02319,0.99590087
test_02320,0.5483675
test_02321,0.92466724
test_02322,0.99893343
test_02323,0.009160345
test_02324,0.98857045
test_02325,0.99910736
test_02326,0.010534094
test_02327,0.94104064
test_02328,0.0060291095
test_02329,0.0035688814
test_02330,0.0008519109
test_02331,0.0014579333
test_02332,0.001427779
test_02333,0.010764775
test_02334,0.52955246
test_02335,0.9988497
test_02336,0.9809774
test_02337,0.004229401
test_02338,0.08981402
test_02339,0.9861449
test_02340,0.9975932
test_02341,0.93643403
test_02342,0.0041680248
test_02343,0.9886205
test_02344,0.00080561585
test_02345,0.0009748539
test_02346,0.99895585
test_02347,0.9583391
test_02348,0.99648774
test_02349,0.99653614
test_02350,0.000753677
test_02351,0.0012419231
test_02352,0.0055255448
test_02353,0.001367471
test_02354,0.99675715
test_02355,0.997375
test_02356,0.9969653
test_02357,0.0013722868
test_02358,0.9803097
test_02359,0.99252963
test_02360,0.0030729426
test_02361,0.039716586
test_02362,0.9958663
test_02363,0.99549454
test_02364,0.9982446
test_02365,0.9992969
test_02366,0.0033480725
test_02367,0.9988978
test_02368,0.0012893471
test_02369,0.003061188
test_02370,0.99890435
test_02371,0.9978412
test_02372,0.0012549013
test_02373,0.0033500593
test_02374,0.9959634
test_02375,0.9987984
test_02376,0.86494064
test_02377,0.98328865
test_02378,0.9972359
test_02379,0.00095064886
test_02380,0.9977262
test_02381,0.99773896
test_02382,0.99862695
test_02383,0.0023042036
test_02384,0.0018083804
test_02385,0.9834039
test_02386,0.0009540776
test_02387,0.99895966
test_02388,0.0075495993
test_02389,0.00093444163
test_02390,0.8409908
test_02391,0.0022076378
test_02392,0.9982894
test_02393,0.002041066
test_02394,0.00069974613
test_02395,0.9982094
test_02396,0.002073483
test_02397,0.9950548
test_02398,0.9988351
test_02399,0.0024479493
test_02400,0.99859774
test_02401,0.9934411
test_02402,0.99864817
test_02403,0.11069297
test_02404,0.99858105
test_02405,0.987049
test_02406,0.986235
test_02407,0.9988742
test_02408,0.1026209
test_02409,0.002407523
test_02410,0.0007505973
test_02411,0.99333334
test_02412,0.9825907
test_02413,0.99697137
test_02414,0.9985935
test_02415,0.9989359
test_02416,0.0014874075
test_02417,0.8725296
test_02418,0.000828701
test_02419,0.02006496
test_02420,0.0026156695
test_02421,0.90925
test_02422,0.0012614056
test_02423,0.9977318
test_02424,0.004351916
test_02425,0.0015618316
test_02426,0.9988511
test_02427,0.999086
test_02428,0.000949836
test_02429,0.0020458768
test_02430,0.9944585
test_02431,0.003787317
test_02432,0.25543296
test_02433,0.99811196
test_02434,0.99800074
test_02435,0.2917801
test_02436,0.0012676914
test_02437,0.95061016
test_02438,0.9933003
test_02439,0.99679375
test_02440,0.99776506
test_02441,0.9971044
test_02442,0.0021114154
test_02443,0.9980762
test_02444,0.5595789
test_02445,0.6197269
test_02446,0.0038906764
test_02447,0.75650394
test_02448,0.998709
test_02449,0.0010155244
test_02450,0.99881375
test_02451,0.9983564
test_02452,0.0023847942
test_02453,0.98870933
test_02454,0.9331051
test_02455,0.0022712848
test_02456,0.0008001874
test_02457,0.0067694876
test_02458,0.08106105
test_02459,0.0018765486
test_02460,0.9739574
test_02461,0.9988694
test_02462,0.9987371
test_02463,0.0014358627
test_02464,0.9989698
test_02465,0.0014817071
test_02466,0.0122773815
test_02467,0.0012718609
test_02468,0.9989613
test_02469,0.000733276
test_02470,0.96513116
test_02471,0.998427
test_02472,0.0008376927
test_02473,0.99520564
test_02474,0.0028774706
test_02475,0.0070191603
test_02476,0.00082044455
test_02477,0.9897231
test_02478,0.99917775
test_02479,0.9978016
test_02480,0.99818194
test_02481,0.9955237
test_02482,0.29298696
test_02483,0.0014743974
test_02484,0.8756614
test_02485,0.0007137892
test_02486,0.9985287
test_02487,0.0031027538
test_02488,0.0074311737
test_02489,0.99877775
test_02490,0.9989537
test_02491,0.5920731
test_02492,0.0038451683
test_02493,0.000902776
test_02494,0.9973196
test_02495,0.0015308096
test_02496,0.9973148
test_02497,0.011028349
test_02498,0.9972055
test_02499,0.28614584
test_02500,0.9992026
test_02501,0.0018520841
test_02502,0.0018029421
test_02503,0.9963943
test_02504,0.9989443
test_02505,0.004659143
test_02506,0.000707346
test_02507,0.9992809
test_02508,0.0011149814
test_02509,0.9947424
test_02510,0.0050780424
test_02511,0.995128
test_02512,0.99318635
test_02513,0.9990066
test_02514,0.0007377898
test_02515,0.9984498
test_02516,0.99775016
test_02517,0.0041153515
test_02518,0.0044413973
test_02519,0.98551536
test_02520,0.0011752025
test_02521,0.0025798546
test_02522,0.996886
test_02523,0.00075391104
test_02524,0.9920416
test_02525,0.99777746
test_02526,0.16891307
test_02527,0.99930596
test_02528,0.93431425
test_02529,0.9151274
test_02530,0.9989029
test_02531,0.9969293
test_02532,0.008815931
test_02533,0.99905
test_02534,0.0011495823
test_02535,0.9975413
test_02536,0.9980658
test_02537,0.97384155
test_02538,0.66749555
test_02539,0.99934775
test_02540,0.0025162022
test_02541,0.0063555706
test_02542,0.99814326
test_02543,0.8866565
test_02544,0.97473156
test_02545,0.9987491
test_02546,0.0015877245
test_02547,0.99472654
test_02548,0.02932411
test_02549,0.9983292
test_02550,0.99923027
test_02551,0.0025424054
test_02552,0.58793765
test_02553,0.99807763
test_02554,0.9785621
test_02555,0.072815195
test_02556,0.025699481
test_02557,0.807219
test_02558,0.9975105
test_02559,0.0017672939
test_02560,0.0049785054
test_02561,0.99917126
test_02562,0.0017867284
test_02563,0.9968889
test_02564,0.9849248
test_02565,0.88679355
test_02566,0.56259894
test_02567,0.0072144605
test_02568,0.00075867755
test_02569,0.00828622
test_02570,0.93474776
test_02571,0.0039021564
test_02572,0.92372876
test_02573,0.016768506
test_02574,0.99905527
test_02575,0.04540257
test_02576,0.9973836
test_02577,0.8936869
test_02578,0.99785495
test_02579,0.0015234235
test_02580,0.008811651
test_02581,0.65728134
test_02582,0.0006764739
test_02583,0.53832173
test_02584,0.99912524
test_02585,0.002100249
test_02586,0.99872875
test_02587,0.0077853743
test_02588,0.061005637
test_02589,0.0014463757
test_02590,0.99856204
test_02591,0.99728584
test_02592,0.9714695
test_02593,0.99376833
test_02594,0.9991478
test_02595,0.996989
test_02596,0.0023439105
test_02597,0.9973895
test_02598,0.99703294
test_02599,0.010211507
test_02600,0.9667207
test_02601,0.0032251677
test_02602,0.023227794
test_02603,0.0009326134
test_02604,0.0007308173
test_02605,0.003904968
test_02606,0.9917797
test_02607,0.9967445
test_02608,0.982931
test_02609,0.9984602
test_02610,0.001733292
test_02611,0.93897
test_02612,0.0060992013
test_02613,0.0066845384
test_02614,0.0011877567
test_02615,0.0008682699
test_02616,0.16611129
test_02617,0.9967685
test_02618,0.024748057
test_02619,0.99723554
test_02620,0.00086364377
test_02621,0.99919593
test_02622,0.021729711
test_02623,0.74547446
test_02624,0.99914044
test_02625,0.0010389738
test_02626,0.99777085
test_02627,0.99337006
test_02628,0.0017495349
test_02629,0.0035464193
test_02630,0.99922997
test_02631,0.0013701521
test_02632,0.0034696395
test_02633,0.99865484
test_02634,0.00081494806
test_02635,0.007579406
test_02636,0.0049583237
test_02637,0.99933547
test_02638,0.9977529
test_02639,0.005784133
test_02640,0.9979031
test_02641,0.9979612
test_02642,0.0027774763
test_02643,0.9933135
test_02644,0.0012669585
test_02645,0.0021705509
test_02646,0.0010931483
test_02647,0.0031021356
test_02648,0.00218701
test_02649,0.9953934
test_02650,0.0007305293
test_02651,0.9980295
test_02652,0.03384473
test_02653,0.9971713
test_02654,0.9915948
test_02655,0.006299181
test_02656,0.00078908744
test_02657,0.00853025
test_02658,0.99600434
test_02659,0.9972225
test_02660,0.011279635
test_02661,0.9986353
test_02662,0.0017392092
test_02663,0.001411623
test_02664,0.99635744
test_02665,0.99797225
test_02666,0.99722326
test_02667,0.6254066
test_02668,0.99683774
test_02669,0.004984815
test_02670,0.9950117
test_02671,0.0027972655
test_02672,0.9930049
test_02673,0.999099
test_02674,0.48184454
test_02675,0.89665854
test_02676,0.99799263
test_02677,0.002864366
test_02678,0.99800384
test_02679,0.95658875
test_02680,0.004670333
test_02681,0.0024328765
test_02682,0.006660266
test_02683,0.99731064
test_02684,0.0029369395
test_02685,0.0054462133
test_02686,0.99756384
test_02687,0.0025890463
test_02688,0.99817526
test_02689,0.99663705
test_02690,0.13166614
test_02691,0.16881247
test_02692,0.99899304
test_02693,0.9919903
test_02694,0.998268
test_02695,0.9937393
test_02696,0.97566456
test_02697,0.0039254418
test_02698,0.0016714996
test_02699,0.9988613
test_02700,0.001760015
test_02701,0.0010279189
test_02702,0.8978926
test_02703,0.0028786939
test_02704,0.004497926
test_02705,0.9981872
test_02706,0.0009816727
test_02707,0.9981498
test_02708,0.9958612
test_02709,0.9921229
test_02710,0.99803966
test_02711,0.0006534603
test_02712,0.9975896
test_02713,0.0046740174
test_02714,0.0006569185
test_02715,0.9962742
test_02716,0.0013817319
test_02717,0.99902236
test_02718,0.0012433322
test_02719,0.9635317
test_02720,0.024926675
test_02721,0.00090312096
test_02722,0.0144984145
test_02723,0.99894285
test_02724,0.0009973051
test_02725,0.0056010694
test_02726,0.99337804
test_02727,0.012983243
test_02728,0.0036091134
test_02729,0.0023418008
test_02730,0.99681234
test_02731,0.004216953
test_02732,0.9942589
test_02733,0.889415
test_02734,0.0012249209
test_02735,0.9981404
test_02736,0.00072484533
test_02737,0.9990958
test_02738,0.9976605
test_02739,0.97072613
test_02740,0.99867606
test_02741,0.0007060525
test_02742,0.0016016357
test_02743,0.007833435
test_02744,0.0010260805
test_02745,0.99843144
test_02746,0.51935345
test_02747,0.0012623017
test_02748,0.001830568
test_02749,0.9965
test_02750,0.9889769
test_02751,0.8452693
test_02752,0.810897
test_02753,0.9977671
test_02754,0.0014650746
test_02755,0.99697554
test_02756,0.9972663
test_02757,0.0024108621
test_02758,0.4190251
test_02759,0.8391228
test_02760,0.001528465
test_02761,0.9962422
test_02762,0.004922357
test_02763,0.0018344314
test_02764,0.99428546
test_02765,0.01058488
test_02766,0.2709509
test_02767,0.0009586724
test_02768,0.005494294
test_02769,0.00085924414
test_02770,0.0013355985
test_02771,0.99541724
test_02772,0.8074952
test_02773,0.1474384
test_02774,0.9991324
test_02775,0.9807093
test_02776,0.9938495
test_02777,0.9990841
test_02778,0.006482173
test_02779,0.008120904
test_02780,0.99808264
test_02781,0.98414755
test_02782,0.9481482
test_02783,0.0022134949
test_02784,0.0046276255
test_02785,0.99836206
test_02786,0.0016386036
test_02787,0.001389805
test_02788,0.9981809
test_02789,0.03924467
test_02790,0.0058919652
test_02791,0.014441869
test_02792,0.5872175
test_02793,0.0022296708
test_02794,0.0010698483
test_02795,0.9990448
test_02796,0.99846685
test_02797,0.0034091715
test_02798,0.9979556
test_02799,0.32674342
test_02800,0.003334228
test_02801,0.0017363682
test_02802,0.0011400584
test_02803,0.0016039928
test_02804,0.0070740795
test_02805,0.015487218
test_02806,0.9988091
test_02807,0.0019455208
test_02808,0.16723731
test_02809,0.41773546
test_02810,0.001085131
test_02811,0.0017347174
test_02812,0.26421088
test_02813,0.9979004
test_02814,0.9970082
test_02815,0.007456945
test_02816,0.67770445
test_02817,0.0026835438
test_02818,0.0029014149
test_02819,0.9948244
test_02820,0.0013751577
test_02821,0.9955975
test_02822,0.9960076
test_02823,0.9963662
test_02824,0.0015569672
test_02825,0.9991895
test_02826,0.9988595
test_02827,0.99580324
test_02828,0.9976884
test_02829,0.99903387
test_02830,0.9991276
test_02831,0.999127
test_02832,0.15242472
test_02833,0.050985638
test_02834,0.9836478
test_02835,0.005423061
test_02836,0.99837875
test_02837,0.99931085
test_02838,0.002571192
test_02839,0.9979899
test_02840,0.99536824
test_02841,0.98604894
test_02842,0.9989735
test_02843,0.005683197
test_02844,0.0097314175
test_02845,0.00073774037
test_02846,0.99782443
test_02847,0.99884754
test_02848,0.0016039024
test_02849,0.06546392
test_02850,0.0032801775
test_02851,0.99892163
test_02852,0.0010478859
test_02853,0.000609136
test_02854,0.3192233
test_02855,0.99807596
test_02856,0.0023967046
test_02857,0.99741864
test_02858,0.99749076
test_02859,0.9994502
test_02860,0.01942159
test_02861,0.9979454
test_02862,0.01355729
test_02863,0.0029170273
test_02864,0.9945055
test_02865,0.9987825
test_02866,0.9960121
test_02867,0.9886545
test_02868,0.002987165
test_02869,0.99667776
test_02870,0.99741316
test_02871,0.99588525
test_02872,0.0014008426
test_02873,0.9989908
test_02874,0.99803984
test_02875,0.99885726
test_02876,0.9966962
test_02877,0.006972678
test_02878,0.002482077
test_02879,0.0019085598
test_02880,0.9990152
test_02881,0.0051757125
test_02882,0.0042994106
test_02883,0.9991844
test_02884,0.4303355
test_02885,0.98845136
test_02886,0.006302
test_02887,0.0015020026
test_02888,0.0023763045
test_02889,0.0015657714
test_02890,0.0018438494
test_02891,0.009152525
test_02892,0.0034243593
test_02893,0.0036697194
test_02894,0.001971519
test_02895,0.0330251
test_02896,0.9378451
test_02897,0.04530485
test_02898,0.98813444
test_02899,0.99893826
test_02900,0.9993436
test_02901,0.99907255
test_02902,0.0028999734
test_02903,0.000673523
test_02904,0.0026203557
test_02905,0.9970861
test_02906,0.9971438
test_02907,0.9953338
test_02908,0.019569628
test_02909,0.0049977214
test_02910,0.0015537386
test_02911,0.03150399
test_02912,0.99881506
test_02913,0.012029292
test_02914,0.99913657
test_02915,0.99702597
test_02916,0.99341166
test_02917,0.0007062143
test_02918,0.010575552
test_02919,0.024988262
test_02920,0.006693748
test_02921,0.99849963
test_02922,0.99889165
test_02923,0.0013522096
test_02924,0.0030718097
test_02925,0.002592383
test_02926,0.99361795
test_02927,0.9883481
test_02928,0.9984821
test_02929,0.002021584
test_02930,0.99806714
test_02931,0.98974466
test_02932,0.9188769
test_02933,0.018451102
test_02934,0.08810389
test_02935,0.9793478
test_02936,0.9972562
test_02937,0.0013094371
test_02938,0.34143502
test_02939,0.9987868
test_02940,0.0008901651
test_02941,0.8112925
test_02942,0.0016656396
test_02943,0.96516013
test_02944,0.0012940676
test_02945,0.9460094
test_02946,0.004194422
test_02947,0.06806823
test_02948,0.0013194972
test_02949,0.41989177
test_02950,0.002265465
test_02951,0.002909768
test_02952,0.9983729
test_02953,0.9945493
test_02954,0.99856997
test_02955,0.0033126564
test_02956,0.0014082381
test_02957,0.0016888182
test_02958,0.99621975
test_02959,0.0008185305
test_02960,0.9651058
test_02961,0.052129075
test_02962,0.99925816
test_02963,0.001860711
test_02964,0.9990809
test_02965,0.0028628379
test_02966,0.0022712115
test_02967,0.0018843671
test_02968,0.99809295
test_02969,0.9987643
test_02970,0.12665622
test_02971,0.99914414
test_02972,0.99916804
test_02973,0.0022675362
test_02974,0.38585982
test_02975,0.0006201993
test_02976,0.67318857
test_02977,0.9073417
test_02978,0.9988501
test_02979,0.99751246
test_02980,0.005418402
test_02981,0.99542964
test_02982,0.998592
test_02983,0.9980297
test_02984,0.99793017
test_02985,0.0008386465
test_02986,0.9964398
test_02987,0.019558223
test_02988,0.0011144998
test_02989,0.9951446
test_02990,0.9991025
test_02991,0.9964602
test_02992,0.0012676072
test_02993,0.0028483958
test_02994,0.97318566
test_02995,0.0012692137
test_02996,0.18060239
test_02997,0.17109413
test_02998,0.0027193027
test_02999,0.99789286
test_03000,0.99886274
test_03001,0.9964127
test_03002,0.9991121
test_03003,0.99743474
test_03004,0.0023067233
test_03005,0.001545881
test_03006,0.9954522
test_03007,0.04030963
test_03008,0.0031622648
test_03009,0.0020233896
test_03010,0.99819344
test_03011,0.99893296
test_03012,0.0013103054
test_03013,0.9989226
test_03014,0.99867964
test_03015,0.0015492206
test_03016,0.0029562372
test_03017,0.99583757
test_03018,0.0012848919
test_03019,0.0014065946
test_03020,0.99772537
test_03021,0.002018476
test_03022,0.99880433
test_03023,0.0063100355
test_03024,0.99776924
test_03025,0.0010968173
test_03026,0.0013570557
test_03027,0.0027537025
test_03028,0.0015005916
test_03029,0.0016435087
test_03030,0.072482094
test_03031,0.012405574
test_03032,0.0036968112
test_03033,0.9932029
test_03034,0.0037991758
test_03035,0.004064993
test_03036,0.010356812
test_03037,0.0011608225
test_03038,0.0019181485
test_03039,0.0011316483
test_03040,0.998808
test_03041,0.99857813
test_03042,0.9965961
test_03043,0.99917996
test_03044,0.9989072
test_03045,0.9968356
test_03046,0.97609276
test_03047,0.99708277
test_03048,0.0031086155
test_03049,0.9988518
test_03050,0.0020409618
test_03051,0.0010812732
test_03052,0.029416353
test_03053,0.0041104024
test_03054,0.001955903
test_03055,0.9965648
test_03056,0.99405605
test_03057,0.0012791473
test_03058,0.004190916
test_03059,0.9911934
test_03060,0.99447805
test_03061,0.99821013
test_03062,0.9973769
test_03063,0.0033758716
test_03064,0.9988405
test_03065,0.0046789804
test_03066,0.99884284
test_03067,0.3626151
test_03068,0.7585391
test_03069,0.9988743
test_03070,0.85307837
test_03071,0.9989776
test_03072,0.22798228
test_03073,0.0018986887
test_03074,0.99723357
test_03075,0.998703
test_03076,0.0014886783
test_03077,0.96107304
test_03078,0.04929028
test_03079,0.0074247587
test_03080,0.008002054
test_03081,0.66727626
test_03082,0.99800885
test_03083,0.99506795
test_03084,0.073117904
test_03085,0.009271253
test_03086,0.046500176
test_03087,0.0006636229
test_03088,0.99700874
test_03089,0.0017789617
test_03090,0.9972474
test_03091,0.97989416
test_03092,0.0015577055
test_03093,0.9983603
test_03094,0.9983016
test_03095,0.99455345
test_03096,0.98979115
test_03097,0.0030400944
test_03098,0.0017124434
test_03099,0.9970537
test_03100,0.99701613
test_03101,0.5934364
test_03102,0.99928665
test_03103,0.01112437
test_03104,0.039596293
test_03105,0.0019834938
test_03106,0.0013838565
test_03107,0.0018908901
test_03108,0.0023263062
test_03109,0.0013805765
test_03110,0.0041528987
test_03111,0.0019116839
test_03112,0.002447323
test_03113,0.006885058
test_03114,0.0016665867
test_03115,0.027151393
test_03116,0.9972546
test_03117,0.0016906771
test_03118,0.00882083
test_03119,0.9989767
test_03120,0.0016788205
test_03121,0.001476464
test_03122,0.89259756
test_03123,0.9989246
test_03124,0.9978651
test_03125,0.09871026
test_03126,0.9423691
test_03127,0.92786527
test_03128,0.0015478794
test_03129,0.04252018
test_03130,0.9984559
test_03131,0.0013963404
test_03132,0.9898679
test_03133,0.00737546
test_03134,0.745809
test_03135,0.9962263
test_03136,0.003281858
test_03137,0.19045863
test_03138,0.017241182
test_03139,0.0026714257
test_03140,0.002960401
test_03141,0.99805677
test_03142,0.99905664
test_03143,0.0039025769
test_03144,0.9962207
test_03145,0.9974098
test_03146,0.0040026647
test_03147,0.008153305
test_03148,0.008779643
test_03149,0.3346915
test_03150,0.99936455
test_03151,0.007892039
test_03152,0.98533344
test_03153,0.00077740033
test_03154,0.9988135
test_03155,0.0010921847
test_03156,0.98973465
test_03157,0.00086434116
test_03158,0.9977821
test_03159,0.9965027
test_03160,0.016711019
test_03161,0.0009504051
test_03162,0.9971502
test_03163,0.0061523025
test_03164,0.99890786
test_03165,0.0009056359
test_03166,0.0032711695
test_03167,0.004731468
test_03168,0.0006340249
test_03169,0.002519582
test_03170,0.0017556853
test_03171,0.99142337
test_03172,0.89741564
test_03173,0.9924972
test_03174,0.9986373
test_03175,0.9987702
test_03176,0.99780595
test_03177,0.007084737
test_03178,0.998126
test_03179,0.0045953114
test_03180,0.99587
test_03181,0.99824166
test_03182,0.0016628916
test_03183,0.9946841
test_03184,0.9979496
test_03185,0.99465215
test_03186,0.0021747677
test_03187,0.99490726
test_03188,0.001508101
test_03189,0.99472946
test_03190,0.02718527
test_03191,0.0024151052
test_03192,0.99627024
test_03193,0.0021574162
test_03194,0.9979329
test_03195,0.0017765362
test_03196,0.99916726
test_03197,0.004518184
test_03198,0.0010474641
test_03199,0.00498813
test_03200,0.008832457
test_03201,0.08971746
test_03202,0.0068124672
test_03203,0.006126902
test_03204,0.9971019
test_03205,0.004921446
test_03206,0.0013295034
test_03207,0.99919134
test_03208,0.0022727656
test_03209,0.16353394
test_03210,0.94094086
test_03211,0.0023213518
test_03212,0.9980978
test_03213,0.9980384
test_03214,0.00083369226
test_03215,0.9969994
test_03216,0.084754735
test_03217,0.0009972216
test_03218,0.0021128114
test_03219,0.9982424
test_03220,0.9917073
test_03221,0.94611025
test_03222,0.02298208
test_03223,0.012219312
test_03224,0.99911535
test_03225,0.99887526
test_03226,0.0015760264
test_03227,0.9917389
test_03228,0.99760133
test_03229,0.0013020111
test_03230,0.9378891
test_03231,0.99893475
test_03232,0.9981739
test_03233,0.002265824
test_03234,0.03888429
test_03235,0.18775128
test_03236,0.0011961081
test_03237,0.99517334
test_03238,0.008783385
test_03239,0.0015267404
test_03240,0.0014249261
test_03241,0.0060839043
test_03242,0.00229891
test_03243,0.002424151
test_03244,0.02189624
test_03245,0.9951548
test_03246,0.9933841
test_03247,0.98877835
test_03248,0.0029528616
test_03249,0.9980053
test_03250,0.0027204556
test_03251,0.0012190604
test_03252,0.9986231
test_03253,0.99564624
test_03254,0.00523858
test_03255,0.0019036687
test_03256,0.9986751
test_03257,0.99707294
test_03258,0.00095329015
test_03259,0.9948537
test_03260,0.0012094831
test_03261,0.0028910534
test_03262,0.9984453
test_03263,0.00497405
test_03264,0.30683768
test_03265,0.001610595
test_03266,0.99908423
test_03267,0.9982344
test_03268,0.26463607
test_03269,0.9989531
test_03270,0.0047393874
test_03271,0.0013537863
test_03272,0.9981152
test_03273,0.007180185
test_03274,0.01229097
test_03275,0.033978958
test_03276,0.0025421209
test_03277,0.0020253605
test_03278,0.9973408
test_03279,0.93617773
test_03280,0.99306977
test_03281,0.9977654
test_03282,0.5444558
test_03283,0.00965778
test_03284,0.0044214744
test_03285,0.9947237
test_03286,0.99721
test_03287,0.9988904
test_03288,0.16748735
test_03289,0.9979126
test_03290,0.29517737
test_03291,0.31305408
test_03292,0.63688505
test_03293,0.99926555
test_03294,0.99830407
test_03295,0.001893016
test_03296,0.004311411
test_03297,0.99909604
test_03298,0.001381475
test_03299,0.9974755
test_03300,0.997722
test_03301,0.027485544
test_03302,0.9982101
test_03303,0.0026681093
test_03304,0.00097177713
test_03305,0.9976165
test_03306,0.99892294
test_03307,0.997286
test_03308,0.9991632
test_03309,0.00418006
test_03310,0.99660355
test_03311,0.005510078
test_03312,0.9969341
test_03313,0.0006705602
test_03314,0.0033475354
test_03315,0.97983503
test_03316,0.9973427
test_03317,0.98910564
test_03318,0.9986278
test_03319,0.0021887377
test_03320,0.9990415
test_03321,0.995824
test_03322,0.9984484
test_03323,0.9982815
test_03324,0.0029792017
test_03325,0.0018046971
test_03326,0.01469115
test_03327,0.99807173
test_03328,0.84977806
test_03329,0.006310746
test_03330,0.99691796
test_03331,0.0018643534
test_03332,0.9986001
test_03333,0.20964032
test_03334,0.99748635
test_03335,0.9096689
test_03336,0.00083394756
test_03337,0.0008881026
test_03338,0.0015241884
test_03339,0.9929995
test_03340,0.9971537
test_03341,0.0010305044
test_03342,0.037401263
test_03343,0.0028891503
test_03344,0.98822486
test_03345,0.0026952096
test_03346,0.0017258782
test_03347,0.10433287
test_03348,0.0007795969
test_03349,0.99704623
test_03350,0.9575342
test_03351,0.6731214
test_03352,0.9971945
test_03353,0.033225507
test_03354,0.0015908444
test_03355,0.9699562
test_03356,0.123602346
test_03357,0.9984534
test_03358,0.0008214608
test_03359,0.9986216
test_03360,0.8273565
test_03361,0.0025147754
test_03362,0.9960214
test_03363,0.95483196
test_03364,0.9707657
test_03365,0.9842291
test_03366,0.012669183
test_03367,0.98909974
test_03368,0.47762954
test_03369,0.056325465
test_03370,0.9960388
test_03371,0.9980068
test_03372,0.27900845
test_03373,0.0066728797
test_03374,0.99117464
test_03375,0.0061447555
test_03376,0.99474084
test_03377,0.004569146
test_03378,0.006589139
test_03379,0.99779546
test_03380,0.9992739
test_03381,0.99917483
test_03382,0.9968123
test_03383,0.0017970697
test_03384,0.9898816
test_03385,0.996612
test_03386,0.7200417
test_03387,0.9990725
test_03388,0.0017106347
test_03389,0.99930394
test_03390,0.9855097
test_03391,0.99700636
test_03392,0.54959655
test_03393,0.0020025617
test_03394,0.3044689
test_03395,0.9509997
test_03396,0.0032229929
test_03397,0.002130948
test_03398,0.99881697
test_03399,0.98011005
test_03400,0.0018021902
test_03401,0.00258693
test_03402,0.96618456
test_03403,0.0029764269
test_03404,0.0017004635
test_03405,0.99306935
test_03406,0.00723295
test_03407,0.0010683581
test_03408,0.0063049984
test_03409,0.0057537393
test_03410,0.6504696
test_03411,0.9826581
test_03412,0.99802244
test_03413,0.0039047159
test_03414,0.0011827734
test_03415,0.9915376
test_03416,0.0022070894
test_03417,0.006939417
test_03418,0.005664465
test_03419,0.0013254164
test_03420,0.9968472
test_03421,0.003134326
test_03422,0.9990363
test_03423,0.0019804512
test_03424,0.0017615231
test_03425,0.0025809351
test_03426,0.9953693
test_03427,0.99882495
test_03428,0.0012021055
test_03429,0.99379134
test_03430,0.9991001
test_03431,0.99642026
test_03432,0.0040194015
test_03433,0.99738914
test_03434,0.0009706608
test_03435,0.9949521
test_03436,0.0010334025
test_03437,0.0039061715
test_03438,0.0009280579
test_03439,0.9942579
test_03440,0.9595138
test_03441,0.99694675
test_03442,0.9923433
test_03443,0.99841046
test_03444,0.6101212
test_03445,0.0027509406
test_03446,0.9905853
test_03447,0.99738216
test_03448,0.98343855
test_03449,0.9985957
test_03450,0.9829613
test_03451,0.00067180506
test_03452,0.0013005949
test_03453,0.003963167
test_03454,0.0057811765
test_03455,0.003043163
test_03456,0.0017387627
test_03457,0.014773987
test_03458,0.9981265
test_03459,0.0011915736
test_03460,0.0032288283
test_03461,0.51424295
test_03462,0.9977908
test_03463,0.001688
test_03464,0.99791193
test_03465,0.0019799003
test_03466,0.0031024818
test_03467,0.99766743
test_03468,0.005385858
test_03469,0.000883619
test_03470,0.003215184
test_03471,0.76523703
test_03472,0.9986859
test_03473,0.99800086
test_03474,0.99827105
test_03475,0.99362636
test_03476,0.001996226
test_03477,0.1829342
test_03478,0.0016205641
test_03479,0.001756082
test_03480,0.9984213
test_03481,0.99740255
test_03482,0.9992957
test_03483,0.0008212207
test_03484,0.92626286
test_03485,0.39539057
test_03486,0.9959462
test_03487,0.9979661
test_03488,0.998757
test_03489,0.004952673
test_03490,0.9933181
test_03491,0.9923959
test_03492,0.99896777
test_03493,0.9983819
test_03494,0.0016291821
test_03495,0.010198775
test_03496,0.0017158323
test_03497,0.997989
test_03498,0.99727213
test_03499,0.9983396
test_03500,0.6833008
test_03501,0.0011000193
test_03502,0.0013113329
test_03503,0.018670738
test_03504,0.0020724442
test_03505,0.00096459495
test_03506,0.29132715
test_03507,0.00077011366
test_03508,0.012101561
test_03509,0.032925878
test_03510,0.99281335
test_03511,0.002168669
test_03512,0.9903725
test_03513,0.0068964325
test_03514,0.99659044
test_03515,0.78917074
test_03516,0.0037222411
test_03517,0.99738514
test_03518,0.0024882792
test_03519,0.98417926
test_03520,0.9939087
test_03521,0.9981808
test_03522,0.99435985
test_03523,0.99858177
test_03524,0.005423564
test_03525,0.9961097
test_03526,0.99813986
test_03527,0.98807794
test_03528,0.0009778908
test_03529,0.004551317
test_03530,0.00086535874
test_03531,0.0011885741
test_03532,0.9981911
test_03533,0.00081136584
test_03534,0.9765906
test_03535,0.0017510507
test_03536,0.99510103
test_03537,0.009733756
test_03538,0.011566989
test_03539,0.004227385
test_03540,0.99929714
test_03541,0.0069303894
test_03542,0.011951143
test_03543,0.9922677
test_03544,0.0009415103
test_03545,0.001394507
test_03546,0.9971118
test_03547,0.99376905
test_03548,0.9982396
test_03549,0.016392205
test_03550,0.99809206
test_03551,0.9966608
test_03552,0.98243904
test_03553,0.9993757
test_03554,0.114052795
test_03555,0.0028415367
test_03556,0.027167255
test_03557,0.9983368
test_03558,0.9135967
test_03559,0.0018934393
test_03560,0.9980986
test_03561,0.99890196
test_03562,0.99782956
test_03563,0.9929688
test_03564,0.99870694
test_03565,0.9985847
test_03566,0.00548346
test_03567,0.98574424
test_03568,0.0008156906
test_03569,0.0024171737
test_03570,0.9970539
test_03571,0.0013692678
test_03572,0.9950949
test_03573,0.98595345
test_03574,0.9782225
test_03575,0.9906988
test_03576,0.9971343
test_03577,0.00085273443
test_03578,0.0044827205
test_03579,0.0010717422
test_03580,0.99722457
test_03581,0.00097498967
test_03582,0.9593786
test_03583,0.99253565
test_03584,0.00093254587
test_03585,0.998752
test_03586,0.0009560493
test_03587,0.03424873
test_03588,0.002539466
test_03589,0.37220865
test_03590,0.002450336
test_03591,0.0016200324
test_03592,0.9979118
test_03593,0.99530566
test_03594,0.0017632698
test_03595,0.99589944
test_03596,0.95570683
test_03597,0.0011017213
test_03598,0.86536324
test_03599,0.99875164
test_03600,0.015483934
test_03601,0.9991082
test_03602,0.0007911931
test_03603,0.99671054
test_03604,0.9983679
test_03605,0.99878854
test_03606,0.0023910091
test_03607,0.0022835578
test_03608,0.9965532
test_03609,0.0018277551
test_03610,0.0017954666
test_03611,0.769556
test_03612,0.9856615
test_03613,0.9923699
test_03614,0.0059775366
test_03615,0.9897506
test_03616,0.0013409201
test_03617,0.00062528264
test_03618,0.9989669
test_03619,0.0033716236
test_03620,0.06082565
test_03621,0.002076924
test_03622,0.0014254428
test_03623,0.0021560157
test_03624,0.03268691
test_03625,0.99683607
test_03626,0.093977615
test_03627,0.0033962524
test_03628,0.0014016953
test_03629,0.99850315
test_03630,0.0037593497
test_03631,0.000995621
test_03632,0.9977175
test_03633,0.0015766956
test_03634,0.026166987
test_03635,0.99765295
test_03636,0.008862224
test_03637,0.0014593776
test_03638,0.9758773
test_03639,0.0012785485
test_03640,0.009185543
test_03641,0.47320497
test_03642,0.92806256
test_03643,0.99481463
test_03644,0.0032130377
test_03645,0.99733776
test_03646,0.99358666
test_03647,0.29413316
test_03648,0.74061394
test_03649,0.9988544
test_03650,0.99878645
test_03651,0.002817684
test_03652,0.00084456993
test_03653,0.9977786
test_03654,0.99686885
test_03655,0.9974152
test_03656,0.74091434
test_03657,0.0044329134
test_03658,0.98756576
test_03659,0.9928082
test_03660,0.99900216
test_03661,0.011344709
test_03662,0.99903166
test_03663,0.99745786
test_03664,0.9986609
test_03665,0.9989426
test_03666,0.0056916154
test_03667,0.007375321
test_03668,0.9991467
test_03669,0.99883336
test_03670,0.0023988918
test_03671,0.0006602312
test_03672,0.8795261
test_03673,0.99548656
test_03674,0.03328316
test_03675,0.9935222
test_03676,0.9897911
test_03677,0.9852978
test_03678,0.9886092
test_03679,0.0007528697
test_03680,0.99768704
test_03681,0.0024956306
test_03682,0.9943964
test_03683,0.99775124
test_03684,0.9979235
test_03685,0.9978095
test_03686,0.994786
test_03687,0.60751104
test_03688,0.99892366
test_03689,0.0023300727
test_03690,0.94335127
test_03691,0.99791944
test_03692,0.0021313445
test_03693,0.9929749
test_03694,0.99296457
test_03695,0.0015985039
test_03696,0.000991585
test_03697,0.8088504
test_03698,0.9988722
test_03699,0.99813974
test_03700,0.997093
test_03701,0.0037857064
test_03702,0.998732
test_03703,0.9978965
test_03704,0.0024137103
test_03705,0.0017766668
test_03706,0.0010303978
test_03707,0.99328786
test_03708,0.1602241
test_03709,0.9978968
test_03710,0.010198272
test_03711,0.0011411567
test_03712,0.99177563
test_03713,0.0067168004
test_03714,0.009333869
test_03715,0.9987921
test_03716,0.9969026
test_03717,0.0015324501
test_03718,0.0015283346
test_03719,0.9990015
test_03720,0.0017063399
test_03721,0.0016190311
test_03722,0.0013544932
test_03723,0.0035849642
test_03724,0.9988974
test_03725,0.0007282689
test_03726,0.99706984
test_03727,0.002872664
test_03728,0.056302063
test_03729,0.0041732406
test_03730,0.9991917
test_03731,0.27085024
test_03732,0.3394243
test_03733,0.9883175
test_03734,0.9988221
test_03735,0.002338097
test_03736,0.004401725
test_03737,0.9914553
test_03738,0.6615304
test_03739,0.99893963
test_03740,0.00390591
test_03741,0.0053418195
test_03742,0.585636
test_03743,0.99823976
test_03744,0.9976461
test_03745,0.9975951
test_03746,0.0015314294
test_03747,0.2081844
test_03748,0.0011507538
test_03749,0.99736494
test_03750,0.9975877
test_03751,0.9542687
test_03752,0.99842525
test_03753,0.97332823
test_03754,0.998968
test_03755,0.99908215
test_03756,0.9979533
test_03757,0.0015112926
test_03758,0.9987613
test_03759,0.0014832952
test_03760,0.0066533503
test_03761,0.0009371042
test_03762,0.9941157
test_03763,0.06615173
test_03764,0.99491966
test_03765,0.0012399227
test_03766,0.9987908
test_03767,0.9916508
test_03768,0.0018384554
test_03769,0.0010552944
test_03770,0.99594295
test_03771,0.75784993
test_03772,0.9985621
test_03773,0.002591741
test_03774,0.2781819
test_03775,0.99908257
test_03776,0.0016680115
test_03777,0.003827223
test_03778,0.9989549
test_03779,0.0065893014
test_03780,0.00088341895
test_03781,0.024764284
test_03782,0.0015438441
test_03783,0.0070516816
test_03784,0.003882645
test_03785,0.99900836
test_03786,0.26655662
test_03787,0.0014982445
test_03788,0.0028853645
test_03789,0.0066832327
test_03790,0.4539496
test_03791,0.9264497
test_03792,0.99514735
test_03793,0.006321267
test_03794,0.9921306
test_03795,0.9972789
test_03796,0.9981263
test_03797,0.11120643
test_03798,0.9970672
test_03799,0.0029528309
test_03800,0.99437726
test_03801,0.0018690658
test_03802,0.21964386
test_03803,0.0011477857
test_03804,0.010005743
test_03805,0.7210369
test_03806,0.002003626
test_03807,0.5608255
test_03808,0.9925641
test_03809,0.0031106335
test_03810,0.000756648
test_03811,0.0040801796
test_03812,0.0049969703
test_03813,0.9948047
test_03814,0.0033247094
test_03815,0.9801278
test_03816,0.0011438156
test_03817,0.97204864
test_03818,0.0008022261
test_03819,0.96964395
test_03820,0.9977765
test_03821,0.9984381
test_03822,0.984706
test_03823,0.009120223
test_03824,0.9952444
test_03825,0.727062
test_03826,0.9979413
test_03827,0.0019864775
test_03828,0.9985759
test_03829,0.0029124196
test_03830,0.9965924
test_03831,0.0018290472
test_03832,0.002998162
test_03833,0.0064600515
test_03834,0.9980929
test_03835,0.9982633
test_03836,0.0007605352
test_03837,0.0014514781
test_03838,0.0006197984
test_03839,0.0006497676
test_03840,0.9975693
test_03841,0.9987745
test_03842,0.00085317506
test_03843,0.5595428
test_03844,0.0018906194
test_03845,0.99560624
test_03846,0.99761224
test_03847,0.0012860437
test_03848,0.99891305
test_03849,0.99693084
test_03850,0.022742748
test_03851,0.016354546
test_03852,0.005374659
test_03853,0.9965761
test_03854,0.999161
test_03855,0.014458695
test_03856,0.646317
test_03857,0.002058494
test_03858,0.001652451
test_03859,0.0019461664
test_03860,0.0017831023
test_03861,0.018065142
test_03862,0.999109
test_03863,0.9928927
test_03864,0.9970695
test_03865,0.0041397065
test_03866,0.9969707
test_03867,0.0017124182
test_03868,0.0013168685
test_03869,0.9983803
test_03870,0.98664105
test_03871,0.0010977674
test_03872,0.0022091274
test_03873,0.005094311
test_03874,0.0007726917
test_03875,0.0030873176
test_03876,0.99719656
test_03877,0.0031594932
test_03878,0.9893694
test_03879,0.99845004
test_03880,0.99765396
test_03881,0.002307038
test_03882,0.99844027
test_03883,0.0030956706
test_03884,0.9982573
test_03885,0.00061308744
test_03886,0.0012797599
test_03887,0.0014066185
test_03888,0.99903286
test_03889,0.0053217085
test_03890,0.86485046
test_03891,0.004762099
test_03892,0.03388084
test_03893,0.0014005149
test_03894,0.0008894241
test_03895,0.025543027
test_03896,0.99611926
test_03897,0.99775374
test_03898,0.0017005149
test_03899,0.9884397
test_03900,0.38853425
test_03901,0.0013777851
test_03902,0.002695627
test_03903,0.9939575
test_03904,0.0022347795
test_03905,0.99699396
test_03906,0.0013701364
test_03907,0.99854517
test_03908,0.99389035
test_03909,0.9984108
test_03910,0.0057979594
test_03911,0.9745273
test_03912,0.99304247
test_03913,0.007809833
test_03914,0.00230284
test_03915,0.0009385939
test_03916,0.9989531
test_03917,0.9970965
test_03918,0.86176664
test_03919,0.9994332
test_03920,0.9358115
test_03921,0.008538235
test_03922,0.0063973023
test_03923,0.9981389
test_03924,0.0989512
test_03925,0.00982359
test_03926,0.9971425
test_03927,0.00558405
test_03928,0.0010310847
test_03929,0.9626268
test_03930,0.9780597
test_03931,0.9949194
test_03932,0.0024615943
test_03933,0.0010559106
test_03934,0.9925567
test_03935,0.0006942612
test_03936,0.2803293
test_03937,0.0030764872
test_03938,0.9855273
test_03939,0.002112449
test_03940,0.0052150534
test_03941,0.056569763
test_03942,0.004558586
test_03943,0.008600489
test_03944,0.99775344
test_03945,0.99747217
test_03946,0.1827195
test_03947,0.88692385
test_03948,0.99739593
test_03949,0.99581933
test_03950,0.9918306
test_03951,0.0010718628
test_03952,0.37988615
test_03953,0.99899256
test_03954,0.99880767
test_03955,0.008806584
test_03956,0.0010400417
test_03957,0.99823046
test_03958,0.99934995
test_03959,0.38569546
test_03960,0.0072316504
test_03961,0.99899673
test_03962,0.9949937
test_03963,0.0014031366
test_03964,0.99755895
test_03965,0.0010522852
test_03966,0.0043993127
test_03967,0.001438432
test_03968,0.99618614
test_03969,0.9946132
test_03970,0.99114555
test_03971,0.0034769368
test_03972,0.09085881
test_03973,0.9932648
test_03974,0.004427061
test_03975,0.99885714
test_03976,0.9969002
test_03977,0.9976666
test_03978,0.20215863
test_03979,0.99732053
test_03980,0.9970201
test_03981,0.99908143
test_03982,0.9948716
test_03983,0.9951315
test_03984,0.9967476
test_03985,0.0010691403
test_03986,0.0010800596
test_03987,0.99695605
test_03988,0.99682987
test_03989,0.0016534389
test_03990,0.0008658168
test_03991,0.00094212487
test_03992,0.9941809
test_03993,0.0010701512
test_03994,0.0017993081
test_03995,0.008900243
test_03996,0.9990506
test_03997,0.99080753
test_03998,0.99924576
test_03999,0.9963623
test_04000,0.99849427
test_04001,0.08409148
test_04002,0.9972354
test_04003,0.8647704
test_04004,0.9984211
test_04005,0.0014493004
test_04006,0.0052279076
test_04007,0.0009974376
test_04008,0.99904156
test_04009,0.007054871
test_04010,0.061569694
test_04011,0.0032098228
test_04012,0.002543895
test_04013,0.0008104108
test_04014,0.993806
test_04015,0.99809533
test_04016,0.99833316
test_04017,0.0017861477
test_04018,0.9987242
test_04019,0.9917892
test_04020,0.99663514
test_04021,0.0018243375
test_04022,0.004966121
test_04023,0.6856637
test_04024,0.02171429
test_04025,0.0026145454
test_04026,0.99704635
test_04027,0.002193383
test_04028,0.0051966226
test_04029,0.77341074
test_04030,0.9991336
test_04031,0.0014966388
test_04032,0.004296695
test_04033,0.9958937
test_04034,0.9974166
test_04035,0.651982
test_04036,0.99808145
test_04037,0.9988453
test_04038,0.0011875611
test_04039,0.0010093857
test_04040,0.9990058
test_04041,0.9921901
test_04042,0.9978862
test_04043,0.0051798355
test_04044,0.0037909113
test_04045,0.008655075
test_04046,0.0008925472
test_04047,0.9908751
test_04048,0.9963824
test_04049,0.98351264
test_04050,0.0015431115
test_04051,0.9875216
test_04052,0.99447036
test_04053,0.048161753
test_04054,0.0010809867
test_04055,0.99680555
test_04056,0.998427
test_04057,0.9993261
test_04058,0.99893725
test_04059,0.8678738
test_04060,0.99931276
test_04061,0.034043957
test_04062,0.0008308648
test_04063,0.0011501705
test_04064,0.9991069
test_04065,0.98063636
test_04066,0.9963685
test_04067,0.0008162926
test_04068,0.001449379
test_04069,0.0023042907
test_04070,0.0017783525
test_04071,0.8104037
test_04072,0.0013485239
test_04073,0.0009475881
test_04074,0.0020620795
test_04075,0.9944328
test_04076,0.9946969
test_04077,0.9894244
test_04078,0.99922633
test_04079,0.0012925868
test_04080,0.012161007
test_04081,0.99641824
test_04082,0.00082334544
test_04083,0.12759843
test_04084,0.9959402
test_04085,0.00080257666
test_04086,0.001037783
test_04087,0.9968815
test_04088,0.9937948
test_04089,0.003803505
test_04090,0.9992659
test_04091,0.99846613
test_04092,0.99459165
test_04093,0.9990357
test_04094,0.0013722584
test_04095,0.51677537
test_04096,0.02718779
test_04097,0.99647
test_04098,0.00084780436
test_04099,0.99718606
test_04100,0.9990597
test_04101,0.0007706736
test_04102,0.0015499501
test_04103,0.003242169
test_04104,0.9863778
test_04105,0.0010717922
test_04106,0.0010706265
test_04107,0.012906136
test_04108,0.9897929
test_04109,0.996151
test_04110,0.80186194
test_04111,0.9979161
test_04112,0.003726347
test_04113,0.9987296
test_04114,0.99836576
test_04115,0.990456
test_04116,0.9989317
test_04117,0.9984884
test_04118,0.18962246
test_04119,0.0046742917
test_04120,0.99763054
test_04121,0.20701562
test_04122,0.005928293
test_04123,0.9985852
test_04124,0.99882126
test_04125,0.0007737521
test_04126,0.0017493607
test_04127,0.0016570669
test_04128,0.99905515
test_04129,0.99068236
test_04130,0.0017749484
test_04131,0.000639391
test_04132,0.019841857
test_04133,0.0008972584
test_04134,0.99935174
test_04135,0.99875367
test_04136,0.9417064
test_04137,0.0029197033
test_04138,0.013403855
test_04139,0.9980387
test_04140,0.9986255
test_04141,0.055843726
test_04142,0.9875945
test_04143,0.93340874
test_04144,0.9990937
test_04145,0.9976809
test_04146,0.0012898134
test_04147,0.002006157
test_04148,0.99585307
test_04149,0.85783774
test_04150,0.0010521176
test_04151,0.875566
test_04152,0.32791606
test_04153,0.7554481
test_04154,0.0031438288
test_04155,0.003104472
test_04156,0.9970974
test_04157,0.99880254
test_04158,0.97834396
test_04159,0.0028222487
test_04160,0.9960501
test_04161,0.003901943
test_04162,0.9988843
test_04163,0.0012704984
test_04164,0.6572305
test_04165,0.99905556
test_04166,0.0028558208
test_04167,0.003507637
test_04168,0.0011299334
test_04169,0.9949226
test_04170,0.9990951
test_04171,0.9972508
test_04172,0.0010515425
test_04173,0.9965037
test_04174,0.0025535016
test_04175,0.99105114
test_04176,0.75742173
test_04177,0.001877085
test_04178,0.99448764
test_04179,0.0016198317
test_04180,0.0013745651
test_04181,0.9739777
test_04182,0.99726665
test_04183,0.19173211
test_04184,0.98297584
test_04185,0.9926051
test_04186,0.19848514
test_04187,0.998973
test_04188,0.0032694475
test_04189,0.001619508
test_04190,0.99814165
test_04191,0.9965097
test_04192,0.00456152
test_04193,0.0809939
test_04194,0.21393128
test_04195,0.001862408
test_04196,0.9968487
test_04197,0.00413779
test_04198,0.99850523
test_04199,0.0065702926
test_04200,0.012753772
test_04201,0.99863166
test_04202,0.99650383
test_04203,0.9983877
test_04204,0.06518611
test_04205,0.0010744932
test_04206,0.0012881918
test_04207,0.9946762
test_04208,0.0013571853
test_04209,0.00661965
test_04210,0.999104
test_04211,0.99446094
test_04212,0.9450208
test_04213,0.00092935073
test_04214,0.9978781
test_04215,0.0030592326
test_04216,0.013498544
test_04217,0.9886714
test_04218,0.02080109
test_04219,0.9942078
test_04220,0.0029737344
test_04221,0.992164
test_04222,0.98205864
test_04223,0.9966926
test_04224,0.9979875
test_04225,0.2656124
test_04226,0.9976492
test_04227,0.99850065
test_04228,0.99908644
test_04229,0.99811876
test_04230,0.024219833
test_04231,0.8624091
test_04232,0.9988715
test_04233,0.99825394
test_04234,0.98798084
test_04235,0.9989507
test_04236,0.0012941465
test_04237,0.15375344
test_04238,0.001334205
test_04239,0.99927497
test_04240,0.99760944
test_04241,0.99873704
test_04242,0.9918288
test_04243,0.0018104255
test_04244,0.9984537
test_04245,0.9992255
test_04246,0.9956528
test_04247,0.9980506
test_04248,0.9988637
test_04249,0.9977715
test_04250,0.81812954
test_04251,0.99390155
test_04252,0.0005898309
test_04253,0.0010336194
test_04254,0.0010360964
test_04255,0.9604598
test_04256,0.9985407
test_04257,0.0011921995
test_04258,0.020502247
test_04259,0.9932228
test_04260,0.9474927
test_04261,0.9969499
test_04262,0.10543381
test_04263,0.0048520113
test_04264,0.9987616
test_04265,0.9980718
test_04266,0.0072792033
test_04267,0.002383085
test_04268,0.99735236
test_04269,0.9965994
test_04270,0.0033814996
test_04271,0.003450172
test_04272,0.0012847104
test_04273,0.019014813
test_04274,0.0012976034
test_04275,0.0022739922
test_04276,0.757609
test_04277,0.012442347
test_04278,0.53282666
test_04279,0.0028552958
test_04280,0.003055662
test_04281,0.99875057
test_04282,0.6972957
test_04283,0.0013232174
test_04284,0.0020106607
test_04285,0.9830202
test_04286,0.000977597
test_04287,0.9987346
test_04288,0.001233001
test_04289,0.9988351
test_04290,0.0023130847
test_04291,0.005979577
test_04292,0.17517766
test_04293,0.9964248
test_04294,0.77394307
test_04295,0.0012307459
test_04296,0.9080837
test_04297,0.99607646
test_04298,0.9919108
test_04299,0.00081167696
test_04300,0.00093083543
test_04301,0.9969657
test_04302,0.004293117
test_04303,0.9987031
test_04304,0.99774086
test_04305,0.99526346
test_04306,0.004476824
test_04307,0.9919288
test_04308,0.0005711179
test_04309,0.9605427
test_04310,0.99917495
test_04311,0.99903965
test_04312,0.99882865
test_04313,0.0018807419
test_04314,0.99722576
test_04315,0.9973584
test_04316,0.0062845675
test_04317,0.0034648888
test_04318,0.01039253
test_04319,0.0007441895
test_04320,0.010596857
test_04321,0.99757934
test_04322,0.92168677
test_04323,0.0011469534
test_04324,0.9952174
test_04325,0.9993019
test_04326,0.98119336
test_04327,0.022973072
test_04328,0.00733718
test_04329,0.9981034
test_04330,0.9993347
test_04331,0.9980713
test_04332,0.0018389673
test_04333,0.00067705434
test_04334,0.9986913
test_04335,0.0026687263
test_04336,0.00072248065
test_04337,0.9969647
test_04338,0.99900717
test_04339,0.99722743
test_04340,0.016101317
test_04341,0.9993442
test_04342,0.022243634
test_04343,0.997458
test_04344,0.026522344
test_04345,0.99582005
test_04346,0.0013071351
test_04347,0.03156096
test_04348,0.99911416
test_04349,0.9791782
test_04350,0.9989115
test_04351,0.018300671
test_04352,0.0075274436
test_04353,0.9993553
test_04354,0.0017155707
test_04355,0.9969175
test_04356,0.0009854988
test_04357,0.8356867
test_04358,0.0007131194
test_04359,0.013634786
test_04360,0.097964644
test_04361,0.014445847
test_04362,0.0015936351
test_04363,0.9315605
test_04364,0.9948584
test_04365,0.01185075
test_04366,0.0009777343
test_04367,0.009073654
test_04368,0.0054842113
test_04369,0.4966119
test_04370,0.0010814695
test_04371,0.990451
test_04372,0.36382258
test_04373,0.0047297725
test_04374,0.00497193
test_04375,0.99828756
test_04376,0.0047956225
test_04377,0.0055826423
test_04378,0.99911916
test_04379,0.0021093546
test_04380,0.0018923276
test_04381,0.9991828
test_04382,0.0012749118
test_04383,0.060229734
test_04384,0.9990642
test_04385,0.98974186
test_04386,0.0010329788
test_04387,0.0009948475
test_04388,0.000724267
test_04389,0.0035690542
test_04390,0.9945166
test_04391,0.9981716
test_04392,0.9929899
test_04393,0.9962337
test_04394,0.9987324
test_04395,0.0024574485
test_04396,0.0027848254
test_04397,0.99709
test_04398,0.006499772
test_04399,0.002649983
test_04400,0.0026748874
test_04401,0.022183612
test_04402,0.9981421
test_04403,0.9924644
test_04404,0.0011126032
test_04405,0.99795693
test_04406,0.9983693
test_04407,0.0015312316
test_04408,0.99924743
test_04409,0.9979483
test_04410,0.98917085
test_04411,0.99882853
test_04412,0.90196097
test_04413,0.9966675
test_04414,0.995728
test_04415,0.0013052952
test_04416,0.034254663
test_04417,0.009941484
test_04418,0.0011595249
test_04419,0.0032823607
test_04420,0.0016436216
test_04421,0.98569113
test_04422,0.0007035918
test_04423,0.026547667
test_04424,0.0414533
test_04425,0.99352133
test_04426,0.11402899
test_04427,0.997756
test_04428,0.0039002947
test_04429,0.9991089
test_04430,0.92828274
test_04431,0.99793774
test_04432,0.0020347617
test_04433,0.00066230237
test_04434,0.9974929
test_04435,0.011929544
test_04436,0.0010889075
test_04437,0.9991103
test_04438,0.9683872
test_04439,0.0022264854
test_04440,0.9966353
test_04441,0.9991361
test_04442,0.9959509
test_04443,0.0052505713
test_04444,0.6716609
test_04445,0.99877006
test_04446,0.002106746
test_04447,0.99827415
test_04448,0.002658913
test_04449,0.9654855
test_04450,0.99917555
test_04451,0.003296644
test_04452,0.0031408207
test_04453,0.99429
test_04454,0.010562992
test_04455,0.920903
test_04456,0.0027473387
test_04457,0.207436
test_04458,0.99902576
test_04459,0.5875876
test_04460,0.0025333427
test_04461,0.9922149
test_04462,0.042346675
test_04463,0.99505836
test_04464,0.9958258
test_04465,0.5250491
test_04466,0.004457243
test_04467,0.9993496
test_04468,0.007002192
test_04469,0.0032660635
test_04470,0.029042944
test_04471,0.95757055
test_04472,0.9913409
test_04473,0.0012057321
test_04474,0.069734864
test_04475,0.0022297532
test_04476,0.0030285707
test_04477,0.06217912
test_04478,0.9989883
test_04479,0.98159003
test_04480,0.99636114
test_04481,0.9967928
test_04482,0.0032636267
test_04483,0.9984442
test_04484,0.73634255
test_04485,0.99873656
test_04486,0.9724585
test_04487,0.023992736
test_04488,0.9829142
test_04489,0.0011945434
test_04490,0.5840274
test_04491,0.15913546
test_04492,0.005656311
test_04493,0.071433514
test_04494,0.01493527
test_04495,0.992893
test_04496,0.0023460179
test_04497,0.0011460799
test_04498,0.0036859391
test_04499,0.0023443045
test_04500,0.9917135
test_04501,0.0018213742
test_04502,0.9974833
test_04503,0.0026342846
test_04504,0.0029109856
test_04505,0.0056819087
test_04506,0.99836564
test_04507,0.0026228637
test_04508,0.0012580309
test_04509,0.0027366774
test_04510,0.003320605
test_04511,0.0020295945
test_04512,0.99881405
test_04513,0.010775922
test_04514,0.9974408
test_04515,0.0020440316
test_04516,0.9549644
test_04517,0.99121964
test_04518,0.0009620765
test_04519,0.03234213
test_04520,0.00251394
test_04521,0.99248374
test_04522,0.9988531
test_04523,0.0036353415
test_04524,0.9965759
test_04525,0.0038510528
test_04526,0.99930143
test_04527,0.24072248
test_04528,0.9959334
test_04529,0.00115871
test_04530,0.0025966829
test_04531,0.16467187
test_04532,0.9948212
test_04533,0.0030065365
test_04534,0.009563359
test_04535,0.9525314
test_04536,0.0020764254
test_04537,0.0015139242
test_04538,0.8606422
test_04539,0.9985346
test_04540,0.99778837
test_04541,0.9988712
test_04542,0.7779929
test_04543,0.0009506805
test_04544,0.9861136
test_04545,0.99911547
test_04546,0.99772245
test_04547,0.9976287
test_04548,0.9978827
test_04549,0.0010279834
test_04550,0.9980815
test_04551,0.9977268
test_04552,0.058457352
test_04553,0.0024256345
test_04554,0.021473603
test_04555,0.009673234
test_04556,0.11706895
test_04557,0.0016709785
test_04558,0.00073414046
test_04559,0.00078845344
test_04560,0.0013111791
test_04561,0.0014861119
test_04562,0.014803672
test_04563,0.9983146
test_04564,0.0011834345
test_04565,0.9991634
test_04566,0.001029663
test_04567,0.99652344
test_04568,0.06335282
test_04569,0.9975684
test_04570,0.002376019
test_04571,0.0010489662
test_04572,0.99891496
test_04573,0.9974483
test_04574,0.0015588859
test_04575,0.99778444
test_04576,0.9949431
test_04577,0.998111
test_04578,0.99892664
test_04579,0.012346854
test_04580,0.0013818304
test_04581,0.005620813
test_04582,0.0013249719
test_04583,0.99911356
test_04584,0.72733885
test_04585,0.8943672
test_04586,0.0014223496
test_04587,0.95100677
test_04588,0.9848756
test_04589,0.99692714
test_04590,0.9936639
test_04591,0.9976645
test_04592,0.00130794
test_04593,0.9395992
test_04594,0.0030054096
test_04595,0.99792653
test_04596,0.001456178
test_04597,0.0022658082
test_04598,0.0053545083
test_04599,0.8452015
test_04600,0.0008996396
test_04601,0.008738149
test_04602,0.036711033
test_04603,0.9978156
test_04604,0.0035063995
test_04605,0.99903274
test_04606,0.8590759
test_04607,0.008546502
test_04608,0.0008555817
test_04609,0.9970093
test_04610,0.004102646
test_04611,0.99925673
test_04612,0.9933628
test_04613,0.99162215
test_04614,0.9991759
test_04615,0.99884593
test_04616,0.9965087
test_04617,0.0025153304
test_04618,0.99853754
test_04619,0.74571884
test_04620,0.018203247
test_04621,0.9979837
test_04622,0.9986844
test_04623,0.9989263
test_04624,0.9988586
test_04625,0.99923277
test_04626,0.0008175729
test_04627,0.005414405
test_04628,0.98971754
test_04629,0.99887794
test_04630,0.9951359
test_04631,0.9985812
test_04632,0.001734697
test_04633,0.010469772
test_04634,0.9799284
test_04635,0.9974678
test_04636,0.99168086
test_04637,0.9934148
test_04638,0.9944079
test_04639,0.9985806
test_04640,0.9983204
test_04641,0.9907496
test_04642,0.1923452
test_04643,0.9842795
test_04644,0.0035723587
test_04645,0.9972295
test_04646,0.0136461025
test_04647,0.9981926
test_04648,0.9006628
test_04649,0.9917226
test_04650,0.0021043937
test_04651,0.99633855
test_04652,0.0016647659
test_04653,0.9974882
test_04654,0.0063716155
test_04655,0.039594144
test_04656,0.0024125776
test_04657,0.99718785
test_04658,0.998086
test_04659,0.9981058
test_04660,0.26452193
test_04661,0.0018542294
test_04662,0.003954661
test_04663,0.005937419
test_04664,0.0009936058
test_04665,0.99905187
test_04666,0.0021730992
test_04667,0.9975339
test_04668,0.0026279371
test_04669,0.9936179
test_04670,0.9976915
test_04671,0.011100858
test_04672,0.0028777646
test_04673,0.017457118
test_04674,0.0010915638
test_04675,0.08295895
test_04676,0.002349545
test_04677,0.9953496
test_04678,0.9678942
test_04679,0.0026749158
test_04680,0.9809879
test_04681,0.9986752
test_04682,0.0007718723
test_04683,0.003441858
test_04684,0.0043502618
test_04685,0.9969966
test_04686,0.9993211
test_04687,0.9974195
test_04688,0.12739803
test_04689,0.97362494
test_04690,0.98933375
test_04691,0.0040367837
test_04692,0.00218087
test_04693,0.99831855
test_04694,0.7184327
test_04695,0.0006377499
test_04696,0.99927336
test_04697,0.0028997678
test_04698,0.0033321052
test_04699,0.0026600251
test_04700,0.99910927
test_04701,0.09802695
test_04702,0.05476127
test_04703,0.9972608
test_04704,0.0008536977
test_04705,0.010032107
test_04706,0.00086069346
test_04707,0.99751616
test_04708,0.0012218751
test_04709,0.005260613
test_04710,0.89543265
test_04711,0.99290615
test_04712,0.9986831
test_04713,0.9902999
test_04714,0.0019085002
test_04715,0.99859726
test_04716,0.0010266225
test_04717,0.0019898615
test_04718,0.0036330447
test_04719,0.0018994968
test_04720,0.99931705
test_04721,0.99767727
test_04722,0.9967382
test_04723,0.98898816
test_04724,0.9992232
test_04725,0.9990646
test_04726,0.73477465
test_04727,0.99584496
test_04728,0.9980433
test_04729,0.0015906768
test_04730,0.00073028554
test_04731,0.0008688045
test_04732,0.99281836
test_04733,0.0007437583
test_04734,0.9976248
test_04735,0.99789906
test_04736,0.0534885
test_04737,0.0010738387
test_04738,0.0028795234
test_04739,0.005066175
test_04740,0.99707514
test_04741,0.9856869
test_04742,0.9972464
test_04743,0.9783894
test_04744,0.9983227
test_04745,0.99363893
test_04746,0.0019885995
test_04747,0.005488825
test_04748,0.36496848
test_04749,0.99721014
test_04750,0.7998282
test_04751,0.9983543
test_04752,0.0016896243
test_04753,0.9963824
test_04754,0.002160322
test_04755,0.01280183
test_04756,0.0016232682
test_04757,0.003156898
test_04758,0.001034466
test_04759,0.9980657
test_04760,0.99511087
test_04761,0.5192248
test_04762,0.001589023
test_04763,0.0041209804
test_04764,0.9827445
test_04765,0.9949743
test_04766,0.005275874
test_04767,0.99910855
test_04768,0.0049863444
test_04769,0.9976865
test_04770,0.99620104
test_04771,0.001729558
test_04772,0.8743089
test_04773,0.998205
test_04774,0.0009155663
test_04775,0.9861048
test_04776,0.9949676
test_04777,0.00170909
test_04778,0.00093338115
test_04779,0.5636485
test_04780,0.9885817
test_04781,0.112525426
test_04782,0.002112805
test_04783,0.9987483
test_04784,0.0023961223
test_04785,0.9955689
test_04786,0.00096833217
test_04787,0.99642676
test_04788,0.0011870966
test_04789,0.0026805385
test_04790,0.9950598
test_04791,0.0016780546
test_04792,0.997125
test_04793,0.99824345
test_04794,0.0034511208
test_04795,0.0024027883
test_04796,0.030053668
test_04797,0.99881625
test_04798,0.859316
test_04799,0.0028335282
test_04800,0.99778545
test_04801,0.9991678
test_04802,0.0094448645
test_04803,0.99905854
test_04804,0.996405
test_04805,0.0031635966
test_04806,0.9049878
test_04807,0.035476748
test_04808,0.9991957
test_04809,0.9990877
test_04810,0.024345668
test_04811,0.0030616391
test_04812,0.9959646
test_04813,0.9988435
test_04814,0.0007445749
test_04815,0.9987163
test_04816,0.02346854
test_04817,0.001738521
test_04818,0.001810465
test_04819,0.0062713623
test_04820,0.0022012629
test_04821,0.9988306
test_04822,0.9965365
test_04823,0.99898577
test_04824,0.0013473611
test_04825,0.008973044
test_04826,0.9992914
test_04827,0.0018564817
test_04828,0.6593617
test_04829,0.99900585
test_04830,0.0031931524
test_04831,0.093720764
test_04832,0.99678725
test_04833,0.0036490466
test_04834,0.0024375813
test_04835,0.9987979
test_04836,0.00066404144
test_04837,0.9845292
test_04838,0.0024533272
test_04839,0.001879211
test_04840,0.0010209292
test_04841,0.00799993
test_04842,0.9926616
test_04843,0.0038467739
test_04844,0.002304771
test_04845,0.9989463
test_04846,0.0050187325
test_04847,0.98987085
test_04848,0.99849814
test_04849,0.9992609
test_04850,0.9983516
test_04851,0.99807084
test_04852,0.99187094
test_04853,0.0037784283
test_04854,0.013712734
test_04855,0.9959947
test_04856,0.0019328012
test_04857,0.012344543
test_04858,0.9980302
test_04859,0.0016114396
test_04860,0.0021995245
test_04861,0.9981367
test_04862,0.005675062
test_04863,0.046222616
test_04864,0.988593
test_04865,0.0047199274
test_04866,0.002305303
test_04867,0.0068807034
test_04868,0.0013505131
test_04869,0.33656177
test_04870,0.99479276
test_04871,0.9990643
test_04872,0.9956871
test_04873,0.99464625
test_04874,0.0019020488
test_04875,0.90300643
test_04876,0.0010926599
test_04877,0.20522334
test_04878,0.0045656175
test_04879,0.7704858
test_04880,0.004863562
test_04881,0.001192676
test_04882,0.99688095
test_04883,0.986489
test_04884,0.0050573437
test_04885,0.0011827033
test_04886,0.997275
test_04887,0.004417608
test_04888,0.007845529
test_04889,0.99618435
test_04890,0.013681909
test_04891,0.9752145
test_04892,0.6951177
test_04893,0.9835986
test_04894,0.0036769563
test_04895,0.0007678837
test_04896,0.0027978583
test_04897,0.0024467323
test_04898,0.0005972567
test_04899,0.0009471504
test_04900,0.99486136
test_04901,0.9923948
test_04902,0.0013509325
test_04903,0.9983882
test_04904,0.9991248
test_04905,0.07354239
test_04906,0.9987619
test_04907,0.9973719
test_04908,0.021555047
test_04909,0.9982023
test_04910,0.9982687
test_04911,0.9930974
test_04912,0.9979631
test_04913,0.9966711
test_04914,0.001744668
test_04915,0.9983056
test_04916,0.004601755
test_04917,0.99884224
test_04918,0.9969628
test_04919,0.0037662378
test_04920,0.70631415
test_04921,0.99321413
test_04922,0.00093612145
test_04923,0.0026525352
test_04924,0.0026607602
test_04925,0.9960818
test_04926,0.99875444
test_04927,0.00096660544
test_04928,0.0010302438
test_04929,0.99925184
test_04930,0.004221613
test_04931,0.9992562
test_04932,0.99878794
test_04933,0.99794084
test_04934,0.018103251
test_04935,0.0010245099
test_04936,0.99880564
test_04937,0.0011143417
test_04938,0.0030523902
test_04939,0.9985012
test_04940,0.99836373
test_04941,0.99876994
test_04942,0.0276612
test_04943,0.9991828
test_04944,0.99839485
test_04945,0.0037343483
test_04946,0.0012795276
test_04947,0.99630404
test_04948,0.99908185
test_04949,0.97995067
test_04950,0.0028934854
test_04951,0.004447936
test_04952,0.9987165
test_04953,0.0020809253
test_04954,0.99786884
test_04955,0.9970766
test_04956,0.9966737
test_04957,0.9983275
test_04958,0.0008139573
test_04959,0.008268051
test_04960,0.9989563
test_04961,0.119284116
test_04962,0.9959173
test_04963,0.001291622
test_04964,0.12195879
test_04965,0.99929917
test_04966,0.999097
test_04967,0.36099535
test_04968,0.13645785
test_04969,0.9929056
test_04970,0.99441147
test_04971,0.99898803
test_04972,0.0015048566
test_04973,0.99908614
test_04974,0.9955621
test_04975,0.11064885
test_04976,0.0036916991
test_04977,0.0010692434
test_04978,0.03443339
test_04979,0.0007135035
test_04980,0.9953821
test_04981,0.9991895
test_04982,0.99910164
test_04983,0.002668183
test_04984,0.78656447
test_04985,0.9901128
test_04986,0.0005829249
test_04987,0.9984057
test_04988,0.008542513
test_04989,0.0051697036
test_04990,0.9982141
test_04991,0.0025350235
test_04992,0.0031946085
test_04993,0.99570626
test_04994,0.0012887407
test_04995,0.9976429
test_04996,0.009579672
test_04997,0.002179752
test_04998,0.0032817912
test_04999,0.0024568045
test_05000,0.9941349
test_05001,0.99842143
test_05002,0.04843375
test_05003,0.99736273
test_05004,0.0021068458
test_05005,0.9969975
test_05006,0.0024565882
test_05007,0.82508945
test_05008,0.9988482
test_05009,0.9964856
test_05010,0.004283922
test_05011,0.086851984
test_05012,0.9987215
test_05013,0.9938486
test_05014,0.9887785
test_05015,0.9988146
test_05016,0.0012603706
test_05017,0.99811566
test_05018,0.003600055
test_05019,0.0020340641
test_05020,0.99753475
test_05021,0.008430048
test_05022,0.9987911
test_05023,0.9979584
test_05024,0.9959197
test_05025,0.002404741
test_05026,0.9993062
test_05027,0.9712453
test_05028,0.9986789
test_05029,0.9984689
test_05030,0.9950837
test_05031,0.007069651
test_05032,0.9983567
test_05033,0.9975498
test_05034,0.014622908
test_05035,0.0037744937
test_05036,0.9571395
test_05037,0.99902564
test_05038,0.0013661582
test_05039,0.9987747
test_05040,0.0013870791
test_05041,0.99827707
test_05042,0.99658155
test_05043,0.99717844
test_05044,0.9828588
test_05045,0.9926445
test_05046,0.0020687731
test_05047,0.99796784
test_05048,0.0067589805
test_05049,0.9991321
test_05050,0.0011861175
test_05051,0.013337614
test_05052,0.99934757
test_05053,0.99870706
test_05054,0.0007915993
test_05055,0.0022996014
test_05056,0.88393116
test_05057,0.9970557
test_05058,0.99858594
test_05059,0.0016895737
test_05060,0.9976567
test_05061,0.99919224
test_05062,0.002023063
test_05063,0.99883765
test_05064,0.9947416
test_05065,0.0014271935
test_05066,0.0037259893
test_05067,0.9985877
test_05068,0.997592
test_05069,0.99502796
test_05070,0.6127672
test_05071,0.0016644846
test_05072,0.043717794
test_05073,0.001087299
test_05074,0.008990091
test_05075,0.9987779
test_05076,0.99778646
test_05077,0.00072155637
test_05078,0.9962039
test_05079,0.001351919
test_05080,0.998836
test_05081,0.010454563
test_05082,0.0035063645
test_05083,0.95028937
test_05084,0.98575103
test_05085,0.99364066
test_05086,0.9988797
test_05087,0.18872915
test_05088,0.9931841
test_05089,0.0032273931
test_05090,0.10789412
test_05091,0.9982622
test_05092,0.0020351883
test_05093,0.0016595302
test_05094,0.0337013
test_05095,0.9964762
test_05096,0.18041602
test_05097,0.99761796
test_05098,0.004543372
test_05099,0.99070513
test_05100,0.0016652766
test_05101,0.0011674406
test_05102,0.004318961
test_05103,0.99660933
test_05104,0.0034031305
test_05105,0.9894436
test_05106,0.9755225
test_05107,0.0024903957
test_05108,0.002816489
test_05109,0.00092911156
test_05110,0.98716146
test_05111,0.9930651
test_05112,0.9972023
test_05113,0.0013884947
test_05114,0.19300562
test_05115,0.004003826
test_05116,0.024901958
test_05117,0.9962878
test_05118,0.0015813685
test_05119,0.9981439
test_05120,0.99745154
test_05121,0.0011517387
test_05122,0.0040236823
test_05123,0.0040522846
test_05124,0.0029975525
test_05125,0.9936049
test_05126,0.99660784
test_05127,0.9979999
test_05128,0.0013599435
test_05129,0.6813913
test_05130,0.002764644
test_05131,0.0037931283
test_05132,0.0035416104
test_05133,0.030633364
test_05134,0.83669746
test_05135,0.003494515
test_05136,0.76709974
test_05137,0.99518496
test_05138,0.9336627
test_05139,0.9970574
test_05140,0.99907386
test_05141,0.9324099
test_05142,0.992767
test_05143,0.99923754
test_05144,0.9430451
test_05145,0.9988407
test_05146,0.99805176
test_05147,0.99213904
test_05148,0.005394146
test_05149,0.0052066147
test_05150,0.0052541113
test_05151,0.997608
test_05152,0.99775887
test_05153,0.0009388714
test_05154,0.0030767454
test_05155,0.040444586
test_05156,0.9953109
test_05157,0.002442052
test_05158,0.9982689
test_05159,0.01440933
test_05160,0.8737569
test_05161,0.9991574
test_05162,0.008185453
test_05163,0.0033574132
test_05164,0.0041383076
test_05165,0.0015014148
test_05166,0.99688077
test_05167,0.91438806
test_05168,0.9906883
test_05169,0.99636835
test_05170,0.001040735
test_05171,0.99625945
test_05172,0.9976909
test_05173,0.010393091
test_05174,0.9923197
test_05175,0.004239773
test_05176,0.0034450882
test_05177,0.9955877
test_05178,0.98804903
test_05179,0.0007948572
test_05180,0.0034260445
test_05181,0.0009691165
test_05182,0.0010869396
test_05183,0.0059557054
test_05184,0.9944552
test_05185,0.9982436
test_05186,0.999351
test_05187,0.9950253
test_05188,0.9986476
test_05189,0.0014194491
test_05190,0.9306295
test_05191,0.9972759
test_05192,0.0015326507
test_05193,0.0010346731
test_05194,0.80039966
test_05195,0.027391464
test_05196,0.000865054
test_05197,0.002595997
test_05198,0.99750894
test_05199,0.985894
test_05200,0.99778765
test_05201,0.99245155
test_05202,0.9609701
test_05203,0.9888646
test_05204,0.0009565262
test_05205,0.0019469252
test_05206,0.9990277
test_05207,0.0016248578
test_05208,0.9989815
test_05209,0.00078435417
test_05210,0.99797356
test_05211,0.99680036
test_05212,0.9991509
test_05213,0.0187566
test_05214,0.0069055995
test_05215,0.99703074
test_05216,0.978781
test_05217,0.9925966
test_05218,0.99293697
test_05219,0.0383681
test_05220,0.9946728
test_05221,0.0014446852
test_05222,0.0008230307
test_05223,0.9991885
test_05224,0.0015300715
test_05225,0.9990771
test_05226,0.003372769
test_05227,0.9991838
test_05228,0.6015512
test_05229,0.043577105
test_05230,0.706816
test_05231,0.004406021
test_05232,0.0029527103
test_05233,0.6301941
test_05234,0.0025799111
test_05235,0.99790955
test_05236,0.48884994
test_05237,0.7930505
test_05238,0.0014934572
test_05239,0.9983678
test_05240,0.9025903
test_05241,0.053668063
test_05242,0.9983822
test_05243,0.9987586
test_05244,0.2107573
test_05245,0.00486447
test_05246,0.035798684
test_05247,0.0017793948
test_05248,0.0019897167
test_05249,0.10257471
test_05250,0.94881415
test_05251,0.9985975
test_05252,0.0016735767
test_05253,0.0011702604
test_05254,0.9971986
test_05255,0.86047196
test_05256,0.0031371438
test_05257,0.9835084
test_05258,0.027356483
test_05259,0.0009997392
test_05260,0.9957112
test_05261,0.99657166
test_05262,0.99739796
test_05263,0.99846333
test_05264,0.98135245
test_05265,0.00079771655
test_05266,0.9984126
test_05267,0.9940712
test_05268,0.9782715
test_05269,0.9922185
test_05270,0.8480555
test_05271,0.9232826
test_05272,0.9973262
test_05273,0.0019956126
test_05274,0.0028576958
test_05275,0.0132207265
test_05276,0.99396646
test_05277,0.11272241
test_05278,0.98799855
test_05279,0.006697621
test_05280,0.07159792
test_05281,0.9987035
test_05282,0.0012150352
test_05283,0.9975511
test_05284,0.9556762
test_05285,0.0056394413
test_05286,0.99867964
test_05287,0.0017739772
test_05288,0.99693215
test_05289,0.99773604
test_05290,0.99401355
test_05291,0.001160002
test_05292,0.9990786
test_05293,0.0027944543
test_05294,0.9899008
test_05295,0.99894774
test_05296,0.0032987278
test_05297,0.0019038162
test_05298,0.9882755
test_05299,0.9968054
test_05300,0.045876283
test_05301,0.0010844335
test_05302,0.0010469164
test_05303,0.9980991
test_05304,0.0048871944
test_05305,0.99871826
test_05306,0.122988485
test_05307,0.99733627
test_05308,0.9960629
test_05309,0.001070486
test_05310,0.0044812113
test_05311,0.9984028
test_05312,0.9982296
test_05313,0.998457
test_05314,0.9964011
test_05315,0.0019182056
test_05316,0.99581516
test_05317,0.9990518
test_05318,0.0036604006
test_05319,0.9990957
test_05320,0.9991034
test_05321,0.99885666
test_05322,0.029473625
test_05323,0.68916476
test_05324,0.9971405
test_05325,0.9967555
test_05326,0.9991615
test_05327,0.9960221
test_05328,0.004779087
test_05329,0.9989942
test_05330,0.0011657694
test_05331,0.0011627924
test_05332,0.0016848396
test_05333,0.05140998
test_05334,0.0072651957
test_05335,0.0059917793
test_05336,0.9968034
test_05337,0.99939
test_05338,0.99757284
test_05339,0.00070802204
test_05340,0.99840575
test_05341,0.0067244316
test_05342,0.003272446
test_05343,0.9930667
test_05344,0.0016706268
test_05345,0.00068090926
test_05346,0.9924152
test_05347,0.08580434
test_05348,0.9150584
test_05349,0.0061511723
test_05350,0.0062742443
test_05351,0.9957095
test_05352,0.00091145444
test_05353,0.001175102
test_05354,0.0022730005
test_05355,0.002924854
test_05356,0.0022274011
test_05357,0.9631202
test_05358,0.0008506665
test_05359,0.0014548483
test_05360,0.001076691
test_05361,0.99712414
test_05362,0.9969382
test_05363,0.008796965
test_05364,0.9967965
test_05365,0.0007887301
test_05366,0.017047014
test_05367,0.00064525596
test_05368,0.05499152
test_05369,0.0020425874
test_05370,0.9984994
test_05371,0.0043831775
test_05372,0.9931987
test_05373,0.9990119
test_05374,0.029594174
test_05375,0.001211163
test_05376,0.011407858
test_05377,0.9965261
test_05378,0.9968745
test_05379,0.9975263
test_05380,0.005098177
test_05381,0.9983196
test_05382,0.11413995
test_05383,0.99907035
test_05384,0.0008313867
test_05385,0.988554
test_05386,0.44213465
test_05387,0.99671674
test_05388,0.9960767
test_05389,0.004561796
test_05390,0.997554
test_05391,0.99824506
test_05392,0.82461387
test_05393,0.97386014
test_05394,0.9944921
test_05395,0.99847054
test_05396,0.0037869324
test_05397,0.0033162215
test_05398,0.96593785
test_05399,0.99605846
test_05400,0.2908346
test_05401,0.02392564
test_05402,0.99303776
test_05403,0.99808586
test_05404,0.9935713
test_05405,0.0021996186
test_05406,0.99870217
test_05407,0.9670333
test_05408,0.9965553
test_05409,0.0054706344
test_05410,0.99725914
test_05411,0.9986261
test_05412,0.99801177
test_05413,0.0053955773
test_05414,0.0009973977
test_05415,0.038876288
test_05416,0.9991089
test_05417,0.0052137645
test_05418,0.9989164
test_05419,0.9990622
test_05420,0.014752466
test_05421,0.9982729
test_05422,0.9943519
test_05423,0.023645673
test_05424,0.0010670861
test_05425,0.1222081
test_05426,0.004774307
test_05427,0.0021607876
test_05428,0.9989985
test_05429,0.9939001
test_05430,0.99845827
test_05431,0.012615425
test_05432,0.9989375
test_05433,0.99875283
test_05434,0.9981616
test_05435,0.9983094
test_05436,0.003279347
test_05437,0.9881758
test_05438,0.0788995
test_05439,0.0012553809
test_05440,0.0018188356
test_05441,0.9992126
test_05442,0.99140656
test_05443,0.0032120857
test_05444,0.9957833
test_05445,0.050763432
test_05446,0.009572111
test_05447,0.9976212
test_05448,0.99680376
test_05449,0.006121107
test_05450,0.9985186
test_05451,0.0072915144
test_05452,0.9991925
test_05453,0.9990548
test_05454,0.025686195
test_05455,0.0032957736
test_05456,0.0031340704
test_05457,0.0061186
test_05458,0.37866348
test_05459,0.0013302424
test_05460,0.97088003
test_05461,0.032193057
test_05462,0.99541086
test_05463,0.99880695
test_05464,0.99606514
test_05465,0.000990063
test_05466,0.9973266
test_05467,0.0016372147
test_05468,0.99524486
test_05469,0.99831784
test_05470,0.0021045855
test_05471,0.012119705
test_05472,0.9894223
test_05473,0.0015458071
test_05474,0.0007788136
test_05475,0.0022550337
test_05476,0.0049357195
test_05477,0.0040112725
test_05478,0.014845255
test_05479,0.9914353
test_05480,0.005801317
test_05481,0.99653065
test_05482,0.0035030926
test_05483,0.9969243
test_05484,0.0016412117
test_05485,0.0019095767
test_05486,0.73853266
test_05487,0.741675
test_05488,0.9992497
test_05489,0.016072316
test_05490,0.0028405553
test_05491,0.37957427
test_05492,0.0014205842
test_05493,0.0011746727
test_05494,0.99784636
test_05495,0.99811375
test_05496,0.99863565
test_05497,0.014736525
test_05498,0.0017642371
test_05499,0.0035213835
test_05500,0.9987834
test_05501,0.99728334
test_05502,0.00084499555
test_05503,0.009356195
test_05504,0.99744844
test_05505,0.98800516
test_05506,0.005622013
test_05507,0.0030222773
test_05508,0.9982424
test_05509,0.0037758397
test_05510,0.98876536
test_05511,0.9989257
test_05512,0.0019906256
test_05513,0.008870929
test_05514,0.005133891
test_05515,0.0011708618
test_05516,0.000515891
test_05517,0.0014384496
test_05518,0.00087118323
test_05519,0.87374455
test_05520,0.9906186
test_05521,0.9969515
test_05522,0.0034539383
test_05523,0.99697185
test_05524,0.9971689
test_05525,0.002691789
test_05526,0.002303671
test_05527,0.9879941
test_05528,0.0018643476
test_05529,0.99768555
test_05530,0.009449192
test_05531,0.0033321553
test_05532,0.99826497
test_05533,0.99682593
test_05534,0.998904
test_05535,0.99854505
test_05536,0.89113003
test_05537,0.99892807
test_05538,0.0009620676
test_05539,0.9980974
test_05540,0.8791343
test_05541,0.010049429
test_05542,0.41080055
test_05543,0.001713103
test_05544,0.9990045
test_05545,0.002237238
test_05546,0.0015148883
test_05547,0.0013099151
test_05548,0.9944575
test_05549,0.6725668
test_05550,0.0006912652
test_05551,0.9736177
test_05552,0.0045233807
test_05553,0.99786377
test_05554,0.9948328
test_05555,0.998318
test_05556,0.9979034
test_05557,0.9121613
test_05558,0.0036627406
test_05559,0.0028163993
test_05560,0.99899256
test_05561,0.0032134308
test_05562,0.99920225
test_05563,0.8651625
test_05564,0.9933851
test_05565,0.9990721
test_05566,0.0016883692
test_05567,0.9988471
test_05568,0.99728274
test_05569,0.79891574
test_05570,0.002736563
test_05571,0.99858797
test_05572,0.99928933
test_05573,0.99870074
test_05574,0.00359916
test_05575,0.9869928
test_05576,0.011018826
test_05577,0.999132
test_05578,0.99126816
test_05579,0.00060143805
test_05580,0.0031488838
test_05581,0.0033801668
test_05582,0.9983327
test_05583,0.002134439
test_05584,0.996024
test_05585,0.0030581034
test_05586,0.3872425
test_05587,0.0023422416
test_05588,0.99791455
test_05589,0.001188088
test_05590,0.9903194
test_05591,0.009141851
test_05592,0.0057832017
test_05593,0.993898
test_05594,0.9399712
test_05595,0.998925
test_05596,0.6600833
test_05597,0.00074886467
test_05598,0.59628433
test_05599,0.002194507
test_05600,0.9967108
test_05601,0.9976412
test_05602,0.0011757553
test_05603,0.896171
test_05604,0.9979288
test_05605,0.91532147
test_05606,0.002538505
test_05607,0.021418061
test_05608,0.006424567
test_05609,0.0010115379
test_05610,0.9990675
test_05611,0.0020436114
test_05612,0.99820125
test_05613,0.025772862
test_05614,0.17894204
test_05615,0.97804606
test_05616,0.0033446914
test_05617,0.003386909
test_05618,0.0011714883
test_05619,0.0017417319
test_05620,0.005145699
test_05621,0.5596924
test_05622,0.9965696
test_05623,0.0009532741
test_05624,0.9947252
test_05625,0.0009919339
test_05626,0.9991276
test_05627,0.0018178783
test_05628,0.7028955
test_05629,0.003062614
test_05630,0.0018792953
test_05631,0.0034453
test_05632,0.99864423
test_05633,0.9991509
test_05634,0.9974034
test_05635,0.0006253104
test_05636,0.9854828
test_05637,0.995991
test_05638,0.60599136
test_05639,0.9961657
test_05640,0.998061
test_05641,0.0046885977
test_05642,0.99770087
test_05643,0.5234628
test_05644,0.006880757
test_05645,0.99912935
test_05646,0.0041475063
test_05647,0.0017897441
test_05648,0.0008441744
test_05649,0.0024303035
test_05650,0.9990824
test_05651,0.005552289
test_05652,0.9960162
test_05653,0.0041834917
test_05654,0.8981106
test_05655,0.99610025
test_05656,0.01902061
test_05657,0.002989233
test_05658,0.0016327507
test_05659,0.9962716
test_05660,0.99428284
test_05661,0.0052547185
test_05662,0.9987573
test_05663,0.99732447
test_05664,0.99333036
test_05665,0.038627457
test_05666,0.0011313909
test_05667,0.0013492701
test_05668,0.022325208
test_05669,0.99856466
test_05670,0.99844265
test_05671,0.31634614
test_05672,0.9981271
test_05673,0.0013118057
test_05674,0.0016664215
test_05675,0.97937196
test_05676,0.0013484451
test_05677,0.0038304704
test_05678,0.0024971005
test_05679,0.99766827
test_05680,0.0011545626
test_05681,0.0025977036
test_05682,0.9993753
test_05683,0.0020527714
test_05684,0.011431238
test_05685,0.019071855
test_05686,0.79947126
test_05687,0.0044400105
test_05688,0.031260036
test_05689,0.99763477
test_05690,0.0038689233
test_05691,0.9993746
test_05692,0.75893825
test_05693,0.996894
test_05694,0.93002427
test_05695,0.0014373781
test_05696,0.99828905
test_05697,0.99666375
test_05698,0.0012141245
test_05699,0.9918355
test_05700,0.9989231
test_05701,0.99725676
test_05702,0.04931564
test_05703,0.9983878
test_05704,0.9986414
test_05705,0.005481304
test_05706,0.0029148483
test_05707,0.99934036
test_05708,0.031409927
test_05709,0.43286452
test_05710,0.9899683
test_05711,0.0020711487
test_05712,0.9968232
test_05713,0.029840486
test_05714,0.99768573
test_05715,0.08006118
test_05716,0.9987912
test_05717,0.990991
test_05718,0.9986713
test_05719,0.0028590886
test_05720,0.0043724147
test_05721,0.9986851
test_05722,0.99703526
test_05723,0.0014830533
test_05724,0.99877715
test_05725,0.002152236
test_05726,0.0029142036
test_05727,0.9992044
test_05728,0.9992659
test_05729,0.0032607752
test_05730,0.9992757
test_05731,0.99782133
test_05732,0.004478376
test_05733,0.998134
test_05734,0.8991264
test_05735,0.007848393
test_05736,0.0064122234
test_05737,0.0014425955
test_05738,0.2354004
test_05739,0.0006514391
test_05740,0.77385175
test_05741,0.003838175
test_05742,0.0018416524
test_05743,0.0021471758
test_05744,0.03064926
test_05745,0.0018931197
test_05746,0.0016999168
test_05747,0.4287944
test_05748,0.0036274467
test_05749,0.9944707
test_05750,0.038890902
test_05751,0.001366447
test_05752,0.023446346
test_05753,0.0023889812
test_05754,0.9985738
test_05755,0.99223804
test_05756,0.63753396
test_05757,0.9528706
test_05758,0.003994729
test_05759,0.05938699
test_05760,0.9978006
test_05761,0.94069284
test_05762,0.0006706439
test_05763,0.9965632
test_05764,0.9969579
test_05765,0.9974624
test_05766,0.0043041715
test_05767,0.000713449
test_05768,0.00258206
test_05769,0.0009093208
test_05770,0.99800014
test_05771,0.96511966
test_05772,0.9318045
test_05773,0.99528193
test_05774,0.91769993
test_05775,0.976506
test_05776,0.0006837364
test_05777,0.9944769
test_05778,0.9836786
test_05779,0.045816895
test_05780,0.41694093
test_05781,0.9957727
test_05782,0.996499
test_05783,0.9976673
test_05784,0.99776816
test_05785,0.9988994
test_05786,0.9976821
test_05787,0.107455134
test_05788,0.9976753
test_05789,0.99432534
test_05790,0.8979791
test_05791,0.0022797934
test_05792,0.0037015795
test_05793,0.99855125
test_05794,0.99615383
test_05795,0.9895135
test_05796,0.9980844
test_05797,0.9978813
test_05798,0.9988934
test_05799,0.9973198
test_05800,0.9968082
test_05801,0.023014735
test_05802,0.0015670365
test_05803,0.99857527
test_05804,0.99663186
test_05805,0.9976562
test_05806,0.0014541061
test_05807,0.0018473514
test_05808,0.9791335
test_05809,0.16384146
test_05810,0.9993603
test_05811,0.012390828
test_05812,0.99888414
test_05813,0.9967038
test_05814,0.9953933
test_05815,0.97943044
test_05816,0.0010857724
test_05817,0.9976466
test_05818,0.9985068
test_05819,0.9980471
test_05820,0.00085984846
test_05821,0.9969324
test_05822,0.004717299
test_05823,0.00542566
test_05824,0.0015654721
test_05825,0.0014185536
test_05826,0.91496956
test_05827,0.00086953095
test_05828,0.01654783
test_05829,0.00514923
test_05830,0.0014783617
test_05831,0.0015351246
test_05832,0.9201509
test_05833,0.5840881
test_05834,0.002742529
test_05835,0.99923015
test_05836,0.99843645
test_05837,0.0006515065
test_05838,0.0021170923
test_05839,0.9987217
test_05840,0.99901253
test_05841,0.013071202
test_05842,0.007629788
test_05843,0.9972317
test_05844,0.0022017502
test_05845,0.0016582193
test_05846,0.9245706
test_05847,0.9969945
test_05848,0.001861199
test_05849,0.0017345822
test_05850,0.023919366
test_05851,0.053586967
test_05852,0.99748725
test_05853,0.8769409
test_05854,0.8505693
test_05855,0.99560225
test_05856,0.9990555
test_05857,0.9990274
test_05858,0.021059621
test_05859,0.0035024243
test_05860,0.0009908727
test_05861,0.0014426766
test_05862,0.026368298
test_05863,0.0012192552
test_05864,0.0097793285
test_05865,0.0012462582
test_05866,0.91415906
test_05867,0.994089
test_05868,0.7472649
test_05869,0.99703765
test_05870,0.0016642935
test_05871,0.9984304
test_05872,0.99773264
test_05873,0.003001037
test_05874,0.010225831
test_05875,0.0031297295
test_05876,0.0009989763
test_05877,0.9960551
test_05878,0.99900436
test_05879,0.9967501
test_05880,0.99737465
test_05881,0.99878
test_05882,0.99775195
test_05883,0.99925125
test_05884,0.9989402
test_05885,0.025910042
test_05886,0.0396986
test_05887,0.001318123
test_05888,0.000872739
test_05889,0.0058207884
test_05890,0.0010775955
test_05891,0.0029090378
test_05892,0.9916689
test_05893,0.0013046064
test_05894,0.99933237
test_05895,0.0021416573
test_05896,0.99439263
test_05897,0.99940115
test_05898,0.0016027194
test_05899,0.99805284
test_05900,0.9929408
test_05901,0.9627103
test_05902,0.997952
test_05903,0.0067865984
test_05904,0.0028849365
test_05905,0.00069156376
test_05906,0.16012868
test_05907,0.35214263
test_05908,0.002634375
test_05909,0.00791272
test_05910,0.9952852
test_05911,0.0015665852
test_05912,0.0025721542
test_05913,0.0023442716
test_05914,0.0024851742
test_05915,0.9993466
test_05916,0.0021132359
test_05917,0.0019762793
test_05918,0.77128214
test_05919,0.9983628
test_05920,0.0073779207
test_05921,0.99805224
test_05922,0.9985013
test_05923,0.99847114
test_05924,0.0009975842
test_05925,0.0011083519
test_05926,0.0030835234
test_05927,0.005004871
test_05928,0.9985275
test_05929,0.0010459824
test_05930,0.0031837118
test_05931,0.994718
test_05932,0.0023471215
test_05933,0.0011725166
test_05934,0.0019119382
test_05935,0.0031915212
test_05936,0.9968011
test_05937,0.08191577
test_05938,0.99903965
test_05939,0.0013722385
test_05940,0.46697247
test_05941,0.99772996
test_05942,0.0026784958
test_05943,0.8827224
test_05944,0.99833095
test_05945,0.0017973477
test_05946,0.007067402
test_05947,0.9984895
test_05948,0.98113334
test_05949,0.9944875
test_05950,0.0048769023
test_05951,0.007010405
test_05952,0.0015193053
test_05953,0.9989754
test_05954,0.0005641258
test_05955,0.9991015
test_05956,0.0035047699
test_05957,0.0015593208
test_05958,0.0012775322
test_05959,0.99472576
test_05960,0.0014249657
test_05961,0.11277698
test_05962,0.9992355
test_05963,0.99652195
test_05964,0.0034059878
test_05965,0.0009142971
test_05966,0.0026009248
test_05967,0.72243774
test_05968,0.9988946
test_05969,0.0009962186
test_05970,0.9890984
test_05971,0.0019781403
test_05972,0.99027693
test_05973,0.0021686614
test_05974,0.0006435178
test_05975,0.9892272
test_05976,0.0010842647
test_05977,0.9980208
test_05978,0.9985602
test_05979,0.0033537878
test_05980,0.0015938677
test_05981,0.98677844
test_05982,0.997866
test_05983,0.0077937907
test_05984,0.0008165316
test_05985,0.003275971
test_05986,0.99816173
test_05987,0.99852145
test_05988,0.99785066
test_05989,0.9960394
test_05990,0.99935144
test_05991,0.9981333
test_05992,0.9993508
test_05993,0.99354523
test_05994,0.0045076143
test_05995,0.16623312
test_05996,0.6114461
test_05997,0.9970932
test_05998,0.9655831
test_05999,0.014020987
test_06000,0.9983753
test_06001,0.99413884
test_06002,0.9983868
test_06003,0.9974952
test_06004,0.001621197
test_06005,0.99778914
test_06006,0.99852604
test_06007,0.003053084
test_06008,0.0016022122
test_06009,0.0029104915
test_06010,0.99533826
test_06011,0.61700594
test_06012,0.9972482
test_06013,0.9599123
test_06014,0.002532641
test_06015,0.0011040475
test_06016,0.0042148465
test_06017,0.003083136
test_06018,0.0046012714
test_06019,0.99689543
test_06020,0.0016128221
test_06021,0.0027789215
test_06022,0.0022273646
test_06023,0.0020718519
test_06024,0.9974847
test_06025,0.9969686
test_06026,0.019809496
test_06027,0.99535155
test_06028,0.030002998
test_06029,0.002960011
test_06030,0.9952438
test_06031,0.0024012136
test_06032,0.0016105039
test_06033,0.0011097916
test_06034,0.99574804
test_06035,0.0027247225
test_06036,0.998296
test_06037,0.0019628475
test_06038,0.9945198
test_06039,0.0010083109
test_06040,0.074885085
test_06041,0.8704985
test_06042,0.9977434
test_06043,0.0037138734
test_06044,0.99786377
test_06045,0.16784987
test_06046,0.002689727
test_06047,0.0033345018
test_06048,0.99607825
test_06049,0.0035194997
test_06050,0.0017939266
test_06051,0.0021031292
test_06052,0.98735404
test_06053,0.0032609273
test_06054,0.004255182
test_06055,0.0025504967
test_06056,0.9989785
test_06057,0.99680007
test_06058,0.99844486
test_06059,0.9981625
test_06060,0.9969064
test_06061,0.001537833
test_06062,0.9952965
test_06063,0.9984474
test_06064,0.99502003
test_06065,0.0023729536
test_06066,0.0016115999
test_06067,0.24589528
test_06068,0.9990727
test_06069,0.9922937
test_06070,0.0011624338
test_06071,0.0036080112
test_06072,0.99568105
test_06073,0.993907
test_06074,0.0070002233
test_06075,0.0015540458
test_06076,0.9955911
test_06077,0.99629116
test_06078,0.9555489
test_06079,0.99919796
test_06080,0.9967171
test_06081,0.98051834
test_06082,0.76821876
test_06083,0.0034427135
test_06084,0.0050749835
test_06085,0.99723417
test_06086,0.0013610942
test_06087,0.9904094
test_06088,0.14764191
test_06089,0.96473736
test_06090,0.9957699
test_06091,0.9987804
test_06092,0.0013032153
test_06093,0.013660039
test_06094,0.9981146
test_06095,0.11227317
test_06096,0.9985908
test_06097,0.0025430094
test_06098,0.0010100439
test_06099,0.0020548152
test_06100,0.0009236639
test_06101,0.0023530186
test_06102,0.9965748
test_06103,0.9991974
test_06104,0.99767387
test_06105,0.99929476
test_06106,0.99757534
test_06107,0.9914841
test_06108,0.571784
test_06109,0.08415928
test_06110,0.93286777
test_06111,0.0008933901
test_06112,0.2988686
test_06113,0.0063082036
test_06114,0.0068902383
test_06115,0.99900615
test_06116,0.99846655
test_06117,0.0020303947
test_06118,0.0048449216
test_06119,0.999539
test_06120,0.9640552
test_06121,0.9969702
test_06122,0.085361294
test_06123,0.0008340855
test_06124,0.5247505
test_06125,0.9948065
test_06126,0.8420855
test_06127,0.0085225385
test_06128,0.99507403
test_06129,0.008378073
test_06130,0.71824425
test_06131,0.012332791
test_06132,0.9983115
test_06133,0.12960178
test_06134,0.0015535195
test_06135,0.0010776527
test_06136,0.99931526
test_06137,0.99834687
test_06138,0.99061465
test_06139,0.99847484
test_06140,0.9826044
test_06141,0.9978595
test_06142,0.9956608
test_06143,0.0021582139
test_06144,0.9900847
test_06145,0.011130074
test_06146,0.0006693199
test_06147,0.8214169
test_06148,0.0013537027
test_06149,0.00080851594
test_06150,0.012833009
test_06151,0.95599914
test_06152,0.0018573578
test_06153,0.99737316
test_06154,0.017166458
test_06155,0.99902266
test_06156,0.0014369627
test_06157,0.008287452
test_06158,0.0027401745
test_06159,0.38885057
test_06160,0.99951124
test_06161,0.00054231775
test_06162,0.91938853
test_06163,0.99721575
test_06164,0.998554
test_06165,0.002009256
test_06166,0.030779455
test_06167,0.014276059
test_06168,0.6020653
test_06169,0.9990018
test_06170,0.9986503
test_06171,0.00096391595
test_06172,0.9929806
test_06173,0.99796975
test_06174,0.0019148823
test_06175,0.0007155778
test_06176,0.61908096
test_06177,0.9989561
test_06178,0.98748887
test_06179,0.73406875
test_06180,0.99944884
test_06181,0.001843492
test_06182,0.015418483
test_06183,0.9989013
test_06184,0.9667342
test_06185,0.028973186
test_06186,0.99868894
test_06187,0.0011921793
test_06188,0.89579535
test_06189,0.0013067562
test_06190,0.9949305
test_06191,0.0013174285
test_06192,0.0033908729
test_06193,0.99811363
test_06194,0.9913137
test_06195,0.003417734
test_06196,0.010352062
test_06197,0.9984276
test_06198,0.0009452592
test_06199,0.99796915
test_06200,0.99841964
test_06201,0.9978246
test_06202,0.042428948
test_06203,0.0016470035
test_06204,0.004873268
test_06205,0.98970056
test_06206,0.0017417023
test_06207,0.9931731
test_06208,0.00084856333
test_06209,0.016128246
test_06210,0.99825585
test_06211,0.0006331127
test_06212,0.99931645
test_06213,0.0017342378
test_06214,0.011234226
test_06215,0.9975983
test_06216,0.9970003
test_06217,0.99845135
test_06218,0.9411186
test_06219,0.014071594
test_06220,0.002405386
test_06221,0.00067783357
test_06222,0.0016228687
test_06223,0.0024448629
test_06224,0.57601297
test_06225,0.99909806
test_06226,0.9962977
test_06227,0.0020778328
test_06228,0.9964694
test_06229,0.0010918081
test_06230,0.007726346
test_06231,0.0023664683
test_06232,0.0038330168
test_06233,0.0041899383
test_06234,0.99720144
test_06235,0.0018343315
test_06236,0.002071354
test_06237,0.9921639
test_06238,0.0013060243
test_06239,0.9981766
test_06240,0.9960903
test_06241,0.9970534
test_06242,0.16306275
test_06243,0.99438226
test_06244,0.9769778
test_06245,0.97160137
test_06246,0.9983709
test_06247,0.98945326
test_06248,0.9989178
test_06249,0.99082696
test_06250,0.9979887
test_06251,0.0024747977
test_06252,0.99277973
test_06253,0.2047857
test_06254,0.9973744
test_06255,0.002242296
test_06256,0.9948368
test_06257,0.9985714
test_06258,0.9988925
test_06259,0.87374455
test_06260,0.9668312
test_06261,0.002790769
test_06262,0.9992816
test_06263,0.99807864
test_06264,0.96866524
test_06265,0.9005717
test_06266,0.9943234
test_06267,0.9891573
test_06268,0.99910283
test_06269,0.0008710129
test_06270,0.781306
test_06271,0.99702466
test_06272,0.9972215
test_06273,0.96699786
test_06274,0.9938842
test_06275,0.997002
test_06276,0.00067798264
test_06277,0.9974215
test_06278,0.0047446396
test_06279,0.0006953453
test_06280,0.012223655
test_06281,0.99541163
test_06282,0.9989584
test_06283,0.0015621363
test_06284,0.07853226
test_06285,0.3835021
test_06286,0.9987953
test_06287,0.0031308748
test_06288,0.9925862
test_06289,0.18897995
test_06290,0.0036293971
test_06291,0.003303978
test_06292,0.0012286415
test_06293,0.0015022551
test_06294,0.9532118
test_06295,0.0014880203
test_06296,0.008572095
test_06297,0.70327854
test_06298,0.99931604
test_06299,0.99903613
test_06300,0.99856603
test_06301,0.00071568246
test_06302,0.97649455
test_06303,0.0015680612
test_06304,0.997267
test_06305,0.04170165
test_06306,0.0051751183
test_06307,0.53023434
test_06308,0.9990453
test_06309,0.995921
test_06310,0.0027896618
test_06311,0.0019796256
test_06312,0.007017089
test_06313,0.5638317
test_06314,0.0020529127
test_06315,0.09234717
test_06316,0.0194329
test_06317,0.98626626
test_06318,0.9961296
test_06319,0.3144618
test_06320,0.9987982
test_06321,0.0045957956
test_06322,0.9990387
test_06323,0.044322453
test_06324,0.0013449888
test_06325,0.9892119
test_06326,0.997596
test_06327,0.015845355
test_06328,0.99639785
test_06329,0.17236978
test_06330,0.0011728732
test_06331,0.0032893023
test_06332,0.0021865799
test_06333,0.0040006763
test_06334,0.0020974826
test_06335,0.5488809
test_06336,0.0067685996
test_06337,0.0089050215
test_06338,0.9954773
test_06339,0.9987563
test_06340,0.9919018
test_06341,0.0040167873
test_06342,0.99031067
test_06343,0.11481757
test_06344,0.0028290893
test_06345,0.0066140564
test_06346,0.997504
test_06347,0.00076321344
test_06348,0.99892783
test_06349,0.02277871
test_06350,0.002145538
test_06351,0.99925923
test_06352,0.0016165075
test_06353,0.0030651
test_06354,0.20997676
test_06355,0.35757083
test_06356,0.99934304
test_06357,0.00068947097
test_06358,0.99689263
test_06359,0.99835503
test_06360,0.9980673
test_06361,0.048758175
test_06362,0.002358392
test_06363,0.19860709
test_06364,0.9824976
test_06365,0.007298558
test_06366,0.98614115
test_06367,0.94998205
test_06368,0.9988199
test_06369,0.9993082
test_06370,0.9977766
test_06371,0.0016203076
test_06372,0.9370893
test_06373,0.9990741
test_06374,0.9990094
test_06375,0.002912471
test_06376,0.029519452
test_06377,0.9972112
test_06378,0.99573475
test_06379,0.0010601691
test_06380,0.0059647663
test_06381,0.00096735184
test_06382,0.99874556
test_06383,0.9982089
test_06384,0.9977715
test_06385,0.0018762487
test_06386,0.9986197
test_06387,0.99630475
test_06388,0.99707437
test_06389,0.013421037
test_06390,0.997631
test_06391,0.002474898
test_06392,0.0016309301
test_06393,0.0009814481
test_06394,0.9989294
test_06395,0.02784184
test_06396,0.06751834
test_06397,0.0013047856
test_06398,0.9978963
test_06399,0.0014928667
test_06400,0.0030064315
test_06401,0.92612535
test_06402,0.98714375
test_06403,0.021471202
test_06404,0.4441769
test_06405,0.000962837
test_06406,0.0013423712
test_06407,0.0014809829
test_06408,0.0015418334
test_06409,0.9980135
test_06410,0.99878216
test_06411,0.9991845
test_06412,0.49318504
test_06413,0.005849378
test_06414,0.9964793
test_06415,0.034817915
test_06416,0.9911401
test_06417,0.98383784
test_06418,0.06256287
test_06419,0.998525
test_06420,0.0011382382
test_06421,0.9947876
test_06422,0.99903166
test_06423,0.9975775
test_06424,0.9909898
test_06425,0.020338677
test_06426,0.004073424
test_06427,0.0012069582
test_06428,0.99563813
test_06429,0.00071587285
test_06430,0.005722999
test_06431,0.997229
test_06432,0.0011043573
test_06433,0.9969902
test_06434,0.9952121
test_06435,0.99672115
test_06436,0.029879665
test_06437,0.004506612
test_06438,0.0016053356
test_06439,0.9988458
test_06440,0.0046962937
test_06441,0.98680466
test_06442,0.009634598
test_06443,0.006877578
test_06444,0.0011851098
test_06445,0.007354809
test_06446,0.9611486
test_06447,0.995085
test_06448,0.99619734
test_06449,0.0007898396
test_06450,0.996721
test_06451,0.9987953
test_06452,0.9888941
test_06453,0.0027493406
test_06454,0.9976321
test_06455,0.9984171
test_06456,0.0025882935
test_06457,0.9794357
test_06458,0.008794795
test_06459,0.9990831
test_06460,0.0033570605
test_06461,0.018894749
test_06462,0.99912035
test_06463,0.9976913
test_06464,0.0015141823
test_06465,0.0036730282
test_06466,0.0028427616
test_06467,0.6283134
test_06468,0.0018134561
test_06469,0.99835706
test_06470,0.9986454
test_06471,0.0029500169
test_06472,0.004864742
test_06473,0.99868685
test_06474,0.002138506
test_06475,0.99679476
test_06476,0.00073990284
test_06477,0.0015973275
test_06478,0.9970952
test_06479,0.9615243
test_06480,0.99662787
test_06481,0.005215909
test_06482,0.9986403
test_06483,0.004526002
test_06484,0.0011703133
test_06485,0.9505652
test_06486,0.999262
test_06487,0.0012717355
test_06488,0.9976115
test_06489,0.0012014968
test_06490,0.9992746
test_06491,0.002310859
test_06492,0.8944261
test_06493,0.0021410822
test_06494,0.9935134
test_06495,0.0008669081
test_06496,0.0008120485
test_06497,0.9891275
test_06498,0.9967492
test_06499,0.0018913768
test_06500,0.04107044
test_06501,0.0011861016
test_06502,0.99568206
test_06503,0.00073308375
test_06504,0.0016531297
test_06505,0.00127361
test_06506,0.96108764
test_06507,0.9974122
test_06508,0.99830014
test_06509,0.011428523
test_06510,0.996189
test_06511,0.64952874
test_06512,0.99842566
test_06513,0.9818161
test_06514,0.0076256283
test_06515,0.99819875
test_06516,0.9985258
test_06517,0.99918664
test_06518,0.9913005
test_06519,0.00066111644
test_06520,0.0016887175
test_06521,0.9960591
test_06522,0.99865973
test_06523,0.99851406
test_06524,0.0020352108
test_06525,0.006687747
test_06526,0.99253356
test_06527,0.0011204944
test_06528,0.9906873
test_06529,0.0014553522
test_06530,0.0005732725
test_06531,0.990325
test_06532,0.9887123
test_06533,0.9978741
test_06534,0.99812025
test_06535,0.997981
test_06536,0.1905931
test_06537,0.0011904195
test_06538,0.96013165
test_06539,0.0028623762
test_06540,0.0016818519
test_06541,0.00290094
test_06542,0.0009555659
test_06543,0.0077868234
test_06544,0.9981227
test_06545,0.996606
test_06546,0.0045478935
test_06547,0.96892637
test_06548,0.99443614
test_06549,0.0026204684
test_06550,0.998892
test_06551,0.009579298
test_06552,0.9948677
test_06553,0.9984406
test_06554,0.99494874
test_06555,0.11402182
test_06556,0.99881136
test_06557,0.0036680805
test_06558,0.9441526
test_06559,0.0016517792
test_06560,0.01966064
test_06561,0.8297135
test_06562,0.0020831225
test_06563,0.0021327136
test_06564,0.9893815
test_06565,0.9899658
test_06566,0.99434173
test_06567,0.66348064
test_06568,0.0019062654
test_06569,0.2427533
test_06570,0.0019288589
test_06571,0.0018796555
test_06572,0.0030996045
test_06573,0.047835864
test_06574,0.016294427
test_06575,0.0032664863
test_06576,0.0028081483
test_06577,0.0019059035
test_06578,0.99872774
test_06579,0.0034394893
test_06580,0.9990655
test_06581,0.0009818543
test_06582,0.99853194
test_06583,0.0014021704
test_06584,0.9971265
test_06585,0.004826129
test_06586,0.0005407109
test_06587,0.99653745
test_06588,0.010615701
test_06589,0.9913671
test_06590,0.0015664679
test_06591,0.0010639505
test_06592,0.9529662
test_06593,0.99764013
test_06594,0.99908495
test_06595,0.32971668
test_06596,0.23153695
test_06597,0.004687802
test_06598,0.0011661773
test_06599,0.0021042484
test_06600,0.0049722735
test_06601,0.004399481
test_06602,0.004425064
test_06603,0.001939874
test_06604,0.005413504
test_06605,0.00092583674
test_06606,0.9966829
test_06607,0.0009538903
test_06608,0.99641824
test_06609,0.99878585
test_06610,0.0040037357
test_06611,0.85089314
test_06612,0.004632012
test_06613,0.0009618908
test_06614,0.00082003116
test_06615,0.003204406
test_06616,0.9963685
test_06617,0.9965733
test_06618,0.0009850643
test_06619,0.0026088632
test_06620,0.6132262
test_06621,0.0011706796
test_06622,0.0006219002
test_06623,0.03996114
test_06624,0.9988148
test_06625,0.99317336
test_06626,0.0018231727
test_06627,0.00076466025
test_06628,0.5866102
test_06629,0.0007342121
test_06630,0.001391535
test_06631,0.0016254649
test_06632,0.001111775
test_06633,0.0020679997
test_06634,0.9938726
test_06635,0.0017604483
test_06636,0.0029353448
test_06637,0.0055148858
test_06638,0.0052466835
test_06639,0.87895405
test_06640,0.9946333
test_06641,0.0023552992
test_06642,0.9923128
test_06643,0.9981776
test_06644,0.9988928
test_06645,0.9987191
test_06646,0.9990561
test_06647,0.99625504
test_06648,0.002274266
test_06649,0.0074100452
test_06650,0.00062502874
test_06651,0.0023956231
test_06652,0.0015326635
test_06653,0.9988514
test_06654,0.0011924626
test_06655,0.0015740539
test_06656,0.9900626
test_06657,0.9981668
test_06658,0.0014034556
test_06659,0.9986319
test_06660,0.99339163
test_06661,0.0010968045
test_06662,0.018997207
test_06663,0.0016302856
test_06664,0.0018634074
test_06665,0.0072226534
test_06666,0.0025458569
test_06667,0.998273
test_06668,0.32427898
test_06669,0.0049476177
test_06670,0.08816912
test_06671,0.9874965
test_06672,0.013281509
test_06673,0.0015882258
test_06674,0.99880266
test_06675,0.0059772325
test_06676,0.9776366
test_06677,0.99830246
test_06678,0.99861884
test_06679,0.0026450364
test_06680,0.0010829996
test_06681,0.9961038
test_06682,0.0020950367
test_06683,0.98372793
test_06684,0.0016221288
test_06685,0.9987377
test_06686,0.9983189
test_06687,0.0027771587
test_06688,0.3017113
test_06689,0.9983174
test_06690,0.9751549
test_06691,0.00090648484
test_06692,0.99748325
test_06693,0.7876853
test_06694,0.99844724
test_06695,0.0025951616
test_06696,0.9969199
test_06697,0.9985794
test_06698,0.0024712435
test_06699,0.41243985
test_06700,0.9991864
test_06701,0.9985882
test_06702,0.99860376
test_06703,0.0025438757
test_06704,0.9993305
test_06705,0.9936612
test_06706,0.122098766
test_06707,0.001558225
test_06708,0.99909186
test_06709,0.85960686
test_06710,0.9736502
test_06711,0.99898374
test_06712,0.0083404975
test_06713,0.99476033
test_06714,0.39244968
test_06715,0.0032430086
test_06716,0.99802876
test_06717,0.9984454
test_06718,0.9965451
test_06719,0.98533726
test_06720,0.99835515
test_06721,0.0027774558
test_06722,0.99643123
test_06723,0.9981558
test_06724,0.001708931
test_06725,0.16428056
test_06726,0.9983156
test_06727,0.9988013
test_06728,0.0013586755
test_06729,0.001399824
test_06730,0.0012733813
test_06731,0.922402
test_06732,0.5986044
test_06733,0.9976162
test_06734,0.0006526553
test_06735,0.99754804
test_06736,0.9983176
test_06737,0.9989195
test_06738,0.9945773
test_06739,0.99644953
test_06740,0.99941564
test_06741,0.99727964
test_06742,0.9992649
test_06743,0.9982935
test_06744,0.15616484
test_06745,0.00097313017
test_06746,0.9970104
test_06747,0.9986739
test_06748,0.015903546
test_06749,0.99606633
test_06750,0.98064303
test_06751,0.023760566
test_06752,0.0010797422
test_06753,0.0026022717
test_06754,0.00095078733
test_06755,0.9709408
test_06756,0.0053583956
test_06757,0.99738425
test_06758,0.0012767162
test_06759,0.016047845
test_06760,0.002781406
test_06761,0.9945976
test_06762,0.99295676
test_06763,0.9977411
test_06764,0.99286425
test_06765,0.99912363
test_06766,0.0025286716
test_06767,0.0019017202
test_06768,0.99913484
test_06769,0.0021848567
test_06770,0.014772625
test_06771,0.98873436
test_06772,0.0016885097
test_06773,0.99565625
test_06774,0.22436272
test_06775,0.002283739
test_06776,0.99910206
test_06777,0.9938626
test_06778,0.0009192148
test_06779,0.004214163
test_06780,0.99877596
test_06781,0.9970188
test_06782,0.99131864
test_06783,0.9601842
test_06784,0.005050907
test_06785,0.99775213
test_06786,0.99735117
test_06787,0.0009171473
test_06788,0.0042690914
test_06789,0.25784877
test_06790,0.9990401
test_06791,0.9610919
test_06792,0.99702334
test_06793,0.001963696
test_06794,0.9969866
test_06795,0.001670005
test_06796,0.997817
test_06797,0.9958453
test_06798,0.9991734
test_06799,0.0046898066
test_06800,0.0009618533
test_06801,0.7564463
test_06802,0.0022608056
test_06803,0.0029698238
test_06804,0.58302766
test_06805,0.0029190474
test_06806,0.9985174
test_06807,0.99860704
test_06808,0.99780804
test_06809,0.99692976
test_06810,0.94740105
test_06811,0.99883354
test_06812,0.0006877099
test_06813,0.99426913
test_06814,0.9990066
test_06815,0.99770606
test_06816,0.99514365
test_06817,0.0020439997
test_06818,0.99685824
test_06819,0.9866545
test_06820,0.0032894441
test_06821,0.99705195
test_06822,0.12704565
test_06823,0.0038659857
test_06824,0.99678254
test_06825,0.0014007159
test_06826,0.0015878178
test_06827,0.00094468496
test_06828,0.9982707
test_06829,0.9988936
test_06830,0.0019703992
test_06831,0.99941814
test_06832,0.0012554412
test_06833,0.0011462591
test_06834,0.0012112779
test_06835,0.0029925385
test_06836,0.0012203226
test_06837,0.00307421
test_06838,0.0021889787
test_06839,0.0072984495
test_06840,0.99811167
test_06841,0.0036534336
test_06842,0.9979607
test_06843,0.011744481
test_06844,0.00094157906
test_06845,0.0013762763
test_06846,0.9961721
test_06847,0.9982359
test_06848,0.0024139516
test_06849,0.77520204
test_06850,0.013277601
test_06851,0.008156398
test_06852,0.0051725814
test_06853,0.00086591364
test_06854,0.7636745
test_06855,0.0011300036
test_06856,0.0010761229
test_06857,0.10741027
test_06858,0.0014208942
test_06859,0.91565514
test_06860,0.99761665
test_06861,0.001165946
test_06862,0.9986469
test_06863,0.96272707
test_06864,0.9985831
test_06865,0.0021962456
test_06866,0.14174907
test_06867,0.011217935
test_06868,0.93466836
test_06869,0.01041595
test_06870,0.9974701
test_06871,0.9915736
test_06872,0.026120873
test_06873,0.0024370216
test_06874,0.99751157
test_06875,0.0035291773
test_06876,0.0058566304
test_06877,0.9987483
test_06878,0.00073917327
test_06879,0.90000534
test_06880,0.002302129
test_06881,0.9865427
test_06882,0.0008552241
test_06883,0.9878037
test_06884,0.0011772511
test_06885,0.0008498393
test_06886,0.008521818
test_06887,0.9939002
test_06888,0.1488653
test_06889,0.9975641
test_06890,0.024773043
test_06891,0.0013223365
test_06892,0.0019692916
test_06893,0.08016057
test_06894,0.0040211165
test_06895,0.001285195
test_06896,0.99918747
test_06897,0.014746351
test_06898,0.34874734
test_06899,0.00065102696
test_06900,0.007308019
test_06901,0.99678147
test_06902,0.77195054
test_06903,0.99824923
test_06904,0.99929076
test_06905,0.9985741
test_06906,0.0013631224
test_06907,0.99744856
test_06908,0.9991004
test_06909,0.0010664255
test_06910,0.9973344
test_06911,0.99857634
test_06912,0.005007345
test_06913,0.002822449
test_06914,0.9018687
test_06915,0.6903069
test_06916,0.9983014
test_06917,0.00095407
test_06918,0.99595594
test_06919,0.9976472
test_06920,0.000786809
test_06921,0.9979021
test_06922,0.9978541
test_06923,0.79478276
test_06924,0.8307172
test_06925,0.0047180057
test_06926,0.0013197663
test_06927,0.0018331837
test_06928,0.005293335
test_06929,0.62110925
test_06930,0.0030744153
test_06931,0.0036414932
test_06932,0.99340904
test_06933,0.9828117
test_06934,0.01564578
test_06935,0.0030943912
test_06936,0.9898974
test_06937,0.931825
test_06938,0.001838868
test_06939,0.001667775
test_06940,0.9974016
test_06941,0.9974357
test_06942,0.0020639054
test_06943,0.0054926034
test_06944,0.13099325
test_06945,0.0019604259
test_06946,0.0027609952
test_06947,0.99746656
test_06948,0.09435487
test_06949,0.9993432
test_06950,0.02118058
test_06951,0.001217415
test_06952,0.9910271
test_06953,0.003844866
test_06954,0.6157928
test_06955,0.9988406
test_06956,0.9865564
test_06957,0.91748375
test_06958,0.9981189
test_06959,0.008982711
test_06960,0.0012859585
test_06961,0.95817757
test_06962,0.0014522759
test_06963,0.9198562
test_06964,0.99689865
test_06965,0.26114902
test_06966,0.0014469972
test_06967,0.0030834293
test_06968,0.0013164247
test_06969,0.0008480117
test_06970,0.9987717
test_06971,0.9944622
test_06972,0.0018933893
test_06973,0.9922434
test_06974,0.0353274
test_06975,0.99557054
test_06976,0.9981967
test_06977,0.9604119
test_06978,0.0021232492
test_06979,0.55085766
test_06980,0.99678457
test_06981,0.9960805
test_06982,0.9942249
test_06983,0.0020543847
test_06984,0.0069117444
test_06985,0.0011035184
test_06986,0.0012255764
test_06987,0.003898166
test_06988,0.002339827
test_06989,0.015978983
test_06990,0.9969915
test_06991,0.8552338
test_06992,0.22991401
test_06993,0.0010791096
test_06994,0.004459548
test_06995,0.0023824817
test_06996,0.008928133
test_06997,0.99673676
test_06998,0.00086030294
test_06999,0.99809766
test_07000,0.08865068
test_07001,0.775221
test_07002,0.99591506
test_07003,0.9991744
test_07004,0.9945394
test_07005,0.9847072
test_07006,0.00068360334
test_07007,0.0009486242
test_07008,0.004566019
test_07009,0.9982713
test_07010,0.9806539
test_07011,0.99902296
test_07012,0.9970457
test_07013,0.08158383
test_07014,0.99930704
test_07015,0.9990379
test_07016,0.9980705
test_07017,0.001257904
test_07018,0.9967037
test_07019,0.97675616
test_07020,0.014792822
test_07021,0.99890244
test_07022,0.00076619023
test_07023,0.9868107
test_07024,0.02985169
test_07025,0.999061
test_07026,0.99810016
test_07027,0.0018134586
test_07028,0.9932519
test_07029,0.8924732
test_07030,0.0026440157
test_07031,0.0009609207
test_07032,0.9974644
test_07033,0.9933418
test_07034,0.0012947608
test_07035,0.0009240579
test_07036,0.0019022543
test_07037,0.0021867696
test_07038,0.99303854
test_07039,0.0021452229
test_07040,0.005564208
test_07041,0.99891436
test_07042,0.9919828
test_07043,0.0054755923
test_07044,0.9934876
test_07045,0.0024886504
test_07046,0.99615884
test_07047,0.99850774
test_07048,0.00057840254
test_07049,0.0035536373
test_07050,0.99113464
test_07051,0.00086423603
test_07052,0.89336
test_07053,0.0018618931
test_07054,0.99662244
test_07055,0.9990318
test_07056,0.99715817
test_07057,0.0019290244
test_07058,0.95079005
test_07059,0.19591549
test_07060,0.9991442
test_07061,0.9931779
test_07062,0.0017504403
test_07063,0.0038382043
test_07064,0.0008186041
test_07065,0.0034378981
test_07066,0.0054773972
test_07067,0.99904215
test_07068,0.99842924
test_07069,0.9959199
test_07070,0.0016327567
test_07071,0.0019025973
test_07072,0.99855435
test_07073,0.9810591
test_07074,0.9920608
test_07075,0.9902692
test_07076,0.99908435
test_07077,0.010574662
test_07078,0.99765956
test_07079,0.9977131
test_07080,0.03825603
test_07081,0.018364625
test_07082,0.9977462
test_07083,0.0041305125
test_07084,0.0023309465
test_07085,0.0055974494
test_07086,0.99211454
test_07087,0.006203503
test_07088,0.9664563
test_07089,0.042253435
test_07090,0.99896026
test_07091,0.0040534483
test_07092,0.988505
test_07093,0.9931724
test_07094,0.9949719
test_07095,0.007521883
test_07096,0.9875019
test_07097,0.0034434507
test_07098,0.0022817943
test_07099,0.008831761
test_07100,0.9957192
test_07101,0.9972018
test_07102,0.9940409
test_07103,0.9981998
test_07104,0.91684455
test_07105,0.00082361355
test_07106,0.9978659
test_07107,0.0012893449
test_07108,0.87597805
test_07109,0.05577102
test_07110,0.9764451
test_07111,0.0027730116
test_07112,0.9846052
test_07113,0.0012424369
test_07114,0.9601282
test_07115,0.91221344
test_07116,0.7257675
test_07117,0.0020650038
test_07118,0.0022866454
test_07119,0.005213854
test_07120,0.001097984
test_07121,0.0023243562
test_07122,0.99191463
test_07123,0.17173016
test_07124,0.9836825
test_07125,0.9990456
test_07126,0.9976771
test_07127,0.9987395
test_07128,0.0010339194
test_07129,0.001676172
test_07130,0.99595773
test_07131,0.9983906
test_07132,0.006703948
test_07133,0.002979366
test_07134,0.0007469491
test_07135,0.00092336675
test_07136,0.99895704
test_07137,0.9888917
test_07138,0.0018833159
test_07139,0.003189955
test_07140,0.0064279875
test_07141,0.004089966
test_07142,0.0021334414
test_07143,0.0045499327
test_07144,0.001623927
test_07145,0.0032697008
test_07146,0.99893
test_07147,0.79741704
test_07148,0.9982362
test_07149,0.0030123745
test_07150,0.7141604
test_07151,0.017552318
test_07152,0.9972844
test_07153,0.95237297
test_07154,0.8809018
test_07155,0.005508932
test_07156,0.0035807043
test_07157,0.99850357
test_07158,0.9940857
test_07159,0.0018981386
test_07160,0.0047262716
test_07161,0.0019128824
test_07162,0.993676
test_07163,0.9266125
test_07164,0.81095994
test_07165,0.00944273
test_07166,0.99827576
test_07167,0.00092150766
test_07168,0.99448764
test_07169,0.0009179868
test_07170,0.99863935
test_07171,0.99736106
test_07172,0.99888426
test_07173,0.9972125
test_07174,0.9983506
test_07175,0.9983697
test_07176,0.0016958675
test_07177,0.004072198
test_07178,0.9963069
test_07179,0.00888701
test_07180,0.0027618802
test_07181,0.23339693
test_07182,0.0014696296
test_07183,0.0019281991
test_07184,0.0055192276
test_07185,0.99837506
test_07186,0.98749256
test_07187,0.0010180982
test_07188,0.38122615
test_07189,0.002982456
test_07190,0.9977678
test_07191,0.0024357163
test_07192,0.0017644794
test_07193,0.0008613092
test_07194,0.9719931
test_07195,0.95561004
test_07196,0.99761707
test_07197,0.0016395773
test_07198,0.0010760427
test_07199,0.0021043387
test_07200,0.99620485
test_07201,0.2863084
test_07202,0.001323769
test_07203,0.99858046
test_07204,0.5157864
test_07205,0.0010943963
test_07206,0.051249888
test_07207,0.9927964
test_07208,0.001457751
test_07209,0.054830752
test_07210,0.0019649959
test_07211,0.003948099
test_07212,0.60504204
test_07213,0.01434412
test_07214,0.9965435
test_07215,0.76410186
test_07216,0.0054405313
test_07217,0.00087364984
test_07218,0.06398038
test_07219,0.9979541
test_07220,0.002761837
test_07221,0.9959508
test_07222,0.0022547708
test_07223,0.0032001678
test_07224,0.9927906
test_07225,0.021291431
test_07226,0.7984596
test_07227,0.99800014
test_07228,0.003208932
test_07229,0.0070143305
test_07230,0.0017951584
test_07231,0.001396873
test_07232,0.2866514
test_07233,0.998371
test_07234,0.9935216
test_07235,0.99494356
test_07236,0.0019317016
test_07237,0.99878573
test_07238,0.0022164
test_07239,0.33853158
test_07240,0.0033142918
test_07241,0.0014951548
test_07242,0.0042814882
test_07243,0.004981664
test_07244,0.998568
test_07245,0.01138505
test_07246,0.0009515322
test_07247,0.9943706
test_07248,0.9975144
test_07249,0.0013565595
test_07250,0.0013349314
test_07251,0.0026664967
test_07252,0.99760413
test_07253,0.0042208396
test_07254,0.0005980278
test_07255,0.99015975
test_07256,0.004318334
test_07257,0.99762297
test_07258,0.0037268493
test_07259,0.9777566
test_07260,0.9966222
test_07261,0.0011971247
test_07262,0.012270211
test_07263,0.9992327
test_07264,0.00088535686
test_07265,0.9889082
test_07266,0.0028974256
test_07267,0.0011114142
test_07268,0.9985515
test_07269,0.98429
test_07270,0.9544271
test_07271,0.9978398
test_07272,0.03476146
test_07273,0.9927391
test_07274,0.8592098
test_07275,0.017782478
test_07276,0.0027932075
test_07277,0.99887115
test_07278,0.9900489
test_07279,0.007818194
test_07280,0.0019082734
test_07281,0.0009345228
test_07282,0.6313475
test_07283,0.0026082918
test_07284,0.019815002
test_07285,0.998914
test_07286,0.007883012
test_07287,0.8482022
test_07288,0.0011418122
test_07289,0.02432841
test_07290,0.007918694
test_07291,0.9958911
test_07292,0.046236165
test_07293,0.0008574283
test_07294,0.9950721
test_07295,0.07839789
test_07296,0.9963301
test_07297,0.99888337
test_07298,0.0115471855
test_07299,0.7241808
test_07300,0.003237973
test_07301,0.9982393
test_07302,0.001608584
test_07303,0.9990098
test_07304,0.0013685693
test_07305,0.005038691
test_07306,0.04704225
test_07307,0.00882957
test_07308,0.001341114
test_07309,0.0010220959
test_07310,0.00493848
test_07311,0.020258144
test_07312,0.99707305
test_07313,0.0016080115
test_07314,0.9979236
test_07315,0.6278845
test_07316,0.42388743
test_07317,0.9974834
test_07318,0.0022793615
test_07319,0.99599135
test_07320,0.9984676
test_07321,0.078162186
test_07322,0.045569927
test_07323,0.019630741
test_07324,0.45379943
test_07325,0.15605117
test_07326,0.88868624
test_07327,0.9986001
test_07328,0.9985386
test_07329,0.002178362
test_07330,0.002381853
test_07331,0.006187912
test_07332,0.004042995
test_07333,0.0054431856
test_07334,0.7593411
test_07335,0.9865196
test_07336,0.09179905
test_07337,0.8018645
test_07338,0.9930285
test_07339,0.0013922581
test_07340,0.99896777
test_07341,0.004538648
test_07342,0.0031087259
test_07343,0.9979944
test_07344,0.998569
test_07345,0.005323522
test_07346,0.01233978
test_07347,0.0016353012
test_07348,0.910895
test_07349,0.0017875186
test_07350,0.99828494
test_07351,0.0016201064
test_07352,0.9435462
test_07353,0.9498675
test_07354,0.700428
test_07355,0.9985386
test_07356,0.99921566
test_07357,0.9981039
test_07358,0.99827194
test_07359,0.0057933414
test_07360,0.9974294
test_07361,0.9529722
test_07362,0.0009514068
test_07363,0.99786043
test_07364,0.014125009
test_07365,0.8222778
test_07366,0.9992362
test_07367,0.9989754
test_07368,0.01780458
test_07369,0.026299734
test_07370,0.99344033
test_07371,0.003975488
test_07372,0.0030823373
test_07373,0.99830073
test_07374,0.0028457523
test_07375,0.11667373
test_07376,0.8808191
test_07377,0.0018508182
test_07378,0.9961698
test_07379,0.0028286125
test_07380,0.0020280671
test_07381,0.20051578
test_07382,0.99308306
test_07383,0.6195577
test_07384,0.99914265
test_07385,0.010276411
test_07386,0.0026349938
test_07387,0.0010397014
test_07388,0.9979894
test_07389,0.0042800526
test_07390,0.0015083512
test_07391,0.99908054
test_07392,0.94465286
test_07393,0.9961511
test_07394,0.9991542
test_07395,0.99918246
test_07396,0.000918105
test_07397,0.9975629
test_07398,0.99650455
test_07399,0.9954891
test_07400,0.9963728
test_07401,0.00406387
test_07402,0.9989415
test_07403,0.0013056084
test_07404,0.0019170356
test_07405,0.99795985
test_07406,0.0015198663
test_07407,0.0009151747
test_07408,0.0013230649
test_07409,0.9012923
test_07410,0.99564826
test_07411,0.0010828534
test_07412,0.0073568053
test_07413,0.99740887
test_07414,0.00078270206
test_07415,0.9930496
test_07416,0.001321097
test_07417,0.0026594617
test_07418,0.9961242
test_07419,0.0019034608
test_07420,0.0012113507
test_07421,0.14473605
test_07422,0.9985261
test_07423,0.9980402
test_07424,0.00840307
test_07425,0.0027380337
test_07426,0.50557065
test_07427,0.0030784337
test_07428,0.0037662475
test_07429,0.021808904
test_07430,0.0017593906
test_07431,0.9978094
test_07432,0.0012868132
test_07433,0.0030401964
test_07434,0.0015637882
test_07435,0.0012744643
test_07436,0.0030755382
test_07437,0.99108225
test_07438,0.9992273
test_07439,0.0032815118
test_07440,0.0007595496
test_07441,0.016038653
test_07442,0.0029264383
test_07443,0.99913096
test_07444,0.0038230536
test_07445,0.000792547
test_07446,0.00163527
test_07447,0.0010254064
test_07448,0.00093335327
test_07449,0.99873435
test_07450,0.9994625
test_07451,0.9947183
test_07452,0.037039403
test_07453,0.0035872008
test_07454,0.9989251
test_07455,0.08281995
test_07456,0.9902892
test_07457,0.99789464
test_07458,0.99868953
test_07459,0.99906075
test_07460,0.0021962074
test_07461,0.9947774
test_07462,0.9900117
test_07463,0.002073717
test_07464,0.001091543
test_07465,0.99660695
test_07466,0.020235976
test_07467,0.99863577
test_07468,0.99810964
test_07469,0.0031267626
test_07470,0.99926025
test_07471,0.05048541
test_07472,0.97440434
test_07473,0.0010738116
test_07474,0.0014512491
test_07475,0.98235047
test_07476,0.0024385338
test_07477,0.0018098763
test_07478,0.99900115
test_07479,0.99876595
test_07480,0.055551298
test_07481,0.0048760176
test_07482,0.004473951
test_07483,0.28678057
test_07484,0.0009993362
test_07485,0.9956926
test_07486,0.9975269
test_07487,0.006236652
test_07488,0.0019104115
test_07489,0.996452
test_07490,0.0590408
test_07491,0.0046131494
test_07492,0.0010056454
test_07493,0.9168955
test_07494,0.9978535
test_07495,0.99895775
test_07496,0.0011702417
test_07497,0.0035265367
test_07498,0.71469855
test_07499,0.0044763293
test_07500,0.011894441
test_07501,0.0022380624
test_07502,0.9989557
test_07503,0.008420744
test_07504,0.00091815984
test_07505,0.9978322
test_07506,0.99873567
test_07507,0.0047833505
test_07508,0.008447435
test_07509,0.99475324
test_07510,0.76692337
test_07511,0.9978451
test_07512,0.0005691424
test_07513,0.9966679
test_07514,0.99829507
test_07515,0.99879825
test_07516,0.99797064
test_07517,0.9991733
test_07518,0.00086722814
test_07519,0.011661768
test_07520,0.0038350187
test_07521,0.1540176
test_07522,0.9973496
test_07523,0.003414297
test_07524,0.9978495
test_07525,0.7534014
test_07526,0.0015136107
test_07527,0.007718279
test_07528,0.9986892
test_07529,0.0012938504
test_07530,0.99737114
test_07531,0.9939795
test_07532,0.9980768
test_07533,0.04827255
test_07534,0.020215996
test_07535,0.981446
test_07536,0.030323928
test_07537,0.0071109515
test_07538,0.023539234
test_07539,0.9978632
test_07540,0.0014403104
test_07541,0.97556525
test_07542,0.9844258
test_07543,0.00225368
test_07544,0.98810756
test_07545,0.003419872
test_07546,0.99868536
test_07547,0.9987798
test_07548,0.004131992
test_07549,0.9943828
test_07550,0.9974657
test_07551,0.999195
test_07552,0.0018137837
test_07553,0.9981905
test_07554,0.9961794
test_07555,0.0018397244
test_07556,0.0019125179
test_07557,0.9989846
test_07558,0.9962302
test_07559,0.82046574
test_07560,0.80407673
test_07561,0.0011607623
test_07562,0.015288323
test_07563,0.99906886
test_07564,0.9988339
test_07565,0.0035989264
test_07566,0.009172994
test_07567,0.0016045168
test_07568,0.0020145155
test_07569,0.981148
test_07570,0.99925125
test_07571,0.012143716
test_07572,0.99920976
test_07573,0.9992709
test_07574,0.9967876
test_07575,0.0008285079
test_07576,0.0016246245
test_07577,0.0032219263
test_07578,0.00092187535
test_07579,0.0010820216
test_07580,0.99810493
test_07581,0.00083082425
test_07582,0.0010154106
test_07583,0.9963791
test_07584,0.99274594
test_07585,0.9226499
test_07586,0.9991972
test_07587,0.0010269884
test_07588,0.99566853
test_07589,0.99365205
test_07590,0.0027103946
test_07591,0.9960246
test_07592,0.0037587504
test_07593,0.9985246
test_07594,0.95373654
test_07595,0.00087938824
test_07596,0.0030624745
test_07597,0.9934027
test_07598,0.19660258
test_07599,0.9957963
test_07600,0.0010567749
test_07601,0.004746004
test_07602,0.001452871
test_07603,0.99909186
test_07604,0.0025918933
test_07605,0.0014176145
test_07606,0.0006480085
test_07607,0.0019533853
test_07608,0.54237634
test_07609,0.9981526
test_07610,0.0072779288
test_07611,0.001091669
test_07612,0.0019278256
test_07613,0.0014070389
test_07614,0.98976076
test_07615,0.996904
test_07616,0.9992411
test_07617,0.2450679
test_07618,0.99788105
test_07619,0.0019221392
test_07620,0.08248508
test_07621,0.0013139991
test_07622,0.002102873
test_07623,0.9990468
test_07624,0.0013864096
test_07625,0.0025633872
test_07626,0.9976381
test_07627,0.99106354
test_07628,0.996813
test_07629,0.0017667005
test_07630,0.9966736
test_07631,0.0016297664
test_07632,0.04375388
test_07633,0.0029045509
test_07634,0.997228
test_07635,0.9974674
test_07636,0.00093553914
test_07637,0.95235133
test_07638,0.99792695
test_07639,0.0047468254
test_07640,0.0037620044
test_07641,0.97357786
test_07642,0.00372864
test_07643,0.9988084
test_07644,0.9955926
test_07645,0.0011361395
test_07646,0.8021127
test_07647,0.9991972
test_07648,0.002562564
test_07649,0.99717724
test_07650,0.9981504
test_07651,0.6517291
test_07652,0.9922241
test_07653,0.99917257
test_07654,0.9959278
test_07655,0.030805657
test_07656,0.000994958
test_07657,0.9988171
test_07658,0.0009339978
test_07659,0.9990633
test_07660,0.43307742
test_07661,0.98459846
test_07662,0.0069864895
test_07663,0.009842017
test_07664,0.002085301
test_07665,0.00190691
test_07666,0.9987908
test_07667,0.0032870336
test_07668,0.0026602298
test_07669,0.9987071
test_07670,0.00465816
test_07671,0.0014046069
test_07672,0.0016458676
test_07673,0.0040688366
test_07674,0.5233998
test_07675,0.0016035372
test_07676,0.0025025716
test_07677,0.000675957
test_07678,0.0054385527
test_07679,0.002769926
test_07680,0.9731812
test_07681,0.0023461578
test_07682,0.0034814656
test_07683,0.9992697
test_07684,0.9933338
test_07685,0.06089367
test_07686,0.0026687863
test_07687,0.8414203
test_07688,0.07529991
test_07689,0.9959748
test_07690,0.99139845
test_07691,0.0026946315
test_07692,0.9988275
test_07693,0.9968606
test_07694,0.0025951876
test_07695,0.04377378
test_07696,0.018931743
test_07697,0.99772555
test_07698,0.99874806
test_07699,0.005371071
test_07700,0.9935822
test_07701,0.002462513
test_07702,0.007713456
test_07703,0.9920343
test_07704,0.9986212
test_07705,0.009450811
test_07706,0.99463665
test_07707,0.2548054
test_07708,0.9985676
test_07709,0.99918985
test_07710,0.99930036
test_07711,0.9968034
test_07712,0.005072832
test_07713,0.0014156019
test_07714,0.0011018568
test_07715,0.99771357
test_07716,0.9927451
test_07717,0.0010302837
test_07718,0.00079063495
test_07719,0.0058435625
test_07720,0.0015388774
test_07721,0.0024983333
test_07722,0.0015151124
test_07723,0.0024509726
test_07724,0.998916
test_07725,0.99919987
test_07726,0.23809153
test_07727,0.0030583274
test_07728,0.013888368
test_07729,0.9979232
test_07730,0.03128768
test_07731,0.0012507946
test_07732,0.50682837
test_07733,0.9934194
test_07734,0.009364789
test_07735,0.01014159
test_07736,0.0015864725
test_07737,0.99735105
test_07738,0.009570651
test_07739,0.27929795
test_07740,0.001956236
test_07741,0.0014167102
test_07742,0.9944062
test_07743,0.99780655
test_07744,0.001795178
test_07745,0.71747124
test_07746,0.018469265
test_07747,0.0023979594
test_07748,0.00096674624
test_07749,0.9981866
test_07750,0.9984857
test_07751,0.013445883
test_07752,0.0030528132
test_07753,0.6583228
test_07754,0.019776985
test_07755,0.0013766577
test_07756,0.9978348
test_07757,0.0009654311
test_07758,0.00068418117
test_07759,0.9262531
test_07760,0.00057318993
test_07761,0.99803054
test_07762,0.9976879
test_07763,0.998657
test_07764,0.9986098
test_07765,0.0016941356
test_07766,0.99898016
test_07767,0.0048963083
test_07768,0.040408667
test_07769,0.0007651387
test_07770,0.0049823043
test_07771,0.99130225
test_07772,0.9986624
test_07773,0.9949267
test_07774,0.0019124541
test_07775,0.0028246029
test_07776,0.14881325
test_07777,0.99858826
test_07778,0.99878
test_07779,0.9911463
test_07780,0.9991753
test_07781,0.0029879925
test_07782,0.0040094345
test_07783,0.0025960556
test_07784,0.03967898
test_07785,0.0038032345
test_07786,0.3501264
test_07787,0.99653274
test_07788,0.9978641
test_07789,0.9897675
test_07790,0.028465962
test_07791,0.04230036
test_07792,0.004159421
test_07793,0.00088083197
test_07794,0.0040454944
test_07795,0.9952618
test_07796,0.0010861106
test_07797,0.0017665047
test_07798,0.99890375
test_07799,0.9875041
test_07800,0.9936676
test_07801,0.000842775
test_07802,0.55455416
test_07803,0.7793945
test_07804,0.9989277
test_07805,0.024141002
test_07806,0.00092790404
test_07807,0.0012800994
test_07808,0.0036693178
test_07809,0.0013339561
test_07810,0.0029332638
test_07811,0.9923761
test_07812,0.04742998
test_07813,0.99858487
test_07814,0.016079817
test_07815,0.001085894
test_07816,0.00079272926
test_07817,0.9964939
test_07818,0.00073244073
test_07819,0.99738526
test_07820,0.005314865
test_07821,0.99613893
test_07822,0.002473813
test_07823,0.0006269944
test_07824,0.99862623
test_07825,0.99821913
test_07826,0.0080826385
test_07827,0.99890894
test_07828,0.065282986
test_07829,0.99585843
test_07830,0.0006096954
test_07831,0.9986354
test_07832,0.99556994
test_07833,0.133634
test_07834,0.99910986
test_07835,0.99671817
test_07836,0.092401095
test_07837,0.0012072539
test_07838,0.99848485
test_07839,0.99252886
test_07840,0.98118913
test_07841,0.0021587578
test_07842,0.0036940514
test_07843,0.0014036726
test_07844,0.9154006
test_07845,0.99917835
test_07846,0.0018751824
test_07847,0.99888873
test_07848,0.0017498326
test_07849,0.99386305
test_07850,0.9986937
test_07851,0.10650824
test_07852,0.9682378
test_07853,0.0010935196
test_07854,0.99606335
test_07855,0.01101589
test_07856,0.0052850135
test_07857,0.0008487689
test_07858,0.0018331021
test_07859,0.99736077
test_07860,0.0014721741
test_07861,0.06681611
test_07862,0.00560179
test_07863,0.33921087
test_07864,0.4007413
test_07865,0.99731374
test_07866,0.99890924
test_07867,0.0012784328
test_07868,0.99932
test_07869,0.9921038
test_07870,0.0034992294
test_07871,0.9761691
test_07872,0.0029808872
test_07873,0.096168935
test_07874,0.0028381983
test_07875,0.0024767667
test_07876,0.0006491676
test_07877,0.0006903482
test_07878,0.00073953206
test_07879,0.0029820355
test_07880,0.98190105
test_07881,0.9923259
test_07882,0.9911027
test_07883,0.9627407
test_07884,0.581077
test_07885,0.99626255
test_07886,0.0012250312
test_07887,0.9985996
test_07888,0.0063450513
test_07889,0.9938643
test_07890,0.9970069
test_07891,0.996653
test_07892,0.2225124
test_07893,0.9924818
test_07894,0.0010010898
test_07895,0.025191344
test_07896,0.99306035
test_07897,0.0019013042
test_07898,0.99694663
test_07899,0.99878407
test_07900,0.99913055
test_07901,0.9984697
test_07902,0.0006921876
test_07903,0.17837283
test_07904,0.0032855659
test_07905,0.0064571095
test_07906,0.013676237
test_07907,0.0028188364
test_07908,0.0016639685
test_07909,0.97581106
test_07910,0.99604094
test_07911,0.99687517
test_07912,0.0013120497
test_07913,0.00082278816
test_07914,0.0009851896
test_07915,0.0017296803
test_07916,0.9953387
test_07917,0.0006639749
test_07918,0.0006389689
test_07919,0.0040085586
test_07920,0.002029011
test_07921,0.9988079
test_07922,0.12176517
test_07923,0.9989096
test_07924,0.0020510955
test_07925,0.00087694894
test_07926,0.0027114986
test_07927,0.9961357
test_07928,0.0006506587
test_07929,0.0008618672
test_07930,0.0060938615
test_07931,0.003118363
test_07932,0.99852407
test_07933,0.9965888
test_07934,0.002007805
test_07935,0.00511632
test_07936,0.0036639213
test_07937,0.027591232
test_07938,0.9878062
test_07939,0.0021863072
test_07940,0.00095618144
test_07941,0.016800968
test_07942,0.0010991138
test_07943,0.99596775
test_07944,0.01258407
test_07945,0.0040418934
test_07946,0.0010626537
test_07947,0.99823666
test_07948,0.31182352
test_07949,0.99312365
test_07950,0.9980014
test_07951,0.00093645474
test_07952,0.063327655
test_07953,0.0020060684
test_07954,0.00071644556
test_07955,0.002490892
test_07956,0.011624855
test_07957,0.013288962
test_07958,0.005565984
test_07959,0.9961576
test_07960,0.0014806353
test_07961,0.9984963
test_07962,0.0034695175
test_07963,0.9541545
test_07964,0.0010600642
test_07965,0.0010834108
test_07966,0.99736965
test_07967,0.9979498
test_07968,0.0010653785
test_07969,0.0026306126
test_07970,0.0026722997
test_07971,0.00060526485
test_07972,0.9959341
test_07973,0.0012568677
test_07974,0.988796
test_07975,0.001993542
test_07976,0.010036666
test_07977,0.0019844696
test_07978,0.9960779
test_07979,0.001102054
test_07980,0.0050956174
test_07981,0.006316738
test_07982,0.0030630042
test_07983,0.0010351082
test_07984,0.9860064
test_07985,0.9991263
test_07986,0.0030261748
test_07987,0.0006760465
test_07988,0.001022175
test_07989,0.018639907
test_07990,0.9137398
test_07991,0.9988332
test_07992,0.0007341067
test_07993,0.99899435
test_07994,0.909672
test_07995,0.99838656
test_07996,0.9991641
test_07997,0.99768734
test_07998,0.9964024
test_07999,0.9967642
test_08000,0.006904262
test_08001,0.001769816
test_08002,0.001047379
test_08003,0.9991852
test_08004,0.007914911
test_08005,0.99821025
test_08006,0.99475074
test_08007,0.10067542
test_08008,0.9729638
test_08009,0.0022498763
test_08010,0.9950752
test_08011,0.99675786
test_08012,0.99861395
test_08013,0.010894626
test_08014,0.0010246189
test_08015,0.0007789272
test_08016,0.9966253
test_08017,0.0029839838
test_08018,0.99903345
test_08019,0.9954982
test_08020,0.99778855
test_08021,0.98876846
test_08022,0.0018641625
test_08023,0.00075395213
test_08024,0.0032205845
test_08025,0.4685017
test_08026,0.99637246
test_08027,0.9941109
test_08028,0.0008285047
test_08029,0.99858713
test_08030,0.008699054
test_08031,0.0017336654
test_08032,0.9946845
test_08033,0.009101723
test_08034,0.9985727
test_08035,0.00063110766
test_08036,0.99363124
test_08037,0.001261645
test_08038,0.9974351
test_08039,0.9966047
test_08040,0.99297714
test_08041,0.9986311
test_08042,0.997628
test_08043,0.0011820784
test_08044,0.0233371
test_08045,0.18666853
test_08046,0.0041394746
test_08047,0.01735225
test_08048,0.8583598
test_08049,0.99430823
test_08050,0.0010975649
test_08051,0.002296854
test_08052,0.9983349
test_08053,0.041135214
test_08054,0.0048172376
test_08055,0.99880147
test_08056,0.9990202
test_08057,0.002748477
test_08058,0.0009147731
test_08059,0.0060888617
test_08060,0.9982393
test_08061,0.003795565
test_08062,0.998037
test_08063,0.0314924
test_08064,0.0015587201
test_08065,0.99508804
test_08066,0.0016248779
test_08067,0.9990817
test_08068,0.5544331
test_08069,0.81827617
test_08070,0.0025126198
test_08071,0.9974099
test_08072,0.035904165
test_08073,0.99498403
test_08074,0.018129937
test_08075,0.42201418
test_08076,0.0017882972
test_08077,0.0015070919
test_08078,0.99912393
test_08079,0.002220889
test_08080,0.9959496
test_08081,0.001312463
test_08082,0.009166852
test_08083,0.9991088
test_08084,0.0022620873
test_08085,0.0021049476
test_08086,0.012933516
test_08087,0.9980813
test_08088,0.9970093
test_08089,0.004507393
test_08090,0.0014959932
test_08091,0.9983003
test_08092,0.8693022
test_08093,0.28924072
test_08094,0.004396517
test_08095,0.99873763
test_08096,0.001974331
test_08097,0.98699605
test_08098,0.0044823154
test_08099,0.0037025623
test_08100,0.9983381
test_08101,0.006612409
test_08102,0.0013965016
test_08103,0.9961566
test_08104,0.001689473
test_08105,0.998997
test_08106,0.9989532
test_08107,0.99129224
test_08108,0.005796252
test_08109,0.9983041
test_08110,0.998238
test_08111,0.0046894224
test_08112,0.99866545
test_08113,0.0013286239
test_08114,0.0012058583
test_08115,0.0024223654
test_08116,0.9915768
test_08117,0.0025209645
test_08118,0.0017881367
test_08119,0.31292996
test_08120,0.004954313
test_08121,0.0050450135
test_08122,0.99845636
test_08123,0.0039750575
test_08124,0.94159794
test_08125,0.9992794
test_08126,0.15490925
test_08127,0.0019053249
test_08128,0.28510815
test_08129,0.004578027
test_08130,0.0019389628
test_08131,0.99812347
test_08132,0.0026029937
test_08133,0.0036793032
test_08134,0.0020876988
test_08135,0.0038956213
test_08136,0.9970194
test_08137,0.0016204302
test_08138,0.0015845196
test_08139,0.99519825
test_08140,0.9987545
test_08141,0.9977461
test_08142,0.9991474
test_08143,0.9974323
test_08144,0.9976228
test_08145,0.002794703
test_08146,0.9954442
test_08147,0.0034461576
test_08148,0.006353315
test_08149,0.00091646175
test_08150,0.9984561
test_08151,0.65940005
test_08152,0.004358652
test_08153,0.15913148
test_08154,0.0018808169
test_08155,0.0016957428
test_08156,0.0018202397
test_08157,0.0017953871
test_08158,0.0029037008
test_08159,0.9977025
test_08160,0.99488056
test_08161,0.9970803
test_08162,0.001131257
test_08163,0.9949182
test_08164,0.009910934
test_08165,0.0021826886
test_08166,0.003839591
test_08167,0.0040463996
test_08168,0.99847925
test_08169,0.96440256
test_08170,0.005290705
test_08171,0.9965595
test_08172,0.83782786
test_08173,0.00205601
test_08174,0.0012753935
test_08175,0.99695015
test_08176,0.9980457
test_08177,0.997851
test_08178,0.9963435
test_08179,0.98342586
test_08180,0.00067139254
test_08181,0.013987763
test_08182,0.002813317
test_08183,0.99823
test_08184,0.99897337
test_08185,0.98611176
test_08186,0.9809671
test_08187,0.988731
test_08188,0.005430455
test_08189,0.003074817
test_08190,0.00051515
test_08191,0.1475607
test_08192,0.99743986
test_08193,0.9993187
test_08194,0.024523145
test_08195,0.0012632173
test_08196,0.00706021
test_08197,0.9979025
test_08198,0.9974842
test_08199,0.0020239016
test_08200,0.97312754
test_08201,0.0025911888
test_08202,0.9981589
test_08203,0.9821079
test_08204,0.97905517
test_08205,0.9926932
test_08206,0.8829272
test_08207,0.997866
test_08208,0.0069573703
test_08209,0.0053440337
test_08210,0.0010129751
test_08211,0.0030980152
test_08212,0.9992008
test_08213,0.998577
test_08214,0.0010544228
test_08215,0.0030243516
test_08216,0.0015661927
test_08217,0.99835145
test_08218,0.99762326
test_08219,0.0019515064
test_08220,0.0015867993
test_08221,0.0027016571
test_08222,0.9988744
test_08223,0.0010731239
test_08224,0.0015755042
test_08225,0.00093980454
test_08226,0.95476174
test_08227,0.9988345
test_08228,0.9963337
test_08229,0.0020461772
test_08230,0.13258916
test_08231,0.00660132
test_08232,0.0028668046
test_08233,0.0015902409
test_08234,0.0009567938
test_08235,0.0050656274
test_08236,0.031530395
test_08237,0.99838233
test_08238,0.99834514
test_08239,0.9985447
test_08240,0.94446814
test_08241,0.98765385
test_08242,0.9978701
test_08243,0.0008753501
test_08244,0.9967698
test_08245,0.003312105
test_08246,0.99564034
test_08247,0.04228791
test_08248,0.15960822
test_08249,0.9987955
test_08250,0.68993866
test_08251,0.98880535
test_08252,0.99692637
test_08253,0.00082032173
test_08254,0.99609244
test_08255,0.001166851
test_08256,0.047366425
test_08257,0.0037552456
test_08258,0.59912467
test_08259,0.97011983
test_08260,0.993188
test_08261,0.9974536
test_08262,0.9965662
test_08263,0.9971726
test_08264,0.9985926
test_08265,0.9934734
test_08266,0.9990943
test_08267,0.002748275
test_08268,0.00354391
test_08269,0.99923617
test_08270,0.003274239
test_08271,0.92979836
test_08272,0.99890244
test_08273,0.56083405
test_08274,0.9962578
test_08275,0.0017618986
test_08276,0.99903834
test_08277,0.0022875934
test_08278,0.0010666518
test_08279,0.49363035
test_08280,0.0014115793
test_08281,0.29979882
test_08282,0.998006
test_08283,0.9906461
test_08284,0.9973693
test_08285,0.9981854
test_08286,0.0013211895
test_08287,0.05642916
test_08288,0.0014015359
test_08289,0.003700105
test_08290,0.0027936972
test_08291,0.32655317
test_08292,0.0015512445
test_08293,0.99748594
test_08294,0.008133827
test_08295,0.98073417
test_08296,0.99828726
test_08297,0.9991486
test_08298,0.0008343282
test_08299,0.0013723968
test_08300,0.9980428
test_08301,0.999221
test_08302,0.99731916
test_08303,0.9980688
test_08304,0.9989054
test_08305,0.08163792
test_08306,0.006144334
test_08307,0.99531466
test_08308,0.99141324
test_08309,0.0028189984
test_08310,0.99784964
test_08311,0.009112736
test_08312,0.9985482
test_08313,0.997471
test_08314,0.0015848033
test_08315,0.9959847
test_08316,0.99704796
test_08317,0.99290466
test_08318,0.0039290083
test_08319,0.99818814
test_08320,0.9887582
test_08321,0.59908104
test_08322,0.996232
test_08323,0.99717855
test_08324,0.5318047
test_08325,0.99545884
test_08326,0.0028414393
test_08327,0.0014496882
test_08328,0.0016706644
test_08329,0.9975617
test_08330,0.9928503
test_08331,0.99746704
test_08332,0.0026005777
test_08333,0.0023253653
test_08334,0.99910444
test_08335,0.9191567
test_08336,0.019439947
test_08337,0.99889505
test_08338,0.9964564
test_08339,0.0040157805
test_08340,0.0010270074
test_08341,0.99793386
test_08342,0.011975546
test_08343,0.73455054
test_08344,0.99342394
test_08345,0.99765193
test_08346,0.011467833
test_08347,0.0006741225
test_08348,0.99818105
test_08349,0.0018411577
test_08350,0.9984554
test_08351,0.9978947
test_08352,0.027238214
test_08353,0.99727356
test_08354,0.0014033258
test_08355,0.94251066
test_08356,0.037115008
test_08357,0.0008578369
test_08358,0.96730626
test_08359,0.9836941
test_08360,0.9934399
test_08361,0.8593937
test_08362,0.0025770934
test_08363,0.9974901
test_08364,0.10594991
test_08365,0.0080656735
test_08366,0.9940648
test_08367,0.98966086
test_08368,0.9979863
test_08369,0.0018832602
test_08370,0.99825823
test_08371,0.0009761143
test_08372,0.0012789161
test_08373,0.9983682
test_08374,0.9960579
test_08375,0.0010264739
test_08376,0.99857426
test_08377,0.9849349
test_08378,0.99555457
test_08379,0.99805546
test_08380,0.99865913
test_08381,0.9971379
test_08382,0.98483646
test_08383,0.0035167073
test_08384,0.003266327
test_08385,0.0014658952
test_08386,0.00252041
test_08387,0.0012767222
test_08388,0.0010699842
test_08389,0.99209726
test_08390,0.009433226
test_08391,0.20978202
test_08392,0.9900771
test_08393,0.9875436
test_08394,0.007919212
test_08395,0.0018031623
test_08396,0.05234673
test_08397,0.0013953395
test_08398,0.99915075
test_08399,0.0040002596
test_08400,0.008655904
test_08401,0.015273735
test_08402,0.0007343143
test_08403,0.002593284
test_08404,0.9952297
test_08405,0.0029416105
test_08406,0.00495112
test_08407,0.99776804
test_08408,0.03030323
test_08409,0.001902755
test_08410,0.8135768
test_08411,0.998914
test_08412,0.998517
test_08413,0.0023218268
test_08414,0.009962233
test_08415,0.0045575816
test_08416,0.99797577
test_08417,0.99853015
test_08418,0.992383
test_08419,0.002251727
test_08420,0.40695116
test_08421,0.023129482
test_08422,0.99250245
test_08423,0.99770844
test_08424,0.0030354094
test_08425,0.00070781895
test_08426,0.0022117314
test_08427,0.9983915
test_08428,0.99806786
test_08429,0.007936275
test_08430,0.997854
test_08431,0.536802
test_08432,0.20157754
test_08433,0.05465027
test_08434,0.99203825
test_08435,0.004143722
test_08436,0.99904215
test_08437,0.001158042
test_08438,0.9976294
test_08439,0.0023239402
test_08440,0.99813485
test_08441,0.093774974
test_08442,0.4063063
test_08443,0.0013363487
test_08444,0.0016901856
test_08445,0.8149958
test_08446,0.0009952821
test_08447,0.0021905145
test_08448,0.37923092
test_08449,0.99751425
test_08450,0.078007296
test_08451,0.008306588
test_08452,0.0230009
test_08453,0.0017357088
test_08454,0.0030435594
test_08455,0.7864028
test_08456,0.99466664
test_08457,0.9955492
test_08458,0.0014947008
test_08459,0.99704456
test_08460,0.99862087
test_08461,0.002231717
test_08462,0.004409166
test_08463,0.9981675
test_08464,0.00081122835
test_08465,0.99841785
test_08466,0.0026995118
test_08467,0.0016270174
test_08468,0.9444399
test_08469,0.021616185
test_08470,0.0019671505
test_08471,0.00089999265
test_08472,0.9992915
test_08473,0.00066990056
test_08474,0.9974429
test_08475,0.0011651153
test_08476,0.9740017
test_08477,0.9971559
test_08478,0.9023069
test_08479,0.0064947084
test_08480,0.0019283353
test_08481,0.019614251
test_08482,0.99796
test_08483,0.005376613
test_08484,0.9985386
test_08485,0.6010314
test_08486,0.7269148
test_08487,0.0007564239
test_08488,0.007444607
test_08489,0.17034836
test_08490,0.99594307
test_08491,0.9943185
test_08492,0.99903095
test_08493,0.47444135
test_08494,0.4041559
test_08495,0.0013979895
test_08496,0.003935307
test_08497,0.99297976
test_08498,0.002525034
test_08499,0.3996204
test_08500,0.9861487
test_08501,0.0024597514
test_08502,0.99670804
test_08503,0.0021069425
test_08504,0.9558083
test_08505,0.0008242699
test_08506,0.90602857
test_08507,0.000783877
test_08508,0.99230003
test_08509,0.97358334
test_08510,0.9985551
test_08511,0.22604704
test_08512,0.99526644
test_08513,0.99860644
test_08514,0.0013954835
test_08515,0.99629104
test_08516,0.998568
test_08517,0.9986417
test_08518,0.9972329
test_08519,0.9989773
test_08520,0.17083786
test_08521,0.0024267044
test_08522,0.0010461683
test_08523,0.0013475998
test_08524,0.002899965
test_08525,0.99667615
test_08526,0.002461243
test_08527,0.0029747295
test_08528,0.0031736614
test_08529,0.92993855
test_08530,0.0008489123
test_08531,0.35439733
test_08532,0.9963218
test_08533,0.00083176035
test_08534,0.0010059931
test_08535,0.99910396
test_08536,0.0022881743
test_08537,0.99750936
test_08538,0.9872616
test_08539,0.99415356
test_08540,0.99804074
test_08541,0.0007725674
test_08542,0.9942553
test_08543,0.0037961649
test_08544,0.9969095
test_08545,0.9962779
test_08546,0.99715763
test_08547,0.9991037
test_08548,0.0125458725
test_08549,0.0017101954
test_08550,0.9938913
test_08551,0.9992659
test_08552,0.9558135
test_08553,0.99938995
test_08554,0.0023417221
test_08555,0.9938688
test_08556,0.0026124376
test_08557,0.010641394
test_08558,0.011414035
test_08559,0.9987143
test_08560,0.029126441
test_08561,0.99885213
test_08562,0.9414413
test_08563,0.001097742
test_08564,0.0014356226
test_08565,0.99866456
test_08566,0.9975096
test_08567,0.00086532685
test_08568,0.99564683
test_08569,0.0062945597
test_08570,0.0040120897
test_08571,0.0035365196
test_08572,0.99329895
test_08573,0.98263526
test_08574,0.0020643903
test_08575,0.9942658
test_08576,0.0013982052
test_08577,0.9953214
test_08578,0.0008406774
test_08579,0.9652051
test_08580,0.9983041
test_08581,0.9990816
test_08582,0.104388855
test_08583,0.0022343323
test_08584,0.008444335
test_08585,0.0051271096
test_08586,0.26956174
test_08587,0.011389876
test_08588,0.99409336
test_08589,0.5953659
test_08590,0.9961623
test_08591,0.0017958856
test_08592,0.75147355
test_08593,0.0008530569
test_08594,0.0037271383
test_08595,0.9418393
test_08596,0.9837492
test_08597,0.99667263
test_08598,0.9715845
test_08599,0.020832079
test_08600,0.9989626
test_08601,0.99909306
test_08602,0.9970556
test_08603,0.9880996
test_08604,0.99681395
test_08605,0.01343304
test_08606,0.99578094
test_08607,0.99921596
test_08608,0.99910164
test_08609,0.0010569355
test_08610,0.96396136
test_08611,0.001568321
test_08612,0.99885154
test_08613,0.3378353
test_08614,0.9957361
test_08615,0.047441475
test_08616,0.996731
test_08617,0.0011517261
test_08618,0.00097196706
test_08619,0.998755
test_08620,0.9980751
test_08621,0.9992753
test_08622,0.99647045
test_08623,0.0011081286
test_08624,0.7960638
test_08625,0.99870336
test_08626,0.0055323523
test_08627,0.04231151
test_08628,0.99776065
test_08629,0.0025145526
test_08630,0.99858296
test_08631,0.016870674
test_08632,0.0009624523
test_08633,0.99907506
test_08634,0.9916003
test_08635,0.0021365173
test_08636,0.00091914623
test_08637,0.9977429
test_08638,0.9985209
test_08639,0.002960755
test_08640,0.0019704427
test_08641,0.0049493327
test_08642,0.998338
test_08643,0.0006137938
test_08644,0.99859554
test_08645,0.001852583
test_08646,0.0016634283
test_08647,0.001738504
test_08648,0.0020166002
test_08649,0.99250925
test_08650,0.9984123
test_08651,0.9952816
test_08652,0.9326026
test_08653,0.9956014
test_08654,0.008610177
test_08655,0.9957172
test_08656,0.0076467386
test_08657,0.9979108
test_08658,0.997765
test_08659,0.001733051
test_08660,0.0178663
test_08661,0.001327791
test_08662,0.001943098
test_08663,0.00093991554
test_08664,0.0036041895
test_08665,0.0013519432
test_08666,0.9939722
test_08667,0.99346304
test_08668,0.98764104
test_08669,0.998335
test_08670,0.97578347
test_08671,0.7274469
test_08672,0.99589795
test_08673,0.9950004
test_08674,0.9977543
test_08675,0.0010263073
test_08676,0.7529214
test_08677,0.99881417
test_08678,0.9988107
test_08679,0.9964157
test_08680,0.9988463
test_08681,0.003458851
test_08682,0.010235039
test_08683,0.91862136
test_08684,0.031936534
test_08685,0.98731107
test_08686,0.9984472
test_08687,0.001406281
test_08688,0.9935689
test_08689,0.9981191
test_08690,0.0010482923
test_08691,0.9990703
test_08692,0.99755824
test_08693,0.0020572664
test_08694,0.00057199696
test_08695,0.9978478
test_08696,0.0013365275
test_08697,0.0018078758
test_08698,0.9293804
test_08699,0.94509906
test_08700,0.9983789
test_08701,0.9989881
test_08702,0.0011376078
test_08703,0.00070332515
test_08704,0.001361059
test_08705,0.04123367
test_08706,0.00203414
test_08707,0.9979881
test_08708,0.99819946
test_08709,0.9939299
test_08710,0.002014858
test_08711,0.9987869
test_08712,0.0026997025
test_08713,0.99677855
test_08714,0.997427
test_08715,0.0013055495
test_08716,0.9985634
test_08717,0.64803976
test_08718,0.0005863781
test_08719,0.99798465
test_08720,0.9973009
test_08721,0.9892912
test_08722,0.9982437
test_08723,0.9944694
test_08724,0.0017952408
test_08725,0.996413
test_08726,0.9950851
test_08727,0.02405934
test_08728,0.0011606924
test_08729,0.9744617
test_08730,0.28155276
test_08731,0.99886847
test_08732,0.23071036
test_08733,0.005093018
test_08734,0.9950683
test_08735,0.0010688672
test_08736,0.9991727
test_08737,0.0013492134
test_08738,0.68105197
test_08739,0.001209087
test_08740,0.011111895
test_08741,0.09942667
test_08742,0.998712
test_08743,0.0034319186
test_08744,0.43623856
test_08745,0.9920225
test_08746,0.15925181
test_08747,0.9974903
test_08748,0.0032886171
test_08749,0.0014806343
test_08750,0.9955168
test_08751,0.003258884
test_08752,0.04197249
test_08753,0.95348847
test_08754,0.003570144
test_08755,0.99585897
test_08756,0.99710846
test_08757,0.99831885
test_08758,0.0025839242
test_08759,0.0014474272
test_08760,0.0045499266
test_08761,0.005028785
test_08762,0.995064
test_08763,0.018950125
test_08764,0.96920085
test_08765,0.0017577766
test_08766,0.9990498
test_08767,0.0025145998
test_08768,0.99890685
test_08769,0.17150371
test_08770,0.9995167
test_08771,0.0062211147
test_08772,0.0049780584
test_08773,0.0020817018
test_08774,0.0012984195
test_08775,0.99798214
test_08776,0.9987798
test_08777,0.0017504635
test_08778,0.99900997
test_08779,0.99066067
test_08780,0.40209043
test_08781,0.9869596
test_08782,0.0010163251
test_08783,0.9989417
test_08784,0.96205974
test_08785,0.006974262
test_08786,0.7813338
test_08787,0.07296551
test_08788,0.51749235
test_08789,0.9579822
test_08790,0.004423949
test_08791,0.0018840602
test_08792,0.0014186216
test_08793,0.013059888
test_08794,0.003034948
test_08795,0.9965553
test_08796,0.9965228
test_08797,0.96027637
test_08798,0.99273247
test_08799,0.99929774
test_08800,0.9974688
test_08801,0.9977988
test_08802,0.81162864
test_08803,0.9988837
test_08804,0.002867352
test_08805,0.9973366
test_08806,0.934727
test_08807,0.003242586
test_08808,0.99858284
test_08809,0.99876404
test_08810,0.002306973
test_08811,0.99900687
test_08812,0.0042433296
test_08813,0.99814093
test_08814,0.0015311021
test_08815,0.0009914549
test_08816,0.0012903308
test_08817,0.9981596
test_08818,0.0033230064
test_08819,0.99882054
test_08820,0.996786
test_08821,0.0025197489
test_08822,0.9973091
test_08823,0.1878778
test_08824,0.0054086423
test_08825,0.99673223
test_08826,0.007477083
test_08827,0.9955642
test_08828,0.99866235
test_08829,0.0035132682
test_08830,0.9985857
test_08831,0.5393112
test_08832,0.0014920968
test_08833,0.99891925
test_08834,0.91089904
test_08835,0.97522724
test_08836,0.42152655
test_08837,0.9948169
test_08838,0.99874485
test_08839,0.99563634
test_08840,0.84654915
test_08841,0.99900496
test_08842,0.015499545
test_08843,0.9824781
test_08844,0.0021071837
test_08845,0.0015269134
test_08846,0.9935189
test_08847,0.9943818
test_08848,0.027602922
test_08849,0.00084595336
test_08850,0.9971595
test_08851,0.0014450573
test_08852,0.0033800812
test_08853,0.9726102
test_08854,0.9056551
test_08855,0.7599751
test_08856,0.9993133
test_08857,0.9876567
test_08858,0.9910997
test_08859,0.0030900147
test_08860,0.9990953
test_08861,0.9941902
test_08862,0.0032602518
test_08863,0.0039621405
test_08864,0.0065186666
test_08865,0.0155496625
test_08866,0.99819773
test_08867,0.99882346
test_08868,0.0023520435
test_08869,0.9958758
test_08870,0.9964357
test_08871,0.99854946
test_08872,0.037104025
test_08873,0.9981512
test_08874,0.0012013505
test_08875,0.99570024
test_08876,0.9953307
test_08877,0.5516703
test_08878,0.9990567
test_08879,0.9947324
test_08880,0.98147845
test_08881,0.99854344
test_08882,0.005831497
test_08883,0.0036041785
test_08884,0.9992334
test_08885,0.001423294
test_08886,0.0009877412
test_08887,0.0006896414
test_08888,0.18894139
test_08889,0.9990307
test_08890,0.0027030827
test_08891,0.02713504
test_08892,0.71043336
test_08893,0.019134339
test_08894,0.9965689
test_08895,0.00076486915
test_08896,0.99917257
test_08897,0.0011988138
test_08898,0.9844788
test_08899,0.019324942
test_08900,0.9978802
test_08901,0.99209386
test_08902,0.9753994
test_08903,0.9559368
test_08904,0.9982816
test_08905,0.997109
test_08906,0.9961226
test_08907,0.9990035
test_08908,0.99480575
test_08909,0.17557712
test_08910,0.00077113014
test_08911,0.99094653
test_08912,0.018362999
test_08913,0.0023865493
test_08914,0.0012565341
test_08915,0.6329668
test_08916,0.9977754
test_08917,0.99607676
test_08918,0.9977712
test_08919,0.85273314
test_08920,0.00096516265
test_08921,0.8781148
test_08922,0.0031954458
test_08923,0.98615813
test_08924,0.99488354
test_08925,0.99721205
test_08926,0.0012568102
test_08927,0.00069235865
test_08928,0.004305836
test_08929,0.9956163
test_08930,0.9989706
test_08931,0.037387244
test_08932,0.2649758
test_08933,0.4056564
test_08934,0.8659389
test_08935,0.9980665
test_08936,0.99707615
test_08937,0.9941739
test_08938,0.9995291
test_08939,0.0010891994
test_08940,0.0022413859
test_08941,0.22148359
test_08942,0.65998435
test_08943,0.998386
test_08944,0.9992933
test_08945,0.9986995
test_08946,0.0006544954
test_08947,0.96959126
test_08948,0.998857
test_08949,0.0031609628
test_08950,0.0012929565
test_08951,0.9975678
test_08952,0.9894936
test_08953,0.99661124
test_08954,0.95793235
test_08955,0.9970279
test_08956,0.9713551
test_08957,0.0030996453
test_08958,0.0051403586
test_08959,0.0015376383
test_08960,0.9978979
test_08961,0.00532087
test_08962,0.004453578
test_08963,0.002102267
test_08964,0.0038413452
test_08965,0.003682075
test_08966,0.998657
test_08967,0.0013809125
test_08968,0.99571025
test_08969,0.0010591152
test_08970,0.9962964
test_08971,0.005655434
test_08972,0.0015937123
test_08973,0.99775696
test_08974,0.022786038
test_08975,0.0032382014
test_08976,0.0035423194
test_08977,0.9946054
test_08978,0.008964258
test_08979,0.9977685
test_08980,0.9976417
test_08981,0.99908715
test_08982,0.99753964
test_08983,0.9941204
test_08984,0.008084826
test_08985,0.00076258305
test_08986,0.99174714
test_08987,0.0011577271
test_08988,0.0012206539
test_08989,0.9990979
test_08990,0.012936056
test_08991,0.00570256
test_08992,0.013359886
test_08993,0.6289965
test_08994,0.9983115
test_08995,0.0017018729
test_08996,0.99905396
test_08997,0.99672675
test_08998,0.9897168
test_08999,0.99836874
test_09000,0.9977666
test_09001,0.99574333
test_09002,0.0012530305
test_09003,0.9953908
test_09004,0.014852987
test_09005,0.9991021
test_09006,0.99704576
test_09007,0.45725834
test_09008,0.19882071
test_09009,0.9612564
test_09010,0.9975734
test_09011,0.0010234689
test_09012,0.9975809
test_09013,0.9984753
test_09014,0.0027664856
test_09015,0.93420446
test_09016,0.9822353
test_09017,0.99866223
test_09018,0.99867785
test_09019,0.9985317
test_09020,0.0023605276
test_09021,0.5699011
test_09022,0.9987489
test_09023,0.0018345797
test_09024,0.994133
test_09025,0.9971379
test_09026,0.99805295
test_09027,0.99605536
test_09028,0.04218088
test_09029,0.0024262643
test_09030,0.9966512
test_09031,0.0057996814
test_09032,0.99795943
test_09033,0.97284853
test_09034,0.0011133645
test_09035,0.0032068626
test_09036,0.0016324564
test_09037,0.0058572753
test_09038,0.0010059831
test_09039,0.0013912078
test_09040,0.98307025
test_09041,0.00078211864
test_09042,0.9978845
test_09043,0.001796233
test_09044,0.8908551
test_09045,0.002809642
test_09046,0.99683607
test_09047,0.9807994
test_09048,0.0020347694
test_09049,0.9992044
test_09050,0.0064623086
test_09051,0.995826
test_09052,0.99615633
test_09053,0.9907695
test_09054,0.92648244
test_09055,0.0025952861
test_09056,0.0023038944
test_09057,0.002005223
test_09058,0.9917913
test_09059,0.25749812
test_09060,0.9988718
test_09061,0.0010635281
test_09062,0.961366
test_09063,0.98981
test_09064,0.0027907677
test_09065,0.9982151
test_09066,0.15756129
test_09067,0.996191
test_09068,0.0052103363
test_09069,0.010305973
test_09070,0.0016344341
test_09071,0.9992492
test_09072,0.99878025
test_09073,0.9980541
test_09074,0.9963347
test_09075,0.99830884
test_09076,0.0010164336
test_09077,0.9987876
test_09078,0.9868723
test_09079,0.99345887
test_09080,0.98528266
test_09081,0.9226532
test_09082,0.0018350461
test_09083,0.9984511
test_09084,0.003299031
test_09085,0.9978751
test_09086,0.99583805
test_09087,0.0028230813
test_09088,0.0023265397
test_09089,0.99424505
test_09090,0.996624
test_09091,0.013922431
test_09092,0.0012890184
test_09093,0.019637162
test_09094,0.9956471
test_09095,0.9979795
test_09096,0.00072286476
test_09097,0.02073498
test_09098,0.9764032
test_09099,0.0049945666
test_09100,0.9856663
test_09101,0.9953058
test_09102,0.00491398
test_09103,0.01154122
test_09104,0.998443
test_09105,0.0008804022
test_09106,0.9984131
test_09107,0.0006070408
test_09108,0.9967203
test_09109,0.0019857418
test_09110,0.9899118
test_09111,0.99831927
test_09112,0.9886205
test_09113,0.8317961
test_09114,0.0049923845
test_09115,0.000891922
test_09116,0.9978301
test_09117,0.002360522
test_09118,0.9988683
test_09119,0.0054528173
test_09120,0.9987068
test_09121,0.9856892
test_09122,0.99809057
test_09123,0.000772567
test_09124,0.99890184
test_09125,0.98387563
test_09126,0.00081727956
test_09127,0.99687606
test_09128,0.0010524753
test_09129,0.0007921681
test_09130,0.0013892772
test_09131,0.14944647
test_09132,0.002050592
test_09133,0.00593247
test_09134,0.0019769832
test_09135,0.9986162
test_09136,0.9987347
test_09137,0.9986625
test_09138,0.98725015
test_09139,0.013539285
test_09140,0.99734807
test_09141,0.0032332162
test_09142,0.0017175615
test_09143,0.005520189
test_09144,0.9986906
test_09145,0.99769604
test_09146,0.004569226
test_09147,0.99311227
test_09148,0.0010069904
test_09149,0.9928131
test_09150,0.002019057
test_09151,0.0012340953
test_09152,0.0014910775
test_09153,0.6971053
test_09154,0.99687904
test_09155,0.018075546
test_09156,0.30532035
test_09157,0.0011207962
test_09158,0.9810902
test_09159,0.0063006887
test_09160,0.9906293
test_09161,0.9985975
test_09162,0.00075886224
test_09163,0.99365866
test_09164,0.16776176
test_09165,0.0021252637
test_09166,0.9550251
test_09167,0.009406301
test_09168,0.9987277
test_09169,0.9964985
test_09170,0.9393958
test_09171,0.04253694
test_09172,0.9935838
test_09173,0.9981816
test_09174,0.0023124355
test_09175,0.001631933
test_09176,0.0007801488
test_09177,0.99122524
test_09178,0.9991202
test_09179,0.003183153
test_09180,0.0011606609
test_09181,0.09411884
test_09182,0.99882925
test_09183,0.0031109904
test_09184,0.0010106266
test_09185,0.06882703
test_09186,0.05311553
test_09187,0.99778914
test_09188,0.0007628076
test_09189,0.0021116622
test_09190,0.9993292
test_09191,0.9100357
test_09192,0.001687685
test_09193,0.9966722
test_09194,0.001719778
test_09195,0.9973901
test_09196,0.9985782
test_09197,0.08680754
test_09198,0.001980339
test_09199,0.9968767
test_09200,0.0011073274
test_09201,0.0008611053
test_09202,0.0065396284
test_09203,0.99878514
test_09204,0.99880415
test_09205,0.8025073
test_09206,0.973792
test_09207,0.0010047606
test_09208,0.43269616
test_09209,0.00083527144
test_09210,0.2019
test_09211,0.99675065
test_09212,0.0008244274
test_09213,0.99826956
test_09214,0.99759084
test_09215,0.008892456
test_09216,0.0026134546
test_09217,0.9894684
test_09218,0.9985267
test_09219,0.99513876
test_09220,0.99936664
test_09221,0.9990959
test_09222,0.0018529659
test_09223,0.93011284
test_09224,0.99828184
test_09225,0.9932139
test_09226,0.99508584
test_09227,0.0009540635
test_09228,0.0019053735
test_09229,0.47804815
test_09230,0.96426666
test_09231,0.97648585
test_09232,0.0029506134
test_09233,0.002682505
test_09234,0.9980941
test_09235,0.00097532774
test_09236,0.0036423916
test_09237,0.98722875
test_09238,0.9978478
test_09239,0.75992996
test_09240,0.042346388
test_09241,0.009225389
test_09242,0.9974983
test_09243,0.001709413
test_09244,0.38961858
test_09245,0.99899864
test_09246,0.9983052
test_09247,0.0068555097
test_09248,0.998953
test_09249,0.9986129
test_09250,0.06707831
test_09251,0.03332777
test_09252,0.0016378378
test_09253,0.99884355
test_09254,0.4243497
test_09255,0.93791616
test_09256,0.99444056
test_09257,0.0020485136
test_09258,0.05399932
test_09259,0.99818116
test_09260,0.0022003888
test_09261,0.0024274169
test_09262,0.9986081
test_09263,0.06579296
test_09264,0.016346373
test_09265,0.3096644
test_09266,0.997283
test_09267,0.9956764
test_09268,0.9968032
test_09269,0.0034689507
test_09270,0.0013536622
test_09271,0.99840647
test_09272,0.9949026
test_09273,0.9981799
test_09274,0.004853399
test_09275,0.0014691546
test_09276,0.011264947
test_09277,0.9985346
test_09278,0.010585347
test_09279,0.0010933862
test_09280,0.0011343614
test_09281,0.19278996
test_09282,0.002593571
test_09283,0.0019331882
test_09284,0.99310064
test_09285,0.006473714
test_09286,0.0022044103
test_09287,0.99262214
test_09288,0.076055385
test_09289,0.98755324
test_09290,0.0018632901
test_09291,0.9990635
test_09292,0.9977492
test_09293,0.0022133002
test_09294,0.003671888
test_09295,0.00612542
test_09296,0.0007165043
test_09297,0.55096954
test_09298,0.812804
test_09299,0.0007605494
test_09300,0.0020504696
test_09301,0.0019275618
test_09302,0.11301655
test_09303,0.979094
test_09304,0.0249752
test_09305,0.9768467
test_09306,0.0015942925
test_09307,0.014308043
test_09308,0.0011537792
test_09309,0.9993968
test_09310,0.99875784
test_09311,0.013400458
test_09312,0.99468935
test_09313,0.088259235
test_09314,0.0010085586
test_09315,0.007815396
test_09316,0.9868167
test_09317,0.9902966
test_09318,0.98611075
test_09319,0.9949869
test_09320,0.9960604
test_09321,0.8117263
test_09322,0.9978442
test_09323,0.9992008
test_09324,0.9239942
test_09325,0.99893373
test_09326,0.3023671
test_09327,0.0040611583
test_09328,0.83145773
test_09329,0.012315629
test_09330,0.0018926013
test_09331,0.999281
test_09332,0.0021816397
test_09333,0.69283086
test_09334,0.99818915
test_09335,0.0033455617
test_09336,0.005305838
test_09337,0.9955111
test_09338,0.005039554
test_09339,0.0084659355
test_09340,0.98214024
test_09341,0.008019162
test_09342,0.6029996
test_09343,0.001750171
test_09344,0.99842477
test_09345,0.99541855
test_09346,0.9893893
test_09347,0.0010431116
test_09348,0.9474174
test_09349,0.00058484613
test_09350,0.9990947
test_09351,0.9951799
test_09352,0.0014074473
test_09353,0.0015345535
test_09354,0.9966625
test_09355,0.99892426
test_09356,0.9954928
test_09357,0.99840564
test_09358,0.0015174234
test_09359,0.0024657482
test_09360,0.20568164
test_09361,0.00094050646
test_09362,0.0016160376
test_09363,0.99375844
test_09364,0.00073685485
test_09365,0.0010325521
test_09366,0.99938077
test_09367,0.9649831
test_09368,0.18539922
test_09369,0.0031909363
test_09370,0.0020116773
test_09371,0.0027259681
test_09372,0.9989914
test_09373,0.0047762925
test_09374,0.99866134
test_09375,0.012295878
test_09376,0.00083815324
test_09377,0.9879341
test_09378,0.99642384
test_09379,0.99862313
test_09380,0.0013482476
test_09381,0.98733085
test_09382,0.99789596
test_09383,0.99697644
test_09384,0.0022376918
test_09385,0.998886
test_09386,0.9959947
test_09387,0.99905
test_09388,0.90361655
test_09389,0.5791427
test_09390,0.9950474
test_09391,0.0014389545
test_09392,0.0011073347
test_09393,0.09209351
test_09394,0.9983381
test_09395,0.7860895
test_09396,0.9989897
test_09397,0.0022913706
test_09398,0.9942059
test_09399,0.0023723396
test_09400,0.62124753
test_09401,0.9966997
test_09402,0.9959394
test_09403,0.0018778595
test_09404,0.997154
test_09405,0.0019717966
test_09406,0.9988424
test_09407,0.99602604
test_09408,0.010731562
test_09409,0.0848763
test_09410,0.99890006
test_09411,0.9935541
test_09412,0.99883646
test_09413,0.999272
test_09414,0.0013657573
test_09415,0.9953794
test_09416,0.99704677
test_09417,0.0009121629
test_09418,0.9974523
test_09419,0.0012819741
test_09420,0.99729335
test_09421,0.0022884156
test_09422,0.0026463345
test_09423,0.003143479
test_09424,0.9970456
test_09425,0.0010624893
test_09426,0.97647107
test_09427,0.0014883333
test_09428,0.00096037146
test_09429,0.99211586
test_09430,0.99792975
test_09431,0.9932108
test_09432,0.0127555635
test_09433,0.7318412
test_09434,0.9947413
test_09435,0.84917307
test_09436,0.009519732
test_09437,0.0027481767
test_09438,0.98141325
test_09439,0.0035623426
test_09440,0.9955298
test_09441,0.0022057998
test_09442,0.0018074365
test_09443,0.99885124
test_09444,0.9991821
test_09445,0.022144496
test_09446,0.016254388
test_09447,0.030121075
test_09448,0.99845195
test_09449,0.99635637
test_09450,0.9975107
test_09451,0.0027719927
test_09452,0.9970393
test_09453,0.9984948
test_09454,0.99096566
test_09455,0.9992484
test_09456,0.99731314
test_09457,0.0014236805
test_09458,0.0044645257
test_09459,0.9992001
test_09460,0.99907696
test_09461,0.99857086
test_09462,0.0020307668
test_09463,0.008246591
test_09464,0.16285262
test_09465,0.9983567
test_09466,0.0016551581
test_09467,0.9973346
test_09468,0.009979087
test_09469,0.023326067
test_09470,0.9989799
test_09471,0.016956916
test_09472,0.99886596
test_09473,0.004330302
test_09474,0.005916903
test_09475,0.9993532
test_09476,0.99928886
test_09477,0.58282727
test_09478,0.0011960524
test_09479,0.92563695
test_09480,0.0028988398
test_09481,0.0020906173
test_09482,0.0018676275
test_09483,0.9993252
test_09484,0.044652846
test_09485,0.06576422
test_09486,0.9923915
test_09487,0.99850744
test_09488,0.0035186494
test_09489,0.9940361
test_09490,0.003883957
test_09491,0.0036293287
test_09492,0.9989599
test_09493,0.0027459732
test_09494,0.0013200619
test_09495,0.025319602
test_09496,0.00374099
test_09497,0.0038831155
test_09498,0.99794805
test_09499,0.11975006
test_09500,0.9991076
test_09501,0.9978819
test_09502,0.0032421804
test_09503,0.99929357
test_09504,0.008167771
test_09505,0.9979885
test_09506,0.92198133
test_09507,0.99685323
test_09508,0.9987009
test_09509,0.0007432624
test_09510,0.5689068
test_09511,0.004911624
test_09512,0.0030863807
test_09513,0.9742372
test_09514,0.9987726
test_09515,0.010893399
test_09516,0.21803805
test_09517,0.9556069
test_09518,0.0011349677
test_09519,0.9879086
test_09520,0.11265379
test_09521,0.9979689
test_09522,0.42704698
test_09523,0.0047306074
test_09524,0.9978126
test_09525,0.9970913
test_09526,0.99345064
test_09527,0.0078795105
test_09528,0.0029403563
test_09529,0.99764174
test_09530,0.0018412727
test_09531,0.0018852584
test_09532,0.0012120021
test_09533,0.9967239
test_09534,0.9980309
test_09535,0.0051073367
test_09536,0.0012863516
test_09537,0.99913585
test_09538,0.002351534
test_09539,0.9947506
test_09540,0.0023400811
test_09541,0.002722662
test_09542,0.0017952491
test_09543,0.99665105
test_09544,0.99819356
test_09545,0.9880334
test_09546,0.0016739483
test_09547,0.0012482777
test_09548,0.0070374142
test_09549,0.99763346
test_09550,0.0016542426
test_09551,0.006617729
test_09552,0.9923452
test_09553,0.0025515596
test_09554,0.0018170471
test_09555,0.0010315725
test_09556,0.0063533294
test_09557,0.0010727698
test_09558,0.008228857
test_09559,0.99508107
test_09560,0.48706138
test_09561,0.018081974
test_09562,0.9981535
test_09563,0.0016016695
test_09564,0.99128795
test_09565,0.9989748
test_09566,0.0037970815
test_09567,0.9978089
test_09568,0.9981142
test_09569,0.005504744
test_09570,0.016159043
test_09571,0.0021560309
test_09572,0.013602344
test_09573,0.9953971
test_09574,0.99906087
test_09575,0.019520424
test_09576,0.00410469
test_09577,0.0035666833
test_09578,0.0009524875
test_09579,0.99705637
test_09580,0.0039637587
test_09581,0.9973281
test_09582,0.99773467
test_09583,0.005182055
test_09584,0.9986694
test_09585,0.8150396
test_09586,0.95811737
test_09587,0.0018345637
test_09588,0.99625766
test_09589,0.99860156
test_09590,0.99570715
test_09591,0.9980499
test_09592,0.99825513
test_09593,0.0032417164
test_09594,0.99740285
test_09595,0.96554446
test_09596,0.99638855
test_09597,0.9982732
test_09598,0.859524
test_09599,0.0018168488
test_09600,0.0008584446
test_09601,0.7829717
test_09602,0.0028480103
test_09603,0.004015136
test_09604,0.00086539256
test_09605,0.7052417
test_09606,0.5109738
test_09607,0.0030912543
test_09608,0.005454629
test_09609,0.9977561
test_09610,0.9981226
test_09611,0.1103991
test_09612,0.9988339
test_09613,0.005842579
test_09614,0.14759803
test_09615,0.0035335347
test_09616,0.00550764
test_09617,0.9984057
test_09618,0.06811392
test_09619,0.036458213
test_09620,0.99938345
test_09621,0.9991752
test_09622,0.0046897917
test_09623,0.9973686
test_09624,0.00532086
test_09625,0.99883443
test_09626,0.99825436
test_09627,0.003655346
test_09628,0.0016318185
test_09629,0.9939364
test_09630,0.9554599
test_09631,0.00091989123
test_09632,0.00175389
test_09633,0.9992994
test_09634,0.9993361
test_09635,0.98126525
test_09636,0.0020747855
test_09637,0.015027238
test_09638,0.0012703139
test_09639,0.98889065
test_09640,0.0020935044
test_09641,0.0017893387
test_09642,0.9991855
test_09643,0.88087547
test_09644,0.00078713655
test_09645,0.013492381
test_09646,0.0013449403
test_09647,0.015684152
test_09648,0.8546654
test_09649,0.0018756497
test_09650,0.001105442
test_09651,0.030361978
test_09652,0.13127977
test_09653,0.9983038
test_09654,0.0018017292
test_09655,0.9988799
test_09656,0.99799144
test_09657,0.0038331323
test_09658,0.0031555113
test_09659,0.93248045
test_09660,0.9887191
test_09661,0.9992276
test_09662,0.0012386087
test_09663,0.996467
test_09664,0.9987254
test_09665,0.0033176837
test_09666,0.9890597
test_09667,0.003232357
test_09668,0.0010655186
test_09669,0.9956696
test_09670,0.0007261159
test_09671,0.0040982882
test_09672,0.9983559
test_09673,0.0020466298
test_09674,0.0027161087
test_09675,0.0010364302
test_09676,0.9946308
test_09677,0.008421741
test_09678,0.99713296
test_09679,0.0009643482
test_09680,0.8784377
test_09681,0.9906862
test_09682,0.0042380528
test_09683,0.0031963554
test_09684,0.9969444
test_09685,0.013531806
test_09686,0.0027827178
test_09687,0.0006817317
test_09688,0.5194286
test_09689,0.0008656557
test_09690,0.9987077
test_09691,0.99889594
test_09692,0.9626422
test_09693,0.007887506
test_09694,0.9989982
test_09695,0.00808157
test_09696,0.0066602984
test_09697,0.99720013
test_09698,0.99587977
test_09699,0.008125192
test_09700,0.98734415
test_09701,0.010992221
test_09702,0.9985144
test_09703,0.9989853
test_09704,0.997313
test_09705,0.9993297
test_09706,0.9654161
test_09707,0.99893194
test_09708,0.81833816
test_09709,0.004378696
test_09710,0.0028590846
test_09711,0.004236852
test_09712,0.00057139306
test_09713,0.98857105
test_09714,0.9870789
test_09715,0.0024876082
test_09716,0.08995107
test_09717,0.9978956
test_09718,0.99884796
test_09719,0.0010158969
test_09720,0.20475492
test_09721,0.001988238
test_09722,0.0007981189
test_09723,0.99719584
test_09724,0.05207435
test_09725,0.99752575
test_09726,0.0043427125
test_09727,0.99929655
test_09728,0.0026586726
test_09729,0.0020691114
test_09730,0.9984032
test_09731,0.005083694
test_09732,0.042175572
test_09733,0.10591254
test_09734,0.002277886
test_09735,0.005554688
test_09736,0.001769166
test_09737,0.99707645
test_09738,0.0022363085
test_09739,0.09552078
test_09740,0.00075274234
test_09741,0.01706157
test_09742,0.005227698
test_09743,0.9957515
test_09744,0.9993153
test_09745,0.99344003
test_09746,0.9969486
test_09747,0.9917454
test_09748,0.26396707
test_09749,0.9973484
test_09750,0.97433734
test_09751,0.9933464
test_09752,0.9095342
test_09753,0.99618185
test_09754,0.0028707709
test_09755,0.0028480855
test_09756,0.99820864
test_09757,0.9937973
test_09758,0.0039910437
test_09759,0.9966973
test_09760,0.0007795481
test_09761,0.003234531
test_09762,0.001590007
test_09763,0.99308825
test_09764,0.0015339766
test_09765,0.0008708204
test_09766,0.001514469
test_09767,0.0019410909
test_09768,0.99479884
test_09769,0.00067129364
test_09770,0.024380818
test_09771,0.45251966
test_09772,0.98750854
test_09773,0.9969731
test_09774,0.015399262
test_09775,0.0067251683
test_09776,0.99341846
test_09777,0.99722886
test_09778,0.0016533573
test_09779,0.9871008
test_09780,0.0009572888
test_09781,0.0023393591
test_09782,0.99909794
test_09783,0.99243987
test_09784,0.0037189887
test_09785,0.99798894
test_09786,0.000994754
test_09787,0.98773277
test_09788,0.9967217
test_09789,0.88043535
test_09790,0.0032080691
test_09791,0.9974343
test_09792,0.01640081
test_09793,0.99676764
test_09794,0.003465212
test_09795,0.0030260882
test_09796,0.0022307117
test_09797,0.013099957
test_09798,0.9987483
test_09799,0.99624944
test_09800,0.9488332
test_09801,0.0047411355
test_09802,0.9991965
test_09803,0.99399304
test_09804,0.9978178
test_09805,0.99917924
test_09806,0.997527
test_09807,0.9798813
test_09808,0.988746
test_09809,0.006692541
test_09810,0.9982346
test_09811,0.0052049495
test_09812,0.1921657
test_09813,0.0015402179
test_09814,0.96817315
test_09815,0.0031295689
test_09816,0.3733371
test_09817,0.0014158064
test_09818,0.99868655
test_09819,0.99307823
test_09820,0.9987054
test_09821,0.0009790541
test_09822,0.99893606
test_09823,0.99933493
test_09824,0.97869533
test_09825,0.9944007
test_09826,0.9989307
test_09827,0.9958446
test_09828,0.99517643
test_09829,0.91179097
test_09830,0.99890745
test_09831,0.99918854
test_09832,0.9966392
test_09833,0.9983777
test_09834,0.9905815
test_09835,0.00083869684
test_09836,0.9979793
test_09837,0.999104
test_09838,0.9990176
test_09839,0.99699336
test_09840,0.12599105
test_09841,0.9975817
test_09842,0.0021190697
test_09843,0.006512145
test_09844,0.0019252072
test_09845,0.9986955
test_09846,0.9940856
test_09847,0.0013976449
test_09848,0.0042641335
test_09849,0.99869335
test_09850,0.99914086
test_09851,0.9978839
test_09852,0.9971914
test_09853,0.9947359
test_09854,0.99917185
test_09855,0.0013746044
test_09856,0.0006241674
test_09857,0.9985901
test_09858,0.6141874
test_09859,0.0031983298
test_09860,0.00658462
test_09861,0.994738
test_09862,0.83755124
test_09863,0.99788773
test_09864,0.9956043
test_09865,0.00072548806
test_09866,0.057758845
test_09867,0.001373485
test_09868,0.9992882
test_09869,0.99243295
test_09870,0.075032085
test_09871,0.002004296
test_09872,0.011675779
test_09873,0.9974549
test_09874,0.00071653613
test_09875,0.99918747
test_09876,0.9989055
test_09877,0.0033314773
test_09878,0.0015782563
test_09879,0.00073705055
test_09880,0.00087389786
test_09881,0.9970585
test_09882,0.002263676
test_09883,0.006785593
test_09884,0.9977834
test_09885,0.99827874
test_09886,0.99724895
test_09887,0.0030162178
test_09888,0.0008189663
test_09889,0.9988118
test_09890,0.0070946896
test_09891,0.0022424136
test_09892,0.9992151
test_09893,0.00085853593
test_09894,0.9976636
test_09895,0.0054494143
test_09896,0.0009876433
test_09897,0.9984559
test_09898,0.99725235
test_09899,0.99816394
test_09900,0.0011180092
test_09901,0.0027025766
test_09902,0.9938553
test_09903,0.0019435827
test_09904,0.003595137
test_09905,0.99698615
test_09906,0.99703836
test_09907,0.9979373
test_09908,0.004286353
test_09909,0.0025907145
test_09910,0.0017719944
test_09911,0.9960617
test_09912,0.6385299
test_09913,0.84837395
test_09914,0.007014798
test_09915,0.0011305939
test_09916,0.997562
test_09917,0.011301668
test_09918,0.15329018
test_09919,0.0020086893
test_09920,0.0015014897
test_09921,0.99628323
test_09922,0.0011542344
test_09923,0.7115749
test_09924,0.9979626
test_09925,0.9992646
test_09926,0.99865174
test_09927,0.0030625127
test_09928,0.008704717
test_09929,0.9963113
test_09930,0.99927366
test_09931,0.0067755394
test_09932,0.9992962
test_09933,0.0042776237
test_09934,0.0012581262
test_09935,0.0007190834
test_09936,0.9983733
test_09937,0.9976084
test_09938,0.9973396
test_09939,0.0023207036
test_09940,0.8292519
test_09941,0.99814653
test_09942,0.038753737
test_09943,0.99862933
test_09944,0.96943736
test_09945,0.99450904
test_09946,0.0024398658
test_09947,0.997789
test_09948,0.9230211
test_09949,0.0026347155
test_09950,0.013508879
test_09951,0.9992789
test_09952,0.00683802
test_09953,0.014292735
test_09954,0.0044488786
test_09955,0.00065954943
test_09956,0.9979535
test_09957,0.0022908086
test_09958,0.7958418
test_09959,0.66598177
test_09960,0.99863124
test_09961,0.005259544
test_09962,0.9951121
test_09963,0.9822656
test_09964,0.0032592837
test_09965,0.0030533771
test_09966,0.9986237
test_09967,0.015816137
test_09968,0.0036704466
test_09969,0.7224699
test_09970,0.0014829162
test_09971,0.0029096934
test_09972,0.99944174
test_09973,0.6731068
test_09974,0.9987868
test_09975,0.0019543397
test_09976,0.99705684
test_09977,0.0009914909
test_09978,0.57074773
test_09979,0.9987365
test_09980,0.002603862
test_09981,0.99877185
test_09982,0.99875116
test_09983,0.99786156
test_09984,0.0019724155
test_09985,0.0010356329
test_09986,0.99909616
test_09987,0.0037988843
test_09988,0.99049425
test_09989,0.99868953
test_09990,0.0016619074
test_09991,0.99682605
test_09992,0.0043791756
test_09993,0.002101112
test_09994,0.99865973
test_09995,0.9988695
test_09996,0.99893117
test_09997,0.77368414
test_09998,0.07938018
test_09999,0.9987029
test_10000,0.9294789
test_10001,0.99888206
test_10002,0.99867153
test_10003,0.99826956
test_10004,0.9982978
test_10005,0.0007852842
test_10006,0.9898026
test_10007,0.9990728
test_10008,0.89738977
test_10009,0.0009650131
test_10010,0.99868155
test_10011,0.996736
test_10012,0.0025744708
test_10013,0.0015628751
test_10014,0.0035253563
test_10015,0.0015170814
test_10016,0.9779488
test_10017,0.6894027
test_10018,0.98351455
test_10019,0.0024684735
test_10020,0.001314689
test_10021,0.011729988
test_10022,0.0034533432
test_10023,0.0012527829
test_10024,0.9932692
test_10025,0.004059536
test_10026,0.9951528
test_10027,0.008696756
test_10028,0.0014628456
test_10029,0.99876046
test_10030,0.99484
test_10031,0.006409602
test_10032,0.007015093
test_10033,0.004923142
test_10034,0.0034306778
test_10035,0.22927523
test_10036,0.02830891
test_10037,0.99902415
test_10038,0.9974018
test_10039,0.0015104678
test_10040,0.9880427
test_10041,0.9940584
test_10042,0.0044721086
test_10043,0.99667567
test_10044,0.99370843
test_10045,0.010023442
test_10046,0.99917006
test_10047,0.18145648
test_10048,0.07644643
test_10049,0.838287
test_10050,0.987658
test_10051,0.7695008
test_10052,0.9928613
test_10053,0.004340067
test_10054,0.9958805
test_10055,0.0026614976
test_10056,0.87863743
test_10057,0.9961721
test_10058,0.64456177
test_10059,0.99848676
test_10060,0.893764
test_10061,0.0026702122
test_10062,0.001327467
test_10063,0.99866164
test_10064,0.00058366545
test_10065,0.0014155818
test_10066,0.99863476
test_10067,0.8574542
test_10068,0.9960686
test_10069,0.023945192
test_10070,0.01239175
test_10071,0.9976595
test_10072,0.004414699
test_10073,0.3485941
test_10074,0.0009422258
test_10075,0.9946526
test_10076,0.0020449008
test_10077,0.99614054
test_10078,0.003888773
test_10079,0.99622303
test_10080,0.0013299657
test_10081,0.0028590013
test_10082,0.9988172
test_10083,0.997923
test_10084,0.99895525
test_10085,0.009894805
test_10086,0.99442375
test_10087,0.9974227
test_10088,0.52270037
test_10089,0.009520471
test_10090,0.99402666
test_10091,0.99882936
test_10092,0.9984968
test_10093,0.920441
test_10094,0.0013556699
test_10095,0.99833214
test_10096,0.00075340405
test_10097,0.9987236
test_10098,0.0036022055
test_10099,0.0011306931
test_10100,0.9989811
test_10101,0.9971472
test_10102,0.001849859
test_10103,0.0016621078
test_10104,0.99606466
test_10105,0.9989808
test_10106,0.0016994723
test_10107,0.0037756583
test_10108,0.99434686
test_10109,0.005097965
test_10110,0.0076929964
test_10111,0.006868244
test_10112,0.001404952
test_10113,0.9973651
test_10114,0.98248464
test_10115,0.001520548
test_10116,0.003897389
test_10117,0.037870876
test_10118,0.99908805
test_10119,0.99919474
test_10120,0.010455622
test_10121,0.9981528
test_10122,0.0024093725
test_10123,0.0026803399
test_10124,0.9411662
test_10125,0.0054736063
test_10126,0.0009911647
test_10127,0.000649635
test_10128,0.0030259965
test_10129,0.99858105
test_10130,0.010094512
test_10131,0.0008884027
test_10132,0.0027869926
test_10133,0.0024195856
test_10134,0.0036253114
test_10135,0.0032995525
test_10136,0.060944267
test_10137,0.0012942529
test_10138,0.97867966
test_10139,0.007771945
test_10140,0.0076849507
test_10141,0.0032424845
test_10142,0.0016251304
test_10143,0.0025167642
test_10144,0.9552486
test_10145,0.002821751
test_10146,0.0027889349
test_10147,0.99883634
test_10148,0.9916265
test_10149,0.009275125
test_10150,0.99030846
test_10151,0.0011388959
test_10152,0.004799396
test_10153,0.99802
test_10154,0.9888891
test_10155,0.0038173501
test_10156,0.9971959
test_10157,0.99426246
test_10158,0.0013718253
test_10159,0.0034391535
test_10160,0.0015295993
test_10161,0.9976922
test_10162,0.99902177
test_10163,0.99657047
test_10164,0.0015946775
test_10165,0.0012478338
test_10166,0.9993042
test_10167,0.99793994
test_10168,0.9992005
test_10169,0.9977685
test_10170,0.00085649197
test_10171,0.0011987806
test_10172,0.0015089029
test_10173,0.99883795
test_10174,0.9963516
test_10175,0.9313635
test_10176,0.0030248365
test_10177,0.00063212926
test_10178,0.0043101176
test_10179,0.0033337928
test_10180,0.8135873
test_10181,0.002366034
test_10182,0.99597514
test_10183,0.0010745934
test_10184,0.033692636
test_10185,0.998104
test_10186,0.0066655213
test_10187,0.99444246
test_10188,0.9976827
test_10189,0.99808127
test_10190,0.9902336
test_10191,0.9992341
test_10192,0.0059415395
test_10193,0.97708774
test_10194,0.29489732
test_10195,0.99531156
test_10196,0.0035373273
test_10197,0.99440086
test_10198,0.00070145365
test_10199,0.006595483
test_10200,0.01685866
test_10201,0.002148836
test_10202,0.99293524
test_10203,0.9968635
test_10204,0.0010153113
test_10205,0.28124732
test_10206,0.00444395
test_10207,0.007164672
test_10208,0.99744254
test_10209,0.99906075
test_10210,0.98146844
test_10211,0.0039897533
test_10212,0.998806
test_10213,0.0023845546
test_10214,0.95030713
test_10215,0.01262716
test_10216,0.9972093
test_10217,0.99683726
test_10218,0.99322355
test_10219,0.99717605
test_10220,0.56827456
test_10221,0.0025190383
test_10222,0.9986824
test_10223,0.31516185
test_10224,0.9656657
test_10225,0.0033975414
test_10226,0.000819508
test_10227,0.01876446
test_10228,0.0023369398
test_10229,0.020160906
test_10230,0.0018688919
test_10231,0.9975075
test_10232,0.998809
test_10233,0.9979752
test_10234,0.0014398743
test_10235,0.0014811441
test_10236,0.7052706
test_10237,0.9981372
test_10238,0.0024455003
test_10239,0.60392463
test_10240,0.9989022
test_10241,0.0018666696
test_10242,0.99816215
test_10243,0.990482
test_10244,0.004636822
test_10245,0.09418605
test_10246,0.9887851
test_10247,0.9911268
test_10248,0.9936969
test_10249,0.00093409565
test_10250,0.009862045
test_10251,0.9969226
test_10252,0.00074419286
test_10253,0.98855543
test_10254,0.0029215354
test_10255,0.0026095046
test_10256,0.9936211
test_10257,0.077687874
test_10258,0.9984625
test_10259,0.012132313
test_10260,0.9967904
test_10261,0.9975314
test_10262,0.25674778
test_10263,0.9983424
test_10264,0.85581046
test_10265,0.0013626887
test_10266,0.0012382583
test_10267,0.9971999
test_10268,0.99769306
test_10269,0.0071316343
test_10270,0.0023119603
test_10271,0.0021568553
test_10272,0.0037713086
test_10273,0.0016754102
test_10274,0.62981737
test_10275,0.99806285
test_10276,0.9989354
test_10277,0.99787974
test_10278,0.97474265
test_10279,0.10052161
test_10280,0.7391137
test_10281,0.0014069692
test_10282,0.0069359974
test_10283,0.0009151217
test_10284,0.9992466
test_10285,0.98578393
test_10286,0.0032142454
test_10287,0.0032139851
test_10288,0.9980189
test_10289,0.9631822
test_10290,0.9969204
test_10291,0.9969686
test_10292,0.006072823
test_10293,0.9992111
test_10294,0.91526914
test_10295,0.95650494
test_10296,0.99601114
test_10297,0.010051845
test_10298,0.0013182367
test_10299,0.0019508153
test_10300,0.18904896
test_10301,0.007241061
test_10302,0.9986756
test_10303,0.99910295
test_10304,0.9787829
test_10305,0.99708366
test_10306,0.0034868359
test_10307,0.0009205453
test_10308,0.0010282572
test_10309,0.99868613
test_10310,0.016121067
test_10311,0.0018727621
test_10312,0.0019523017
test_10313,0.006710272
test_10314,0.99694735
test_10315,0.0013127837
test_10316,0.99900794
test_10317,0.0007045495
test_10318,0.99804866
test_10319,0.99836797
test_10320,0.99817157
test_10321,0.9985117
test_10322,0.002892489
test_10323,0.0019251105
test_10324,0.001744381
test_10325,0.9993844
test_10326,0.9983736
test_10327,0.99778736
test_10328,0.0016226086
test_10329,0.99760306
test_10330,0.0005871182
test_10331,0.9991014
test_10332,0.9985702
test_10333,0.99265635
test_10334,0.002345732
test_10335,0.0015235211
test_10336,0.99911284
test_10337,0.0029524043
test_10338,0.9873656
test_10339,0.9992222
test_10340,0.9970064
test_10341,0.0010065202
test_10342,0.995927
test_10343,0.995697
test_10344,0.99430037
test_10345,0.004659358
test_10346,0.9966384
test_10347,0.98699796
test_10348,0.9969139
test_10349,0.0018591173
test_10350,0.011464067
test_10351,0.0016454809
test_10352,0.0030565546
test_10353,0.00072630774
test_10354,0.99926555
test_10355,0.4153526
test_10356,0.0014499167
test_10357,0.0025941164
test_10358,0.99761295
test_10359,0.0007524325
test_10360,0.0033160197
test_10361,0.99813014
test_10362,0.9980932
test_10363,0.9641449
test_10364,0.9988148
test_10365,0.0022689207
test_10366,0.0010051744
test_10367,0.06570156
test_10368,0.006282503
test_10369,0.98521703
test_10370,0.95285064
test_10371,0.9966315
test_10372,0.002483587
test_10373,0.9960001
test_10374,0.0059385244
test_10375,0.9762925
test_10376,0.9926238
test_10377,0.0006724071
test_10378,0.0018842372
test_10379,0.0051109698
test_10380,0.9992627
test_10381,0.7914777
test_10382,0.9989935
test_10383,0.99753916
test_10384,0.001679282
test_10385,0.0032405455
test_10386,0.9974689
test_10387,0.9988904
test_10388,0.0007114061
test_10389,0.00070924824
test_10390,0.0069018896
test_10391,0.11590772
test_10392,0.0037606987
test_10393,0.0015000545
test_10394,0.0075643654
test_10395,0.99777085
test_10396,0.0028138396
test_10397,0.009287113
test_10398,0.9992283
test_10399,0.0017966914
test_10400,0.9984411
test_10401,0.003804586
test_10402,0.055883385
test_10403,0.001662831
test_10404,0.0036011226
test_10405,0.6801475
test_10406,0.9991246
test_10407,0.9970082
test_10408,0.99900496
test_10409,0.0025601066
test_10410,0.001746121
test_10411,0.9974598
test_10412,0.0011358239
test_10413,0.0037997705
test_10414,0.0066468734
test_10415,0.9395044
test_10416,0.003942847
test_10417,0.9708421
test_10418,0.9285593
test_10419,0.9983269
test_10420,0.9934945
test_10421,0.9944165
test_10422,0.0028967732
test_10423,0.99817264
test_10424,0.9983859
test_10425,0.5076402
test_10426,0.99663365
test_10427,0.99862206
test_10428,0.4590488
test_10429,0.0042139315
test_10430,0.002350829
test_10431,0.00888407
test_10432,0.001393146
test_10433,0.99416226
test_10434,0.996261
test_10435,0.0015030679
test_10436,0.0019400835
test_10437,0.0034090774
test_10438,0.9992451
test_10439,0.055882785
test_10440,0.0007040408
test_10441,0.012452994
test_10442,0.014114158
test_10443,0.9989974
test_10444,0.8981472
test_10445,0.39264026
test_10446,0.995974
test_10447,0.99849075
test_10448,0.00072099466
test_10449,0.99659026
test_10450,0.9987937
test_10451,0.99902415
test_10452,0.9829049
test_10453,0.99613774
test_10454,0.008100897
test_10455,0.004509276
test_10456,0.0009982653
test_10457,0.9985782
test_10458,0.00069505227
test_10459,0.002980459
test_10460,0.837826
test_10461,0.9332256
test_10462,0.004917111
test_10463,0.00078903616
test_10464,0.05132002
test_10465,0.0017513239
test_10466,0.9990821
test_10467,0.9993984
test_10468,0.99218494
test_10469,0.0074528954
test_10470,0.9954554
test_10471,0.8059331
test_10472,0.9968982
test_10473,0.99894786
test_10474,0.9982853
test_10475,0.99796176
test_10476,0.0024048365
test_10477,0.99485403
test_10478,0.0024516955
test_10479,0.99856997
test_10480,0.9986862
test_10481,0.0024511218
test_10482,0.0037287679
test_10483,0.9913318
test_10484,0.9718511
test_10485,0.0008927522
test_10486,0.0028235423
test_10487,0.9973568
test_10488,0.0037541962
test_10489,0.0010919244
test_10490,0.9990035
test_10491,0.005519162
test_10492,0.0038984772
test_10493,0.99862266
test_10494,0.008022365
test_10495,0.99836266
test_10496,0.0018964384
test_10497,0.0023607924
test_10498,0.00080354325
test_10499,0.9834276
test_10500,0.997882
test_10501,0.1929814
test_10502,0.0012001824
test_10503,0.0010935734
test_10504,0.8217323
test_10505,0.993566
test_10506,0.9992548
test_10507,0.0067458847
test_10508,0.9990692
test_10509,0.9976798
test_10510,0.9878337
test_10511,0.0014082607
test_10512,0.0019715375
test_10513,0.9987589
test_10514,0.9969767
test_10515,0.0018351149
test_10516,0.99858844
test_10517,0.98960114
test_10518,0.7794628
test_10519,0.0011527233
test_10520,0.9980233
test_10521,0.99886334
test_10522,0.8371975
test_10523,0.9984484
test_10524,0.99175346
test_10525,0.99104285
test_10526,0.9977244
test_10527,0.9948344
test_10528,0.9982253
test_10529,0.9884416
test_10530,0.005448221
test_10531,0.9981605
test_10532,0.004819577
test_10533,0.9995111
test_10534,0.0027403086
test_10535,0.007209845
test_10536,0.9976312
test_10537,0.9946831
test_10538,0.00095089246
test_10539,0.9972981
test_10540,0.0029696557
test_10541,0.0022362294
test_10542,0.9989232
test_10543,0.9987861
test_10544,0.0011534933
test_10545,0.0044551613
test_10546,0.9841232
test_10547,0.94937444
test_10548,0.005594408
test_10549,0.06470103
test_10550,0.9986216
test_10551,0.001380794
test_10552,0.99605775
test_10553,0.021559
test_10554,0.9991993
test_10555,0.9967303
test_10556,0.0032687746
test_10557,0.54501563
test_10558,0.007868269
test_10559,0.99872655
test_10560,0.9990089
test_10561,0.9008584
test_10562,0.9990181
test_10563,0.98388064
test_10564,0.9992076
test_10565,0.98688793
test_10566,0.9980848
test_10567,0.069348015
test_10568,0.99901044
test_10569,0.16764109
test_10570,0.21853799
test_10571,0.9969607
test_10572,0.99852973
test_10573,0.99855936
test_10574,0.9888594
test_10575,0.9990102
test_10576,0.9994068
test_10577,0.9968978
test_10578,0.0043361825
test_10579,0.0013713241
test_10580,0.10882759
test_10581,0.0022295332
test_10582,0.998647
test_10583,0.010014162
test_10584,0.99573517
test_10585,0.0043714205
test_10586,0.0029110627
test_10587,0.010649468
test_10588,0.0017221696
test_10589,0.0015232712
test_10590,0.024458088
test_10591,0.001750332
test_10592,0.007093195
test_10593,0.99867
test_10594,0.996435
test_10595,0.0049651675
test_10596,0.9991405
test_10597,0.0013303661
test_10598,0.9963243
test_10599,0.9940355
test_10600,0.0012068058
test_10601,0.0021804355
test_10602,0.97991896
test_10603,0.9992744
test_10604,0.99304354
test_10605,0.9970775
test_10606,0.9988177
test_10607,0.989574
test_10608,0.0010355598
test_10609,0.9981029
test_10610,0.0011241429
test_10611,0.9911535
test_10612,0.006029508
test_10613,0.0014716741
test_10614,0.0019344584
test_10615,0.998816
test_10616,0.99938685
test_10617,0.9971415
test_10618,0.999242
test_10619,0.998429
test_10620,0.9988241
test_10621,0.99747396
test_10622,0.989497
test_10623,0.009129496
test_10624,0.99027485
test_10625,0.018397072
test_10626,0.0007767451
test_10627,0.008751415
test_10628,0.99581486
test_10629,0.9784106
test_10630,0.9970515
test_10631,0.7653905
test_10632,0.99927014
test_10633,0.99926937
test_10634,0.9989115
test_10635,0.00079370453
test_10636,0.9989303
test_10637,0.993754
test_10638,0.0027773175
test_10639,0.9990953
test_10640,0.0019259092
test_10641,0.9990221
test_10642,0.9965219
test_10643,0.9990946
test_10644,0.6588564
test_10645,0.004702405
test_10646,0.0007868249
test_10647,0.0010041583
test_10648,0.99757874
test_10649,0.9983344
test_10650,0.9458502
test_10651,0.9829476
test_10652,0.011476466
test_10653,0.9987831
test_10654,0.067193426
test_10655,0.004105066
test_10656,0.9949163
test_10657,0.0018971956
test_10658,0.99914396
test_10659,0.0023874422
test_10660,0.9981276
test_10661,0.9958509
test_10662,0.0018719209
test_10663,0.0010292686
test_10664,0.9990454
test_10665,0.97484744
test_10666,0.956988
test_10667,0.0035803886
test_10668,0.9973079
test_10669,0.99730164
test_10670,0.00119183
test_10671,0.26589376
test_10672,0.0017321121
test_10673,0.018846333
test_10674,0.16380402
test_10675,0.0007333837
test_10676,0.998459
test_10677,0.9983644
test_10678,0.9782461
test_10679,0.99558127
test_10680,0.004912202
test_10681,0.99837744
test_10682,0.99829924
test_10683,0.0026228575
test_10684,0.0010436393
test_10685,0.005305099
test_10686,0.9990113
test_10687,0.0056032627
test_10688,0.1329294
test_10689,0.0011339302
test_10690,0.5704468
test_10691,0.0019780465
test_10692,0.99237096
test_10693,0.0014507766
test_10694,0.99676555
test_10695,0.99880934
test_10696,0.03608469
test_10697,0.0015556222
test_10698,0.9989823
test_10699,0.99753946
test_10700,0.0015464155
test_10701,0.98662674
test_10702,0.0017488135
test_10703,0.010992671
test_10704,0.9777696
test_10705,0.9987706
test_10706,0.00088872254
test_10707,0.99785525
test_10708,0.99927807
test_10709,0.99779546
test_10710,0.9980113
test_10711,0.9973956
test_10712,0.998332
test_10713,0.0016305696
test_10714,0.9939703
test_10715,0.0015962848
test_10716,0.9823619
test_10717,0.99705994
test_10718,0.11327898
test_10719,0.9974493
test_10720,0.95033956
test_10721,0.0018384289
test_10722,0.9759395
test_10723,0.0020807495
test_10724,0.0016147974
test_10725,0.0034876396
test_10726,0.9988618
test_10727,0.0024601303
test_10728,0.00085245445
test_10729,0.0014922572
test_10730,0.009938337
test_10731,0.002638226
test_10732,0.98709106
test_10733,0.0013659116
test_10734,0.0012348986
test_10735,0.9965297
test_10736,0.0014043322
test_10737,0.0015710838
test_10738,0.9962652
test_10739,0.99821925
test_10740,0.9990015
test_10741,0.99915504
test_10742,0.014252377
test_10743,0.99718285
test_10744,0.0014596211
test_10745,0.0006575025
test_10746,0.007350073
test_10747,0.9992316
test_10748,0.9980682
test_10749,0.9949075
test_10750,0.9960246
test_10751,0.0027260096
test_10752,0.98986816
test_10753,0.9990927
test_10754,0.99889183
test_10755,0.0016993228
test_10756,0.9944359
test_10757,0.010601285
test_10758,0.003330908
test_10759,0.9925541
test_10760,0.004259596
test_10761,0.0020273973
test_10762,0.9948503
test_10763,0.997985
test_10764,0.9986339
test_10765,0.99898326
test_10766,0.99759495
test_10767,0.0018718375
test_10768,0.99917513
test_10769,0.01824666
test_10770,0.0015435327
test_10771,0.9948728
test_10772,0.007634671
test_10773,0.9988572
test_10774,0.99453664
test_10775,0.011887474
test_10776,0.27584416
test_10777,0.0014247627
test_10778,0.9969616
test_10779,0.9965842
test_10780,0.99899244
test_10781,0.997614
test_10782,0.09764509
test_10783,0.0068598026
test_10784,0.0023398362
test_10785,0.9975033
test_10786,0.995697
test_10787,0.99333763
test_10788,0.0032790827
test_10789,0.0014294949
test_10790,0.0049999617
test_10791,0.006232115
test_10792,0.9971709
test_10793,0.99336874
test_10794,0.9833317
test_10795,0.0010147081
test_10796,0.9957018
test_10797,0.9942964
test_10798,0.9989991
test_10799,0.0007095213
test_10800,0.99672985
test_10801,0.0009953129
test_10802,0.0009446192
test_10803,0.99727565
test_10804,0.9693737
test_10805,0.005078777
test_10806,0.9911914
test_10807,0.99882007
test_10808,0.9981361
test_10809,0.99810976
test_10810,0.996276
test_10811,0.62704027
test_10812,0.0016852802
test_10813,0.0018495397
test_10814,0.0009635118
test_10815,0.99365973
test_10816,0.025249388
test_10817,0.9845487
test_10818,0.99889123
test_10819,0.997275
test_10820,0.00076478993
test_10821,0.0042862194
test_10822,0.9911159
test_10823,0.59962404
test_10824,0.002063318
test_10825,0.99802244
test_10826,0.99879205
test_10827,0.9943169
test_10828,0.99790937
test_10829,0.0019826586
test_10830,0.9987185
test_10831,0.21647242
test_10832,0.03981929
test_10833,0.9926207
test_10834,0.9980888
test_10835,0.0024813104
test_10836,0.0009325367
test_10837,0.09519235
test_10838,0.001431779
test_10839,0.0043031042
test_10840,0.9954468
test_10841,0.0037239708
test_10842,0.9541426
test_10843,0.0011409889
test_10844,0.0016271311
test_10845,0.0016218664
test_10846,0.9982475
test_10847,0.0033960799
test_10848,0.0058870437
test_10849,0.004639975
test_10850,0.0032892772
test_10851,0.0022777729
test_10852,0.0033220425
test_10853,0.061639685
test_10854,0.9814803
test_10855,0.009105151
test_10856,0.0039847535
test_10857,0.9945816
test_10858,0.002130167
test_10859,0.9960745
test_10860,0.0030603292
test_10861,0.0024904988
test_10862,0.9984327
test_10863,0.9984677
test_10864,0.003984078
test_10865,0.98838806
test_10866,0.9989051
test_10867,0.99703443
test_10868,0.009977341
test_10869,0.008803323
test_10870,0.0022281506
test_10871,0.0013284498
test_10872,0.9989698
test_10873,0.9953574
test_10874,0.12848473
test_10875,0.04761656
test_10876,0.00642032
test_10877,0.9987055
test_10878,0.9991301
test_10879,0.002986727
test_10880,0.2404063
test_10881,0.0011772418
test_10882,0.0018240488
test_10883,0.98135424
test_10884,0.998184
test_10885,0.026719613
test_10886,0.2431829
test_10887,0.9990345
test_10888,0.9972545
test_10889,0.043641355
test_10890,0.004155416
test_10891,0.0033012468
test_10892,0.99850214
test_10893,0.0016648213
test_10894,0.0006018218
test_10895,0.9969405
test_10896,0.0015753373
test_10897,0.0020681673
test_10898,0.970963
test_10899,0.93166924
test_10900,0.3189234
test_10901,0.99791574
test_10902,0.99882257
test_10903,0.99425036
test_10904,0.9981911
test_10905,0.99882805
test_10906,0.9988134
test_10907,0.0005314403
test_10908,0.5968956
test_10909,0.99821687
test_10910,0.0014941208
test_10911,0.02736494
test_10912,0.9989741
test_10913,0.005062952
test_10914,0.9954502
test_10915,0.016234662
test_10916,0.0027221064
test_10917,0.45622262
test_10918,0.04032608
test_10919,0.0031567623
test_10920,0.99904066
test_10921,0.27306846
test_10922,0.99871206
test_10923,0.9988502
test_10924,0.9811392
test_10925,0.99792737
test_10926,0.0023743366
test_10927,0.9967718
test_10928,0.0015152134
test_10929,0.0035152119
test_10930,0.98215175
test_10931,0.002143073
test_10932,0.99717987
test_10933,0.99790657
test_10934,0.005226477
test_10935,0.0016635035
test_10936,0.9912946
test_10937,0.99723804
test_10938,0.0037855352
test_10939,0.98843205
test_10940,0.0015639093
test_10941,0.0018315939
test_10942,0.15247296
test_10943,0.0011973607
test_10944,0.9991623
test_10945,0.0008310596
test_10946,0.0026352673
test_10947,0.99813
test_10948,0.004311783
test_10949,0.004186549
test_10950,0.023392387
test_10951,0.9981874
test_10952,0.0006709316
test_10953,0.99579316
test_10954,0.99895036
test_10955,0.9980062
test_10956,0.001041469
test_10957,0.0010500486
test_10958,0.0058111167
test_10959,0.0073407553
test_10960,0.9990566
test_10961,0.44622406
test_10962,0.101410456
test_10963,0.0014754615
test_10964,0.0037803887
test_10965,0.002327351
test_10966,0.0039577372
test_10967,0.9455595
test_10968,0.0058216453
test_10969,0.9982637
test_10970,0.00441495
test_10971,0.990922
test_10972,0.99885654
test_10973,0.0013974954
test_10974,0.0010049781
test_10975,0.9993981
test_10976,0.99924135
test_10977,0.8137244
test_10978,0.998453
test_10979,0.0009536729
test_10980,0.93584096
test_10981,0.9957661
test_10982,0.99894106
test_10983,0.0013052103
test_10984,0.996331
test_10985,0.98456943
test_10986,0.0044008484
test_10987,0.99919176
test_10988,0.005973998
test_10989,0.0029551864
test_10990,0.0035820422
test_10991,0.0011896982
test_10992,0.9989171
test_10993,0.9953952
test_10994,0.002791976
test_10995,0.0033573
test_10996,0.99814105
test_10997,0.99862695
test_10998,0.0017400107
test_10999,0.002480608
test_11000,0.0058760997
test_11001,0.9953473
test_11002,0.017488057
test_11003,0.003867879
test_11004,0.0015456681
test_11005,0.9929811
test_11006,0.0007834849
test_11007,0.003116184
test_11008,0.012837157
test_11009,0.0039438843
test_11010,0.9968518
test_11011,0.98922235
test_11012,0.0034533232
test_11013,0.8875759
test_11014,0.9989685
test_11015,0.13877155
test_11016,0.001874739
test_11017,0.006285837
test_11018,0.9837239
test_11019,0.0030683
test_11020,0.9566172
test_11021,0.9908174
test_11022,0.09590114
test_11023,0.029255763
test_11024,0.99899685
test_11025,0.999209
test_11026,0.99765956
test_11027,0.9939252
test_11028,0.9983088
test_11029,0.98747325
test_11030,0.99836046
test_11031,0.008129407
test_11032,0.0010129301
test_11033,0.00207697
test_11034,0.002030702
test_11035,0.9984595
test_11036,0.99807644
test_11037,0.004243659
test_11038,0.99557996
test_11039,0.47968486
test_11040,0.9989501
test_11041,0.0007059496
test_11042,0.015309885
test_11043,0.98555976
test_11044,0.9991145
test_11045,0.9989059
test_11046,0.99935013
test_11047,0.99694717
test_11048,0.99228454
test_11049,0.35990983
test_11050,0.0007103827
test_11051,0.8369198
test_11052,0.999072
test_11053,0.98918295
test_11054,0.9949284
test_11055,0.0014950451
test_11056,0.9964713
test_11057,0.0010143578
test_11058,0.9921911
test_11059,0.00082659733
test_11060,0.997619
test_11061,0.0014784499
test_11062,0.99767065
test_11063,0.0025206527
test_11064,0.9587086
test_11065,0.9981561
test_11066,0.9988024
test_11067,0.0020073005
test_11068,0.0007730799
test_11069,0.99835646
test_11070,0.9991915
test_11071,0.9986332
test_11072,0.0018904107
test_11073,0.0016773349
test_11074,0.01074905
test_11075,0.99756336
test_11076,0.99514747
test_11077,0.00083014293
test_11078,0.0012824557
test_11079,0.9958199
test_11080,0.0006213935
test_11081,0.0023260717
test_11082,0.0009881466
test_11083,0.004221402
test_11084,0.99246275
test_11085,0.0015133447
test_11086,0.023725443
test_11087,0.9976028
test_11088,0.001403817
test_11089,0.010577047
test_11090,0.99543697
test_11091,0.9960444
test_11092,0.00093330676
test_11093,0.9979554
test_11094,0.9966788
test_11095,0.9991576
test_11096,0.0011631661
test_11097,0.9657086
test_11098,0.0024253267
test_11099,0.99877053
test_11100,0.9988594
test_11101,0.0010717218
test_11102,0.12821862
test_11103,0.99821746
test_11104,0.22812426
test_11105,0.00213093
test_11106,0.77401745
test_11107,0.9992345
test_11108,0.997461
test_11109,0.99730086
test_11110,0.97949374
test_11111,0.88395417
test_11112,0.9989234
test_11113,0.7204715
test_11114,0.9983071
test_11115,0.9976144
test_11116,0.9988476
test_11117,0.9706768
test_11118,0.9978331
test_11119,0.99857235
test_11120,0.0018586377
test_11121,0.98804533
test_11122,0.99631655
test_11123,0.9220308
test_11124,0.9975196
test_11125,0.9990456
test_11126,0.9978332
test_11127,0.9855415
test_11128,0.008443862
test_11129,0.008573961
test_11130,0.9971423
test_11131,0.0026194951
test_11132,0.98885924
test_11133,0.002737492
test_11134,0.11894761
test_11135,0.9908067
test_11136,0.99800384
test_11137,0.0055243936
test_11138,0.9967109
test_11139,0.008548332
test_11140,0.16994706
test_11141,0.9462062
test_11142,0.007906931
test_11143,0.9818547
test_11144,0.99705774
test_11145,0.0014401644
test_11146,0.0011934508
test_11147,0.996871
test_11148,0.0017190098
test_11149,0.0007611442
test_11150,0.99907637
test_11151,0.0064970558
test_11152,0.9865498
test_11153,0.98794305
test_11154,0.9976088
test_11155,0.0039454065
test_11156,0.0035154102
test_11157,0.9987171
test_11158,0.0013538352
test_11159,0.0026480588
test_11160,0.029057143
test_11161,0.9448035
test_11162,0.0012545901
test_11163,0.0020476505
test_11164,0.008769962
test_11165,0.998575
test_11166,0.73817307
test_11167,0.0025015923
test_11168,0.002438563
test_11169,0.99855936
test_11170,0.33652258
test_11171,0.0037209732
test_11172,0.994056
test_11173,0.99676967
test_11174,0.0010308983
test_11175,0.001827381
test_11176,0.72603923
test_11177,0.0025256732
test_11178,0.0025526145
test_11179,0.0011930555
test_11180,0.9988625
test_11181,0.9944416
test_11182,0.0075062364
test_11183,0.01824271
test_11184,0.9765762
test_11185,0.99568486
test_11186,0.0008340858
test_11187,0.0033358946
test_11188,0.9989663
test_11189,0.004180453
test_11190,0.0020167658
test_11191,0.99766165
test_11192,0.0043425667
test_11193,0.0015055833
test_11194,0.004090806
test_11195,0.9993837
test_11196,0.0031061831
test_11197,0.99649996
test_11198,0.99809116
test_11199,0.0022104122
test_11200,0.002097431
test_11201,0.08110668
test_11202,0.9738814
test_11203,0.9962224
test_11204,0.42132574
test_11205,0.00094570185
test_11206,0.9986894
test_11207,0.004851391
test_11208,0.9983493
test_11209,0.004375911
test_11210,0.99811035
test_11211,0.0010467062
test_11212,0.9803126
test_11213,0.0026934138
test_11214,0.002967401
test_11215,0.00073801866
test_11216,0.0022978818
test_11217,0.83921075
test_11218,0.9969169
test_11219,0.9614662
test_11220,0.9963697
test_11221,0.010461232
test_11222,0.000625718
test_11223,0.0008261674
test_11224,0.9985938
test_11225,0.0011430653
test_11226,0.062512904
test_11227,0.99525964
test_11228,0.0025462979
test_11229,0.89017653
test_11230,0.00061945413
test_11231,0.9635881
test_11232,0.0012515277
test_11233,0.99874485
test_11234,0.9982528
test_11235,0.96570176
test_11236,0.99913406
test_11237,0.0014007553
test_11238,0.99890316
test_11239,0.9969821
test_11240,0.99696004
test_11241,0.98043275
test_11242,0.9992811
test_11243,0.8719911
test_11244,0.022397056
test_11245,0.0009793222
test_11246,0.9955169
test_11247,0.002335811
test_11248,0.9879627
test_11249,0.0017094808
test_11250,0.9985703
test_11251,0.99720836
test_11252,0.0010014335
test_11253,0.0025774203
test_11254,0.99861544
test_11255,0.0141394455
test_11256,0.48893887
test_11257,0.99753106
test_11258,0.99922776
test_11259,0.00083417905
test_11260,0.0010225655
test_11261,0.0014342066
test_11262,0.9972894
test_11263,0.97706413
test_11264,0.8966727
test_11265,0.103980586
test_11266,0.010449845
test_11267,0.0015899406
test_11268,0.90023494
test_11269,0.9086124
test_11270,0.99776065
test_11271,0.6924995
test_11272,0.0016671073
test_11273,0.9965887
test_11274,0.9975148
test_11275,0.0040189866
test_11276,0.0039767725
test_11277,0.98590446
test_11278,0.00080750836
test_11279,0.5750669
test_11280,0.9940006
test_11281,0.99734473
test_11282,0.21983296
test_11283,0.012913073
test_11284,0.05021611
test_11285,0.004755613
test_11286,0.00087335694
test_11287,0.9947498
test_11288,0.99816334
test_11289,0.00951267
test_11290,0.9988674
test_11291,0.99709415
test_11292,0.9954766
test_11293,0.0020894988
test_11294,0.9964385
test_11295,0.9992204
test_11296,0.0018312093
test_11297,0.99773866
test_11298,0.0059126914
test_11299,0.98581487
test_11300,0.9989601
test_11301,0.9986342
test_11302,0.0010616588
test_11303,0.9880338
test_11304,0.9986573
test_11305,0.002481399
test_11306,0.9912782
test_11307,0.997331
test_11308,0.9985057
test_11309,0.0010101836
test_11310,0.0052491874
test_11311,0.005675443
test_11312,0.97610855
test_11313,0.0009091539
test_11314,0.0040973565
test_11315,0.004810644
test_11316,0.18254144
test_11317,0.97776717
test_11318,0.86258495
test_11319,0.0012794067
test_11320,0.0007924233
test_11321,0.0043292637
test_11322,0.0012687438
test_11323,0.004623766
test_11324,0.00092467177
test_11325,0.97554886
test_11326,0.0029465402
test_11327,0.99643004
test_11328,0.9975448
test_11329,0.0062354533
test_11330,0.003754099
test_11331,0.001872624
test_11332,0.9988058
test_11333,0.85196614
test_11334,0.012040932
test_11335,0.939437
test_11336,0.96974254
test_11337,0.9980174
test_11338,0.87116814
test_11339,0.039553244
test_11340,0.0041160164
test_11341,0.99858445
test_11342,0.0007294168
test_11343,0.9951958
test_11344,0.001186707
test_11345,0.009227801
test_11346,0.09625873
test_11347,0.99827373
test_11348,0.24951324
test_11349,0.001166465
test_11350,0.0543302
test_11351,0.0014617145
test_11352,0.0025513931
test_11353,0.997977
test_11354,0.0049461685
test_11355,0.009324323
test_11356,0.00085677323
test_11357,0.008423938
test_11358,0.008198466
test_11359,0.035475202
test_11360,0.0025689157
test_11361,0.0009377676
test_11362,0.0007363234
test_11363,0.00088609685
test_11364,0.0019451939
test_11365,0.004778521
test_11366,0.99856746
test_11367,0.0018334398
test_11368,0.0027171322
test_11369,0.8755567
test_11370,0.9967508
test_11371,0.0035684896
test_11372,0.0012466284
test_11373,0.0012066024
test_11374,0.99647224
test_11375,0.0044183624
test_11376,0.0013241476
test_11377,0.99605346
test_11378,0.6321335
test_11379,0.0024496363
test_11380,0.00077619636
test_11381,0.001019635
test_11382,0.9433311
test_11383,0.003216504
test_11384,0.0030214223
test_11385,0.9590889
test_11386,0.9977136
test_11387,0.9984727
test_11388,0.025814721
test_11389,0.0011342485
test_11390,0.39022428
test_11391,0.99911344
test_11392,0.9975444
test_11393,0.99028754
test_11394,0.07191506
test_11395,0.9911284
test_11396,0.0033911853
test_11397,0.0009723756
test_11398,0.9797081
test_11399,0.2900977
test_11400,0.31663835
test_11401,0.9982525
test_11402,0.97083944
test_11403,0.053629033
test_11404,0.99756205
test_11405,0.0035870522
test_11406,0.001818009
test_11407,0.002210842
test_11408,0.08228226
test_11409,0.0030572277
test_11410,0.0019961842
test_11411,0.3326035
test_11412,0.768668
test_11413,0.003959819
test_11414,0.0021026605
test_11415,0.99284446
test_11416,0.0018380842
test_11417,0.9931606
test_11418,0.95468867
test_11419,0.9974474
test_11420,0.0024356623
test_11421,0.07768832
test_11422,0.5443258
test_11423,0.003651913
test_11424,0.997064
test_11425,0.0063286335
test_11426,0.0024509958
test_11427,0.998199
test_11428,0.005270858
test_11429,0.99863267
test_11430,0.006704626
test_11431,0.99901843
test_11432,0.987279
test_11433,0.005044394
test_11434,0.99696696
test_11435,0.9991015
test_11436,0.9947939
test_11437,0.99619293
test_11438,0.001018565
test_11439,0.00078878057
test_11440,0.0059419917
test_11441,0.00397962
test_11442,0.0024056318
test_11443,0.99291646
test_11444,0.0022675022
test_11445,0.7524313
test_11446,0.008641633
test_11447,0.9962117
test_11448,0.001562207
test_11449,0.9947978
test_11450,0.99919134
test_11451,0.92031723
test_11452,0.98613286
test_11453,0.0013908771
test_11454,0.0040307823
test_11455,0.0028116424
test_11456,0.0014584665
test_11457,0.8849416
test_11458,0.002462437
test_11459,0.025292516
test_11460,0.27223384
test_11461,0.9970147
test_11462,0.9989897
test_11463,0.13947348
test_11464,0.999133
test_11465,0.9743483
test_11466,0.92230546
test_11467,0.0030248826
test_11468,0.9977092
test_11469,0.0015426265
test_11470,0.003005058
test_11471,0.9134921
test_11472,0.0009214015
test_11473,0.28621513
test_11474,0.99885726
test_11475,0.121187
test_11476,0.0024089282
test_11477,0.9961931
test_11478,0.0029292004
test_11479,0.002252809
test_11480,0.9961673
test_11481,0.052484684
test_11482,0.019567551
test_11483,0.99932766
test_11484,0.0010293324
test_11485,0.9973252
test_11486,0.9950986
test_11487,0.0467073
test_11488,0.00082755496
test_11489,0.99900305
test_11490,0.99850184
test_11491,0.010664752
test_11492,0.009164605
test_11493,0.9985271
test_11494,0.2778173
test_11495,0.0024986211
test_11496,0.9901906
test_11497,0.99844587
test_11498,0.4034046
test_11499,0.9971224
test_11500,0.0013326956
test_11501,0.9975098
test_11502,0.001725089
test_11503,0.0048683435
test_11504,0.996591
test_11505,0.99905604
test_11506,0.0016791937
test_11507,0.0020827574
test_11508,0.0015465124
test_11509,0.0015114906
test_11510,0.0030387524
test_11511,0.0025606556
test_11512,0.0023431038
test_11513,0.0051775575
test_11514,0.0012668635
test_11515,0.008087728
test_11516,0.0069322996
test_11517,0.27881566
test_11518,0.15436539
test_11519,0.99932414
test_11520,0.9912058
test_11521,0.0015819804
test_11522,0.0012978767
test_11523,0.7071204
test_11524,0.0009790458
test_11525,0.99567187
test_11526,0.9940183
test_11527,0.0075057386
test_11528,0.0037725808
test_11529,0.00078700023
test_11530,0.9870586
test_11531,0.9964266
test_11532,0.9986939
test_11533,0.042845413
test_11534,0.9982237
test_11535,0.8892131
test_11536,0.999112
test_11537,0.9970739
test_11538,0.1300221
test_11539,0.99851096
test_11540,0.9991448
test_11541,0.0006783234
test_11542,0.0032123313
test_11543,0.99829245
test_11544,0.003530411
test_11545,0.99928284
test_11546,0.0037429468
test_11547,0.99488
test_11548,0.049555175
test_11549,0.0011453975
test_11550,0.9961506
test_11551,0.0008526093
test_11552,0.9922593
test_11553,0.99134177
test_11554,0.21318118
test_11555,0.99633926
test_11556,0.0065277177
test_11557,0.9944822
test_11558,0.9990963
test_11559,0.019064032
test_11560,0.003561917
test_11561,0.0013371081
test_11562,0.9955508
test_11563,0.9986179
test_11564,0.0064867884
test_11565,0.16279411
test_11566,0.0042564697
test_11567,0.94233507
test_11568,0.0107825985
test_11569,0.9993288
test_11570,0.0015233364
test_11571,0.3136028
test_11572,0.0019194242
test_11573,0.5061748
test_11574,0.9970456
test_11575,0.99595344
test_11576,0.8908682
test_11577,0.99875045
test_11578,0.10417585
test_11579,0.9969012
test_11580,0.9990167
test_11581,0.15330407
test_11582,0.0018228006
test_11583,0.030029578
test_11584,0.99894977
test_11585,0.006490085
test_11586,0.9992038
test_11587,0.9981099
test_11588,0.0038848436
test_11589,0.9986069
test_11590,0.9989065
test_11591,0.9929248
test_11592,0.9990118
test_11593,0.0043845065
test_11594,0.9976953
test_11595,0.0022521745
test_11596,0.99803436
test_11597,0.99895513
test_11598,0.0010751126
test_11599,0.005286156
test_11600,0.0021010453
test_11601,0.9976736
test_11602,0.003785469
test_11603,0.99829257
test_11604,0.99896646
test_11605,0.99901265
test_11606,0.00056021503
test_11607,0.99934006
test_11608,0.0017193824
test_11609,0.99927956
test_11610,0.0017157991
test_11611,0.99899614
test_11612,0.9976002
test_11613,0.9982773
test_11614,0.00337778
test_11615,0.99914455
test_11616,0.9986644
test_11617,0.9986186
test_11618,0.99912214
test_11619,0.9329051
test_11620,0.009618733
test_11621,0.0060706777
test_11622,0.9961705
test_11623,0.0033494649
test_11624,0.9961901
test_11625,0.9437102
test_11626,0.99598587
test_11627,0.99848974
test_11628,0.0011516395
test_11629,0.9946071
test_11630,0.0030810812
test_11631,0.0018272933
test_11632,0.001315711
test_11633,0.9582882
test_11634,0.68290883
test_11635,0.9987092
test_11636,0.9955883
test_11637,0.9988661
test_11638,0.5542662
test_11639,0.0024840112
test_11640,0.9977188
test_11641,0.99742645
test_11642,0.998005
test_11643,0.99947417
test_11644,0.9989358
test_11645,0.0027978776
test_11646,0.00093258783
test_11647,0.0008257643
test_11648,0.9982798
test_11649,0.0010962125
test_11650,0.99819916
test_11651,0.0028932497
test_11652,0.00095939357
test_11653,0.0023717359
test_11654,0.0008304671
test_11655,0.007206928
test_11656,0.9765817
test_11657,0.002698275
test_11658,0.001866963
test_11659,0.0010699286
test_11660,0.9972445
test_11661,0.0012836903
test_11662,0.99860954
test_11663,0.002733701
test_11664,0.26349276
test_11665,0.0028331033
test_11666,0.06042365
test_11667,0.0026528426
test_11668,0.999282
test_11669,0.9962534
test_11670,0.0013221051
test_11671,0.53616625
test_11672,0.99703705
test_11673,0.089149326
test_11674,0.00077182945
test_11675,0.0020167993
test_11676,0.9984844
test_11677,0.92578447
test_11678,0.0057722065
test_11679,0.9986671
test_11680,0.00062368746
test_11681,0.0029379346
test_11682,0.0033791293
test_11683,0.31622514
test_11684,0.9918641
test_11685,0.009915583
test_11686,0.9943068
test_11687,0.005515756
test_11688,0.01833051
test_11689,0.002533655
test_11690,0.9974149
test_11691,0.9018445
test_11692,0.006018555
test_11693,0.33817637
test_11694,0.0014025698
test_11695,0.9865594
test_11696,0.0014859146
test_11697,0.0026458262
test_11698,0.0040511163
test_11699,0.23775016
test_11700,0.06309239
test_11701,0.001809506
test_11702,0.0011214558
test_11703,0.0007109824
test_11704,0.99768746
test_11705,0.9583347
test_11706,0.9978778
test_11707,0.00065583654
test_11708,0.99867797
test_11709,0.99826336
test_11710,0.9967931
test_11711,0.9982246
test_11712,0.00634357
test_11713,0.9973087
test_11714,0.99685526
test_11715,0.99072397
test_11716,0.0034592887
test_11717,0.0008908559
test_11718,0.0028153453
test_11719,0.0030991102
test_11720,0.99301386
test_11721,0.99073887
test_11722,0.9990203
test_11723,0.9984781
test_11724,0.0040019713
test_11725,0.5985998
test_11726,0.95702803
test_11727,0.99924994
test_11728,0.9971426
test_11729,0.9906545
test_11730,0.004241295
test_11731,0.0020041326
test_11732,0.99669665
test_11733,0.9987683
test_11734,0.002945635
test_11735,0.9961217
test_11736,0.0021914765
test_11737,0.879884
test_11738,0.99875
test_11739,0.9920482
test_11740,0.021835512
test_11741,0.01889875
test_11742,0.29030284
test_11743,0.9971228
test_11744,0.9686681
test_11745,0.0018096844
test_11746,0.9981602
test_11747,0.0062624854
test_11748,0.0026030068
test_11749,0.9983243
test_11750,0.0040897103
test_11751,0.9990766
test_11752,0.9988794
test_11753,0.03891037
test_11754,0.9980545
test_11755,0.07124971
test_11756,0.97489154
test_11757,0.15063284
test_11758,0.0057760933
test_11759,0.97534204
test_11760,0.9750508
test_11761,0.9985593
test_11762,0.9991313
test_11763,0.4214729
test_11764,0.99912155
test_11765,0.00873989
test_11766,0.0013782464
test_11767,0.76344573
test_11768,0.001179441
test_11769,0.0018922993
test_11770,0.0034381682
test_11771,0.9712861
test_11772,0.9980072
test_11773,0.012480887
test_11774,0.0027569067
test_11775,0.99936676
test_11776,0.06475914
test_11777,0.9978752
test_11778,0.9983851
test_11779,0.9979517
test_11780,0.99790376
test_11781,0.0026853771
test_11782,0.008151192
test_11783,0.07488735
test_11784,0.9981251
test_11785,0.005593186
test_11786,0.9922607
test_11787,0.002279398
test_11788,0.0032356016
test_11789,0.0019112639
test_11790,0.0019904932
test_11791,0.9955518
test_11792,0.99428725
test_11793,0.9989505
test_11794,0.9942137
test_11795,0.99663794
test_11796,0.0008013037
test_11797,0.9957429
test_11798,0.0041836165
test_11799,0.9978794
test_11800,0.0009638439
test_11801,0.003025455
test_11802,0.0008938298
test_11803,0.0010055801
test_11804,0.0013703512
test_11805,0.06858929
test_11806,0.009426193
test_11807,0.9968928
test_11808,0.9953207
test_11809,0.06591527
test_11810,0.99447954
test_11811,0.0014825449
test_11812,0.0030637814
test_11813,0.0026490954
test_11814,0.001960504
test_11815,0.0027657053
test_11816,0.9986087
test_11817,0.0035309668
test_11818,0.00538946
test_11819,0.99405885
test_11820,0.96645594
test_11821,0.99812025
test_11822,0.9884411
test_11823,0.99931425
test_11824,0.9955795
test_11825,0.99373645
test_11826,0.002234187
test_11827,0.984687
test_11828,0.0035708882
test_11829,0.0068571502
test_11830,0.9937184
test_11831,0.0134048695
test_11832,0.0014979556
test_11833,0.0018309241
test_11834,0.99883974
test_11835,0.011056883
test_11836,0.75343883
test_11837,0.9994328
test_11838,0.012023361
test_11839,0.00062412233
test_11840,0.0020662667
test_11841,0.0027928187
test_11842,0.012461858
test_11843,0.00087410567
test_11844,0.0063421675
test_11845,0.9979739
test_11846,0.006272332
test_11847,0.9679637
test_11848,0.9863152
test_11849,0.0009705729
test_11850,0.99900454
test_11851,0.0011636135
test_11852,0.011937646
test_11853,0.9928379
test_11854,0.0006777633
test_11855,0.9923357
test_11856,0.96506214
test_11857,0.0013836499
test_11858,0.9986861
test_11859,0.28717434
test_11860,0.010080762
test_11861,0.013971114
test_11862,0.0025290288
test_11863,0.29596847
test_11864,0.9964411
test_11865,0.99604046
test_11866,0.9862186
test_11867,0.9977411
test_11868,0.0029506495
test_11869,0.99856853
test_11870,0.99808073
test_11871,0.9982215
test_11872,0.99704456
test_11873,0.99496377
test_11874,0.62609863
test_11875,0.99648076
test_11876,0.9974514
test_11877,0.005835631
test_11878,0.98782456
test_11879,0.0015600449
test_11880,0.030459432
test_11881,0.99871135
test_11882,0.99779433
test_11883,0.0015155622
test_11884,0.99936366
test_11885,0.021224521
test_11886,0.004000503
test_11887,0.9954065
test_11888,0.012147505
test_11889,0.058905914
test_11890,0.0017917792
test_11891,0.99359286
test_11892,0.0017902551
test_11893,0.99736947
test_11894,0.8194343
test_11895,0.0032939387
test_11896,0.9992602
test_11897,0.0018593195
test_11898,0.00068835163
test_11899,0.99705654
test_11900,0.9976036
test_11901,0.7769631
test_11902,0.9962999
test_11903,0.9949624
test_11904,0.9990861
test_11905,0.99812067
test_11906,0.0013235137
test_11907,0.9991378
test_11908,0.0011978913
test_11909,0.0014319691
test_11910,0.99790204
test_11911,0.9939483
test_11912,0.00093979144
test_11913,0.0045969747
test_11914,0.004187441
test_11915,0.002762203
test_11916,0.0013477923
test_11917,0.68072224
test_11918,0.92581
test_11919,0.044277437
test_11920,0.9939592
test_11921,0.011613615
test_11922,0.0017056759
test_11923,0.99808764
test_11924,0.99706256
test_11925,0.9954246
test_11926,0.99730027
test_11927,0.99768376
test_11928,0.045531772
test_11929,0.0018216897
test_11930,0.9990056
test_11931,0.9850719
test_11932,0.010826297
test_11933,0.6327503
test_11934,0.0043587796
test_11935,0.003657753
test_11936,0.99877954
test_11937,0.00080936187
test_11938,0.99815977
test_11939,0.40780637
test_11940,0.0042636776
test_11941,0.0048677097
test_11942,0.99041426
test_11943,0.0011329217
test_11944,0.00092871167
test_11945,0.99188846
test_11946,0.64399546
test_11947,0.0012154669
test_11948,0.13639997
test_11949,0.45288587
test_11950,0.00086040207
test_11951,0.004295217
test_11952,0.0011833343
test_11953,0.7500582
test_11954,0.023081997
test_11955,0.99855214
test_11956,0.011573464
test_11957,0.99903536
test_11958,0.29394904
test_11959,0.37355992
test_11960,0.035530176
test_11961,0.010213055
test_11962,0.0020991939
test_11963,0.9883065
test_11964,0.0026287495
test_11965,0.9778936
test_11966,0.99543536
test_11967,0.011543664
test_11968,0.9986918
test_11969,0.0024778866
test_11970,0.013517667
test_11971,0.0013316215
test_11972,0.99602324
test_11973,0.0036963497
test_11974,0.9980346
test_11975,0.99548674
test_11976,0.007195491
test_11977,0.9981086
test_11978,0.9977851
test_11979,0.99410605
test_11980,0.98824453
test_11981,0.0012379866
test_11982,0.99331594
test_11983,0.99324733
test_11984,0.9137511
test_11985,0.0062045297
test_11986,0.95122826
test_11987,0.0057570827
test_11988,0.999007
test_11989,0.3767289
test_11990,0.99918467
test_11991,0.9945426
test_11992,0.005464826
test_11993,0.9990647
test_11994,0.0101095885
test_11995,0.977922
test_11996,0.0065756096
test_11997,0.9955536
test_11998,0.0045645614
test_11999,0.013963634
test_12000,0.9943949
test_12001,0.0013449788
test_12002,0.0018799006
test_12003,0.9466511
test_12004,0.06345379
test_12005,0.002605608
test_12006,0.00096852746
test_12007,0.47937778
test_12008,0.0041027255
test_12009,0.007867734
test_12010,0.0016799879
test_12011,0.9957196
test_12012,0.99420816
test_12013,0.0010059717
test_12014,0.9967902
test_12015,0.9818131
test_12016,0.64882123
test_12017,0.9989047
test_12018,0.9969981
test_12019,0.99837434
test_12020,0.00084852683
test_12021,0.9977217
test_12022,0.9955157
test_12023,0.0023418174
test_12024,0.0024770095
test_12025,0.9925293
test_12026,0.006162854
test_12027,0.99623835
test_12028,0.00487903
test_12029,0.068433255
test_12030,0.0039308714
test_12031,0.9987173
test_12032,0.00083748845
test_12033,0.9985596
test_12034,0.99899024
test_12035,0.98428214
test_12036,0.0015755988
test_12037,0.80986893
test_12038,0.0057135792
test_12039,0.0024950411
test_12040,0.99512947
test_12041,0.99430037
test_12042,0.01094008
test_12043,0.993465
test_12044,0.0021241473
test_12045,0.0011208663
test_12046,0.99726945
test_12047,0.0016965412
test_12048,0.9988029
test_12049,0.00064279756
test_12050,0.06862645
test_12051,0.0018248518
test_12052,0.0021190797
test_12053,0.049335048
test_12054,0.9954405
test_12055,0.998647
test_12056,0.6502485
test_12057,0.9933945
test_12058,0.5499538
test_12059,0.9898899
test_12060,0.99740916
test_12061,0.0016159858
test_12062,0.0037310752
test_12063,0.9941896
test_12064,0.99899244
test_12065,0.8316603
test_12066,0.21503809
test_12067,0.99492145
test_12068,0.0039969683
test_12069,0.007580964
test_12070,0.077655904
test_12071,0.98941743
test_12072,0.99605817
test_12073,0.0040210057
test_12074,0.0030031304
test_12075,0.99646497
test_12076,0.81454134
test_12077,0.0038134058
test_12078,0.99690884
test_12079,0.0014352477
test_12080,0.0021994351
test_12081,0.997725
test_12082,0.030121591
test_12083,0.008289952
test_12084,0.9980521
test_12085,0.9949769
test_12086,0.9991952
test_12087,0.9981309
test_12088,0.1988685
test_12089,0.0024915456
test_12090,0.01050845
test_12091,0.9977664
test_12092,0.998646
test_12093,0.9983722
test_12094,0.9982557
test_12095,0.9989908
test_12096,0.99713653
test_12097,0.006602384
test_12098,0.9991758
test_12099,0.0023238726
test_12100,0.040615156
test_12101,0.995311
test_12102,0.0010743155
test_12103,0.0010576618
test_12104,0.8643764
test_12105,0.0013987767
test_12106,0.9881829
test_12107,0.99069345
test_12108,0.99390435
test_12109,0.0034999568
test_12110,0.009410225
test_12111,0.99806947
test_12112,0.9969857
test_12113,0.9948834
test_12114,0.9967929
test_12115,0.003303213
test_12116,0.00061753526
test_12117,0.0023548664
test_12118,0.99535346
test_12119,0.9992534
test_12120,0.9993515
test_12121,0.013563587
test_12122,0.042670157
test_12123,0.0035294434
test_12124,0.9994185
test_12125,0.049498565
test_12126,0.9986719
test_12127,0.99890494
test_12128,0.8543718
test_12129,0.023543995
test_12130,0.9954076
test_12131,0.99826086
test_12132,0.0023109682
test_12133,0.9992439
test_12134,0.9989276
test_12135,0.00116057
test_12136,0.9906454
test_12137,0.9931816
test_12138,0.0030664913
test_12139,0.9967116
test_12140,0.99892414
test_12141,0.000708041
test_12142,0.9982348
test_12143,0.9930309
test_12144,0.0030870384
test_12145,0.12436308
test_12146,0.9989322
test_12147,0.00441989
test_12148,0.0071905917
test_12149,0.99909604
test_12150,0.00118844
test_12151,0.994457
test_12152,0.63940716
test_12153,0.017400045
test_12154,0.9990736
test_12155,0.99219894
test_12156,0.0009440037
test_12157,0.99044824
test_12158,0.0009803341
test_12159,0.9984746
test_12160,0.99403125
test_12161,0.99571824
test_12162,0.9994255
test_12163,0.58433306
test_12164,0.9969652
test_12165,0.0018582344
test_12166,0.9989557
test_12167,0.9991535
test_12168,0.0034604557
test_12169,0.9979044
test_12170,0.0011666914
test_12171,0.0033916223
test_12172,0.99418515
test_12173,0.9989379
test_12174,0.13367318
test_12175,0.99787736
test_12176,0.05243411
test_12177,0.01051438
test_12178,0.052358195
test_12179,0.0017270047
test_12180,0.9933082
test_12181,0.9986321
test_12182,0.9961325
test_12183,0.9983361
test_12184,0.0017928503
test_12185,0.99805
test_12186,0.84141916
test_12187,0.011961766
test_12188,0.0024681687
test_12189,0.50923896
test_12190,0.99027926
test_12191,0.9987483
test_12192,0.001187201
test_12193,0.0020301547
test_12194,0.0015949903
test_12195,0.00077664165
test_12196,0.0007840124
test_12197,0.10196993
test_12198,0.006045647
test_12199,0.0007325
test_12200,0.9765272
test_12201,0.003092152
test_12202,0.99875367
test_12203,0.99941856
test_12204,0.010694256
test_12205,0.00543028
test_12206,0.0030825883
test_12207,0.0015665859
test_12208,0.998448
test_12209,0.99862134
test_12210,0.0017672605
test_12211,0.0037360685
test_12212,0.996034
test_12213,0.0006444581
test_12214,0.9991597
test_12215,0.99652755
test_12216,0.39014494
test_12217,0.0036904267
test_12218,0.0008541762
test_12219,0.0011204134
test_12220,0.002064769
test_12221,0.001074143
test_12222,0.014577205
test_12223,0.003055893
test_12224,0.85117483
test_12225,0.0072584543
test_12226,0.0031850673
test_12227,0.0018393566
test_12228,0.9983475
test_12229,0.0027174922
test_12230,0.0067050913
test_12231,0.0038453778
test_12232,0.0011814408
test_12233,0.0017484041
test_12234,0.99837565
test_12235,0.0066554938
test_12236,0.0008497711
test_12237,0.9898521
test_12238,0.9978802
test_12239,0.99860245
test_12240,0.019138224
test_12241,0.0013917153
test_12242,0.0015372981
test_12243,0.99331397
test_12244,0.00926203
test_12245,0.21180373
test_12246,0.99822557
test_12247,0.0008662177
test_12248,0.0019585209
test_12249,0.0020773457
test_12250,0.024419453
test_12251,0.0011148177
test_12252,0.00367545
test_12253,0.7207159
test_12254,0.9524846
test_12255,0.0008948101
test_12256,0.011609479
test_12257,0.003668496
test_12258,0.004778346
test_12259,0.9926034
test_12260,0.9969698
test_12261,0.9934776
test_12262,0.020968404
test_12263,0.06181692
test_12264,0.0127363335
test_12265,0.005716551
test_12266,0.080420405
test_12267,0.010505936
test_12268,0.0010819813
test_12269,0.9979013
test_12270,0.023381297
test_12271,0.008817927
test_12272,0.9964889
test_12273,0.011206334
test_12274,0.9902169
test_12275,0.0012035102
test_12276,0.30447143
test_12277,0.9360048
test_12278,0.0018343788
test_12279,0.92442673
test_12280,0.99871945
test_12281,0.0014980454
test_12282,0.019915486
test_12283,0.9878112
test_12284,0.000963908
test_12285,0.01360646
test_12286,0.021769388
test_12287,0.9868995
test_12288,0.9988124
test_12289,0.0008856638
test_12290,0.1055508
test_12291,0.9983414
test_12292,0.9954605
test_12293,0.94815403
test_12294,0.0059545366
test_12295,0.996287
test_12296,0.9980282
test_12297,0.0035889044
test_12298,0.004845376
test_12299,0.71935046
test_12300,0.023955276
test_12301,0.99519086
test_12302,0.027040543
test_12303,0.0012420103
test_12304,0.99916935
test_12305,0.0006729913
test_12306,0.98361707
test_12307,0.97096574
test_12308,0.13715917
test_12309,0.99757004
test_12310,0.0008978673
test_12311,0.9758657
test_12312,0.99897945
test_12313,0.0015972129
test_12314,0.9936275
test_12315,0.0024792952
test_12316,0.0010370306
test_12317,0.001862203
test_12318,0.0010154211
test_12319,0.9992858
test_12320,0.99828494
test_12321,0.9981588
test_12322,0.0009745317
test_12323,0.0030566838
test_12324,0.007719416
test_12325,0.9986278
test_12326,0.98921406
test_12327,0.9993973
test_12328,0.0016717885
test_12329,0.92053026
test_12330,0.9976378
test_12331,0.0035562248
test_12332,0.9950609
test_12333,0.0031141741
test_12334,0.0010091328
test_12335,0.9918719
test_12336,0.29467547
test_12337,0.805318
test_12338,0.00258104
test_12339,0.9977083
test_12340,0.9960838
test_12341,0.0016544075
test_12342,0.0039684963
test_12343,0.0059038172
test_12344,0.9604645
test_12345,0.9981768
test_12346,0.99766165
test_12347,0.9957178
test_12348,0.00814722
test_12349,0.012845115
test_12350,0.000958633
test_12351,0.0037180306
test_12352,0.99924505
test_12353,0.9858195
test_12354,0.28191972
test_12355,0.0010694247
test_12356,0.6348288
test_12357,0.9979032
test_12358,0.0035082772
test_12359,0.99893034
test_12360,0.0064117936
test_12361,0.9987247
test_12362,0.99759644
test_12363,0.0071036397
test_12364,0.0016267897
test_12365,0.9992236
test_12366,0.108303055
test_12367,0.0064665144
test_12368,0.9971912
test_12369,0.9796977
test_12370,0.0007392309
test_12371,0.9442134
test_12372,0.9984549
test_12373,0.997363
test_12374,0.002721745
test_12375,0.9981457
test_12376,0.0030089002
test_12377,0.0011581754
test_12378,0.000594337
test_12379,0.0021233442
test_12380,0.0013969304
test_12381,0.4214113
test_12382,0.002056143
test_12383,0.0018541898
test_12384,0.9970468
test_12385,0.0011515989
test_12386,0.9882134
test_12387,0.9992817
test_12388,0.0011642451
test_12389,0.0021676915
test_12390,0.9969784
test_12391,0.9968362
test_12392,0.0011821565
test_12393,0.00071582914
test_12394,0.48788175
test_12395,0.9922248
test_12396,0.99427724
test_12397,0.0007810448
test_12398,0.0026064012
test_12399,0.0008372682
test_12400,0.99889576
test_12401,0.0015175933
test_12402,0.021100665
test_12403,0.9977324
test_12404,0.0013118814
test_12405,0.1179415
test_12406,0.99438775
test_12407,0.9980806
test_12408,0.99912214
test_12409,0.99238634
test_12410,0.0009816707
test_12411,0.99853414
test_12412,0.99886113
test_12413,0.010016895
test_12414,0.00084503496
test_12415,0.41490123
test_12416,0.97959673
test_12417,0.9993272
test_12418,0.99599576
test_12419,0.9813077
test_12420,0.99433565
test_12421,0.0006375397
test_12422,0.99895483
test_12423,0.0038455515
test_12424,0.0009259351
test_12425,0.06779874
test_12426,0.99925387
test_12427,0.40739334
test_12428,0.99843776
test_12429,0.99171674
test_12430,0.99848634
test_12431,0.99841505
test_12432,0.99791133
test_12433,0.08088524
test_12434,0.99885786
test_12435,0.0049690586
test_12436,0.0015286643
test_12437,0.0028930772
test_12438,0.0020035603
test_12439,0.004461858
test_12440,0.9771643
test_12441,0.9985585
test_12442,0.998335
test_12443,0.0021544723
test_12444,0.0010032328
test_12445,0.99200535
test_12446,0.0670252
test_12447,0.0019908976
test_12448,0.0007618993
test_12449,0.99579465
test_12450,0.99827164
test_12451,0.992519
test_12452,0.99441934
test_12453,0.99742067
test_12454,0.8995717
test_12455,0.0027650206
test_12456,0.0028417693
test_12457,0.0071754986
test_12458,0.9973274
test_12459,0.9984975
test_12460,0.0024253107
test_12461,0.9975196
test_12462,0.037379704
test_12463,0.040191125
test_12464,0.0018879278
test_12465,0.9969804
test_12466,0.0024287712
test_12467,0.99674046
test_12468,0.0042145024
test_12469,0.0025139682
test_12470,0.9985436
test_12471,0.9148798
test_12472,0.0012107149
test_12473,0.9977976
test_12474,0.0007625911
test_12475,0.1357432
test_12476,0.97250795
test_12477,0.0011828706
test_12478,0.99871135
test_12479,0.0021978328
test_12480,0.008630907
test_12481,0.027122008
test_12482,0.99784875
test_12483,0.0015694106
test_12484,0.99920404
test_12485,0.001252249
test_12486,0.003156454
test_12487,0.030503683
test_12488,0.0009092264
test_12489,0.99904627
test_12490,0.0059572873
test_12491,0.039471842
test_12492,0.9956322
test_12493,0.9988977
test_12494,0.9965372
test_12495,0.001687826
test_12496,0.10386346
test_12497,0.0023142234
test_12498,0.7781232
test_12499,0.9898627
test_12500,0.9989236
test_12501,0.9990122
test_12502,0.0011866186
test_12503,0.99722564
test_12504,0.99816954
test_12505,0.015498137
test_12506,0.9980141
test_12507,0.60037065
test_12508,0.9992958
test_12509,0.0023326944
test_12510,0.9977615
test_12511,0.00618293
test_12512,0.009672712
test_12513,0.021945616
test_12514,0.9941634
test_12515,0.009161706
test_12516,0.9974563
test_12517,0.0014588098
test_12518,0.001081631
test_12519,0.0073169083
test_12520,0.0009501855
test_12521,0.0014669871
test_12522,0.004680647
test_12523,0.002693798
test_12524,0.993165
test_12525,0.0016995599
test_12526,0.9982178
test_12527,0.0015606997
test_12528,0.00082265656
test_12529,0.0031424856
test_12530,0.9948807
test_12531,0.0006079883
test_12532,0.0043205074
test_12533,0.99930865
test_12534,0.9969452
test_12535,0.9962138
test_12536,0.0019263105
test_12537,0.9980395
test_12538,0.99846196
test_12539,0.001966428
test_12540,0.010894293
test_12541,0.13674903
test_12542,0.0009425013
test_12543,0.0040960605
test_12544,0.003683716
test_12545,0.9988307
test_12546,0.0023868675
test_12547,0.0015482408
test_12548,0.7026243
test_12549,0.9927249
test_12550,0.94559574
test_12551,0.030746488
test_12552,0.99841917
test_12553,0.99588823
test_12554,0.000777616
test_12555,0.9986008
test_12556,0.0046235938
test_12557,0.3030082
test_12558,0.0031688814
test_12559,0.99912846
test_12560,0.99651
test_12561,0.99933046
test_12562,0.0033165666
test_12563,0.9949653
test_12564,0.02114537
test_12565,0.0023565935
test_12566,0.9980714
test_12567,0.0007297781
test_12568,0.0017156211
test_12569,0.9978468
test_12570,0.99596107
test_12571,0.0007308815
test_12572,0.99738
test_12573,0.0030375088
test_12574,0.09332062
test_12575,0.0008631705
test_12576,0.6030965
test_12577,0.003445698
test_12578,0.00073074125
test_12579,0.9990221
test_12580,0.00086138735
test_12581,0.9926027
test_12582,0.0016600972
test_12583,0.9985569
test_12584,0.9524535
test_12585,0.9977988
test_12586,0.006583121
test_12587,0.00079201773
test_12588,0.001179818
test_12589,0.0063377954
test_12590,0.72318363
test_12591,0.9982405
test_12592,0.0013948202
test_12593,0.0062592616
test_12594,0.8712772
test_12595,0.99564093
test_12596,0.013504989
test_12597,0.9990963
test_12598,0.0026058722
test_12599,0.02197837
test_12600,0.9971497
test_12601,0.99232256
test_12602,0.00075373566
test_12603,0.9988095
test_12604,0.0021548918
test_12605,0.0017986862
test_12606,0.99866587
test_12607,0.00582862
test_12608,0.9945672
test_12609,0.9292439
test_12610,0.003973341
test_12611,0.022908837
test_12612,0.0009754875
test_12613,0.9409003
test_12614,0.97757876
test_12615,0.89621115
test_12616,0.010196475
test_12617,0.001133675
test_12618,0.00071728515
test_12619,0.99904835
test_12620,0.94589007
test_12621,0.06289626
test_12622,0.003946193
test_12623,0.9987148
test_12624,0.9994217
test_12625,0.0008928608
test_12626,0.0007957774
test_12627,0.0052612983
test_12628,0.0012343968
test_12629,0.9986744
test_12630,0.006867433
test_12631,0.99900687
test_12632,0.02676744
test_12633,0.0044623176
test_12634,0.008659232
test_12635,0.0029481293
test_12636,0.996946
test_12637,0.5615199
test_12638,0.00082937314
test_12639,0.9874774
test_12640,0.07270317
test_12641,0.0013945869
test_12642,0.061772145
test_12643,0.9943061
test_12644,0.00418181
test_12645,0.998534
test_12646,0.9955189
test_12647,0.001659227
test_12648,0.0021848746
test_12649,0.0032981625
test_12650,0.9989234
test_12651,0.99552584
test_12652,0.0009076732
test_12653,0.99851215
test_12654,0.00095139013
test_12655,0.9983923
test_12656,0.9933176
test_12657,0.99348664
test_12658,0.9991604
test_12659,0.0017553372
test_12660,0.013156414
test_12661,0.9986657
test_12662,0.99515295
test_12663,0.0032709222
test_12664,0.0010659541
test_12665,0.9993675
test_12666,0.00989733
test_12667,0.99907094
test_12668,0.0034931854
test_12669,0.003520261
test_12670,0.9942725
test_12671,0.99841285
test_12672,0.0008343785
test_12673,0.002453077
test_12674,0.9223065
test_12675,0.0010080707
test_12676,0.99754524
test_12677,0.99279153
test_12678,0.019136177
test_12679,0.99780077
test_12680,0.9911661
test_12681,0.06483448
test_12682,0.9985231
test_12683,0.0020634204
test_12684,0.9986176
test_12685,0.008684482
test_12686,0.9973452
test_12687,0.9976336
test_12688,0.9990877
test_12689,0.14251305
test_12690,0.0046331463
test_12691,0.998298
test_12692,0.7930567
test_12693,0.98807395
test_12694,0.0016228895
test_12695,0.0010466557
test_12696,0.0079487935
test_12697,0.0011061847
test_12698,0.99800986
test_12699,0.0008158736
test_12700,0.001860723
test_12701,0.99379903
test_12702,0.00080082525
test_12703,0.0019615882
test_12704,0.99586785
test_12705,0.9943757
test_12706,0.0007704416
test_12707,0.9986961
test_12708,0.9989493
test_12709,0.9984642
test_12710,0.0020221146
test_12711,0.9961641
test_12712,0.99927205
test_12713,0.02377031
test_12714,0.0026830249
test_12715,0.011252685
test_12716,0.0008717192
test_12717,0.0022365008
test_12718,0.0050956784
test_12719,0.9615895
test_12720,0.9986232
test_12721,0.9973494
test_12722,0.99831355
test_12723,0.0012829793
test_12724,0.00086247607
test_12725,0.9973408
test_12726,0.99214625
test_12727,0.12256419
test_12728,0.89592445
test_12729,0.9978591
test_12730,0.007054992
test_12731,0.99853694
test_12732,0.005698003
test_12733,0.9431354
test_12734,0.99741673
test_12735,0.99802375
test_12736,0.99762255
test_12737,0.99802285
test_12738,0.0032909815
test_12739,0.991233
test_12740,0.0018762392
test_12741,0.0028257617
test_12742,0.0058404515
test_12743,0.0016219417
test_12744,0.0019016708
test_12745,0.06441347
test_12746,0.9947568
test_12747,0.99365795
test_12748,0.33292288
test_12749,0.0012284333
test_12750,0.0010348291
test_12751,0.0031566208
test_12752,0.99868464
test_12753,0.0017250319
test_12754,0.0017386604
test_12755,0.9920403
test_12756,0.99636906
test_12757,0.90393925
test_12758,0.0029537296
test_12759,0.0014026733
test_12760,0.99677604
test_12761,0.77108395
test_12762,0.002456371
test_12763,0.36963508
test_12764,0.0009614852
test_12765,0.9932493
test_12766,0.00063775294
test_12767,0.0018348703
test_12768,0.99859524
test_12769,0.9704311
test_12770,0.0018290449
test_12771,0.001116207
test_12772,0.0064262026
test_12773,0.99830604
test_12774,0.0048686643
test_12775,0.9969569
test_12776,0.0012976229
test_12777,0.0012594975
test_12778,0.9992924
test_12779,0.0021220995
test_12780,0.99786353
test_12781,0.99844897
test_12782,0.00090044667
test_12783,0.9990406
test_12784,0.02211532
test_12785,0.9981016
test_12786,0.35849735
test_12787,0.9982981
test_12788,0.0012576787
test_12789,0.9621817
test_12790,0.0028841947
test_12791,0.003011637
test_12792,0.0025589783
test_12793,0.9951484
test_12794,0.08613727
test_12795,0.99892735
test_12796,0.9969753
test_12797,0.99752426
test_12798,0.9954511
test_12799,0.00088856707
test_12800,0.32595026
test_12801,0.0008632845
test_12802,0.0017229897
test_12803,0.9986926
test_12804,0.99911034
test_12805,0.0028503602
test_12806,0.022911832
test_12807,0.99891496
test_12808,0.0015552372
test_12809,0.999155
test_12810,0.0010824212
test_12811,0.010155041
test_12812,0.9964731
test_12813,0.9676646
test_12814,0.0029426946
test_12815,0.0031199905
test_12816,0.0067191822
test_12817,0.0032622407
test_12818,0.0018575699
test_12819,0.0009294509
test_12820,0.995932
test_12821,0.0018244759
test_12822,0.8438029
test_12823,0.99873054
test_12824,0.00067035074
test_12825,0.010632725
test_12826,0.10478546
test_12827,0.017616497
test_12828,0.035087176
test_12829,0.99755937
test_12830,0.0012810634
test_12831,0.0066142287
test_12832,0.9992379
test_12833,0.0008380538
test_12834,0.9974631
test_12835,0.99881583
test_12836,0.98181987
test_12837,0.921595
test_12838,0.9981016
test_12839,0.0010372681
test_12840,0.0042887963
test_12841,0.0008834882
test_12842,0.0027065012
test_12843,0.998701
test_12844,0.9974325
test_12845,0.0009164071
test_12846,0.007416337
test_12847,0.9919026
test_12848,0.99836123
test_12849,0.001931144
test_12850,0.99631184
test_12851,0.014974805
test_12852,0.0023766528
test_12853,0.9891982
test_12854,0.13451362
test_12855,0.002224035
test_12856,0.9569092
test_12857,0.8812437
test_12858,0.0018454734
test_12859,0.9737322
test_12860,0.9922364
test_12861,0.024370499
test_12862,0.00411637
test_12863,0.0021870162
test_12864,0.0011661206
test_12865,0.9989382
test_12866,0.68473184
test_12867,0.9884807
test_12868,0.98241794
test_12869,0.0016352092
test_12870,0.99908465
test_12871,0.98659515
test_12872,0.99716055
test_12873,0.9706975
test_12874,0.996421
test_12875,0.008528534
test_12876,0.0025936482
test_12877,0.0009639708
test_12878,0.99872893
test_12879,0.99813235
test_12880,0.0021008952
test_12881,0.00094452896
test_12882,0.9954908
test_12883,0.0040537096
test_12884,0.0073524867
test_12885,0.00071487704
test_12886,0.08257395
test_12887,0.0007134014
test_12888,0.0007517085
test_12889,0.0017526443
test_12890,0.99856013
test_12891,0.0018763808
test_12892,0.0037410727
test_12893,0.9979992
test_12894,0.0018880125
test_12895,0.98351157
test_12896,0.9993612
test_12897,0.9984642
test_12898,0.005731661
test_12899,0.0050509293
test_12900,0.9978682
test_12901,0.9722135
test_12902,0.99035174
test_12903,0.051998742
test_12904,0.4529791
test_12905,0.9990142
test_12906,0.0018384836
test_12907,0.012828347
test_12908,0.9985666
test_12909,0.9955491
test_12910,0.004936791
test_12911,0.99806505
test_12912,0.99928486
test_12913,0.00076490245
test_12914,0.0013114379
test_12915,0.7745966
test_12916,0.99923396
test_12917,0.9933047
test_12918,0.004207607
test_12919,0.99182105
test_12920,0.9981582
test_12921,0.0027140556
test_12922,0.002028179
test_12923,0.99927235
test_12924,0.99878347
test_12925,0.75449455
test_12926,0.99499077
test_12927,0.0008958069
test_12928,0.00088005286
test_12929,0.99845076
test_12930,0.99486494
test_12931,0.0015121351
test_12932,0.0011337535
test_12933,0.99872065
test_12934,0.9969263
test_12935,0.003248559
test_12936,0.9946184
test_12937,0.99369407
test_12938,0.02708649
test_12939,0.9975569
test_12940,0.9960983
test_12941,0.0058118254
test_12942,0.0052874093
test_12943,0.0010529334
test_12944,0.9977559
test_12945,0.0021672135
test_12946,0.999112
test_12947,0.9937835
test_12948,0.003975424
test_12949,0.0012612571
test_12950,0.9951994
test_12951,0.098701224
test_12952,0.7971181
test_12953,0.9989072
test_12954,0.0016653714
test_12955,0.0068810415
test_12956,0.99901867
test_12957,0.8021642
test_12958,0.0027599705
test_12959,0.028944578
test_12960,0.9733386
test_12961,0.0035234909
test_12962,0.022595648
test_12963,0.9985386
test_12964,0.002187291
test_12965,0.90503573
test_12966,0.99534947
test_12967,0.00076686277
test_12968,0.0064368923
test_12969,0.99239933
test_12970,0.6234007
test_12971,0.002124751
test_12972,0.004942155
test_12973,0.0035473271
test_12974,0.0010304106
test_12975,0.05125104
test_12976,0.0026783561
test_12977,0.00091450545
test_12978,0.99069256
test_12979,0.0025583962
test_12980,0.0013540491
test_12981,0.99709964
test_12982,0.9953232
test_12983,0.020367244
test_12984,0.25433147
test_12985,0.98362666
test_12986,0.997537
test_12987,0.9982544
test_12988,0.000801198
test_12989,0.86634076
test_12990,0.99790466
test_12991,0.015922545
test_12992,0.005737666
test_12993,0.9984877
test_12994,0.0020017
test_12995,0.8482205
test_12996,0.9983871
test_12997,0.0024131238
test_12998,0.99785054
test_12999,0.16002461
test_13000,0.014978164
test_13001,0.99890876
test_13002,0.0007452838
test_13003,0.9980433
test_13004,0.0924803
test_13005,0.84204936
test_13006,0.0017341258
test_13007,0.0025412007
test_13008,0.0036484615
test_13009,0.9949049
test_13010,0.03968683
test_13011,0.01237949
test_13012,0.002447306
test_13013,0.9987223
test_13014,0.0019915923
test_13015,0.99780226
test_13016,0.0014026532
test_13017,0.8550231
test_13018,0.00084687397
test_13019,0.97888494
test_13020,0.24878728
test_13021,0.011837969
test_13022,0.009896186
test_13023,0.11071836
test_13024,0.9977118
test_13025,0.99524796
test_13026,0.99885595
test_13027,0.9566174
test_13028,0.0006512237
test_13029,0.9947469
test_13030,0.0019142972
test_13031,0.99814475
test_13032,0.93108886
test_13033,0.004615797
test_13034,0.99756706
test_13035,0.0131028965
test_13036,0.019456584
test_13037,0.9989915
test_13038,0.8564445
test_13039,0.99926615
test_13040,0.9968986
test_13041,0.9899986
test_13042,0.9651406
test_13043,0.99793106
test_13044,0.9966111
test_13045,0.004081888
test_13046,0.9975675
test_13047,0.0028494876
test_13048,0.0016941035
test_13049,0.9988835
test_13050,0.0042652446
test_13051,0.0024162382
test_13052,0.9973076
test_13053,0.99902534
test_13054,0.0011873688
test_13055,0.0013581649
test_13056,0.99726355
test_13057,0.0031371452
test_13058,0.0019312291
test_13059,0.9952534
test_13060,0.99543566
test_13061,0.9704919
test_13062,0.9990015
test_13063,0.0007705056
test_13064,0.0028689355
test_13065,0.9975265
test_13066,0.82064235
test_13067,0.0076189134
test_13068,0.8843683
test_13069,0.9987234
test_13070,0.93761206
test_13071,0.0011504802
test_13072,0.0005192357
test_13073,0.40369946
test_13074,0.998083
test_13075,0.99449265
test_13076,0.01516507
test_13077,0.09997495
test_13078,0.9973438
test_13079,0.9992554
test_13080,0.07836583
test_13081,0.00666124
test_13082,0.9973757
test_13083,0.49466473
test_13084,0.99909925
test_13085,0.9989749
test_13086,0.9900187
test_13087,0.0008981081
test_13088,0.93800807
test_13089,0.004945685
test_13090,0.011901067
test_13091,0.0041943695
test_13092,0.998275
test_13093,0.0011154243
test_13094,0.99678373
test_13095,0.9988804
test_13096,0.0011932947
test_13097,0.00272762
test_13098,0.0037790209
test_13099,0.0029877783
test_13100,0.0020033596
test_13101,0.0015918392
test_13102,0.001585036
test_13103,0.0390994
test_13104,0.0019308806
test_13105,0.9915273
test_13106,0.9859134
test_13107,0.9767825
test_13108,0.9979892
test_13109,0.0029285331
test_13110,0.99932104
test_13111,0.9814079
test_13112,0.99651843
test_13113,0.002431287
test_13114,0.027731428
test_13115,0.98515296
test_13116,0.9822692
test_13117,0.0008721956
test_13118,0.006265317
test_13119,0.0012866717
test_13120,0.007372372
test_13121,0.18943784
test_13122,0.0009401425
test_13123,0.011488319
test_13124,0.99720705
test_13125,0.9991616
test_13126,0.0019920089
test_13127,0.9992732
test_13128,0.9976511
test_13129,0.009557436
test_13130,0.9986798
test_13131,0.0058598826
test_13132,0.99496096
test_13133,0.0016249083
test_13134,0.0029576416
test_13135,0.0034749345
test_13136,0.0010972298
test_13137,0.99868125
test_13138,0.97981554
test_13139,0.1562056
test_13140,0.0051911166
test_13141,0.99769187
test_13142,0.0018166255
test_13143,0.99796844
test_13144,0.0024757683
test_13145,0.0041719517
test_13146,0.99681675
test_13147,0.99937594
test_13148,0.0026176914
test_13149,0.0023407247
test_13150,0.003921364
test_13151,0.9901357
test_13152,0.00084174355
test_13153,0.9980799
test_13154,0.032115377
test_13155,0.9992659
test_13156,0.0021217728
test_13157,0.98083735
test_13158,0.9962012
test_13159,0.9953418
test_13160,0.051272865
test_13161,0.003762471
test_13162,0.8026334
test_13163,0.9979553
test_13164,0.0030152472
test_13165,0.05631326
test_13166,0.0031319726
test_13167,0.00088500045
test_13168,0.0055317404
test_13169,0.0061696703
test_13170,0.00435521
test_13171,0.16401383
test_13172,0.99807525
test_13173,0.0019183476
test_13174,0.9948416
test_13175,0.0021222816
test_13176,0.010530605
test_13177,0.005439212
test_13178,0.00080705597
test_13179,0.0021598337
test_13180,0.99928683
test_13181,0.004316252
test_13182,0.9957327
test_13183,0.99930525
test_13184,0.00689904
test_13185,0.9987171
test_13186,0.97149706
test_13187,0.9987774
test_13188,0.0014192841
test_13189,0.13751914
test_13190,0.0016343549
test_13191,0.0055376473
test_13192,0.9990667
test_13193,0.027200287
test_13194,0.9992062
test_13195,0.0021583727
test_13196,0.9972855
test_13197,0.0020204717
test_13198,0.0027516508
test_13199,0.99828994
test_13200,0.041986234
test_13201,0.0034052685
test_13202,0.97590756
test_13203,0.99919546
test_13204,0.046662938
test_13205,0.05316151
test_13206,0.001044244
test_13207,0.998798
test_13208,0.0006993124
test_13209,0.0005229878
test_13210,0.99862355
test_13211,0.9987414
test_13212,0.9986844
test_13213,0.0027257667
test_13214,0.0014516376
test_13215,0.0025844004
test_13216,0.99775696
test_13217,0.9986371
test_13218,0.99925566
test_13219,0.017653808
test_13220,0.9990123
test_13221,0.0095785
test_13222,0.9947177
test_13223,0.0024021561
test_13224,0.9968437
test_13225,0.0044463007
test_13226,0.9837767
test_13227,0.99880004
test_13228,0.0077776928
test_13229,0.0032040896
test_13230,0.0025088722
test_13231,0.99720585
test_13232,0.98477864
test_13233,0.0045378376
test_13234,0.998161
test_13235,0.0016124032
test_13236,0.010592252
test_13237,0.0080868015
test_13238,0.9988097
test_13239,0.998029
test_13240,0.0006215634
test_13241,0.00082524715
test_13242,0.0021192543
test_13243,0.999001
test_13244,0.99812186
test_13245,0.15996467
test_13246,0.99735713
test_13247,0.9975984
test_13248,0.99630755
test_13249,0.016792782
test_13250,0.98386824
test_13251,0.0048013157
test_13252,0.0007629506
test_13253,0.0061996323
test_13254,0.0012259192
test_13255,0.9948572
test_13256,0.00092044147
test_13257,0.0008363236
test_13258,0.87013364
test_13259,0.99858415
test_13260,0.004265121
test_13261,0.0019202937
test_13262,0.0017171802
test_13263,0.001625062
test_13264,0.68412316
test_13265,0.99765986
test_13266,0.99910355
test_13267,0.62840027
test_13268,0.0005567138
test_13269,0.0024487742
test_13270,0.002730994
test_13271,0.00943444
test_13272,0.0009977866
test_13273,0.95526195
test_13274,0.0012606818
test_13275,0.0015262224
test_13276,0.003309117
test_13277,0.003278732
test_13278,0.0065587084
test_13279,0.003547451
test_13280,0.005061529
test_13281,0.99146795
test_13282,0.0015755985
test_13283,0.92521775
test_13284,0.9140693
test_13285,0.0010575169
test_13286,0.9976457
test_13287,0.0012077759
test_13288,0.99584734
test_13289,0.00094637886
test_13290,0.9986892
test_13291,0.9991296
test_13292,0.9979664
test_13293,0.9982138
test_13294,0.59825575
test_13295,0.99924874
test_13296,0.99893296
test_13297,0.0035616201
test_13298,0.99847233
test_13299,0.9992944
test_13300,0.08271593
test_13301,0.99439526
test_13302,0.9978043
test_13303,0.0011431851
test_13304,0.99698687
test_13305,0.00159222
test_13306,0.0009265026
test_13307,0.0012318825
test_13308,0.99737525
test_13309,0.99865544
test_13310,0.9991876
test_13311,0.9823431
test_13312,0.009608686
test_13313,0.88570535
test_13314,0.99625576
test_13315,0.9986917
test_13316,0.0070563164
test_13317,0.99265695
test_13318,0.001494603
test_13319,0.9957336
test_13320,0.0011673655
test_13321,0.9892369
test_13322,0.0037226512
test_13323,0.998292
test_13324,0.021161612
test_13325,0.0007684318
test_13326,0.016220948
test_13327,0.998922
test_13328,0.001675444
test_13329,0.008435446
test_13330,0.0027133622
test_13331,0.0029642712
test_13332,0.0007964214
test_13333,0.9986497
test_13334,0.001693493
test_13335,0.0014226624
test_13336,0.009858904
test_13337,0.9980159
test_13338,0.0052933074
test_13339,0.9929869
test_13340,0.01001538
test_13341,0.9981086
test_13342,0.012494209
test_13343,0.9975622
test_13344,0.99847543
test_13345,0.9885302
test_13346,0.8954813
test_13347,0.0012669358
test_13348,0.004473745
test_13349,0.005113069
test_13350,0.0015437648
test_13351,0.9978725
test_13352,0.003532586
test_13353,0.008346175
test_13354,0.99820334
test_13355,0.27935907
test_13356,0.9983245
test_13357,0.0020939647
test_13358,0.99541104
test_13359,0.99867916
test_13360,0.9990248
test_13361,0.0040041697
test_13362,0.9991108
test_13363,0.0013241589
test_13364,0.9977312
test_13365,0.99692166
test_13366,0.9938187
test_13367,0.99636483
test_13368,0.9972688
test_13369,0.0048403395
test_13370,0.7446905
test_13371,0.9983957
test_13372,0.99904853
test_13373,0.9938451
test_13374,0.994102
test_13375,0.9944543
test_13376,0.99626493
test_13377,0.99496466
test_13378,0.002265
test_13379,0.0012390638
test_13380,0.98697746
test_13381,0.0016869091
test_13382,0.9944861
test_13383,0.98731863
test_13384,0.9989308
test_13385,0.8493541
test_13386,0.0030692222
test_13387,0.00087157456
test_13388,0.001620404
test_13389,0.001166125
test_13390,0.0028769136
test_13391,0.99909544
test_13392,0.0021144086
test_13393,0.98932624
test_13394,0.9952355
test_13395,0.99589247
test_13396,0.9910449
test_13397,0.79279137
test_13398,0.0024219498
test_13399,0.99779296
test_13400,0.99775785
test_13401,0.0024923608
test_13402,0.99500203
test_13403,0.99759185
test_13404,0.9902906
test_13405,0.99887705
test_13406,0.9980158
test_13407,0.003976078
test_13408,0.0008625386
test_13409,0.95562005
test_13410,0.021257065
test_13411,0.99464166
test_13412,0.9950391
test_13413,0.0020826135
test_13414,0.01678566
test_13415,0.98691845
test_13416,0.9979366
test_13417,0.005232376
test_13418,0.0021980447
test_13419,0.9931469
test_13420,0.96463805
test_13421,0.001143153
test_13422,0.0011140081
test_13423,0.0043739984
test_13424,0.94051236
test_13425,0.0029830234
test_13426,0.0010923457
test_13427,0.9955733
test_13428,0.9983648
test_13429,0.9963546
test_13430,0.0023099964
test_13431,0.9873431
test_13432,0.0012961233
test_13433,0.012369159
test_13434,0.99559367
test_13435,0.037717696
test_13436,0.002895054
test_13437,0.003065343
test_13438,0.99649084
test_13439,0.9986235
test_13440,0.98913324
test_13441,0.9984831
test_13442,0.9991367
test_13443,0.72437924
test_13444,0.9991815
test_13445,0.9986923
test_13446,0.0086235
test_13447,0.04053324
test_13448,0.0009300462
test_13449,0.0072463956
test_13450,0.9709269
test_13451,0.0055466504
test_13452,0.99751544
test_13453,0.9926167
test_13454,0.0042651207
test_13455,0.0035156673
test_13456,0.998521
test_13457,0.6922846
test_13458,0.99164575
test_13459,0.99777174
test_13460,0.0038306308
test_13461,0.0011936307
test_13462,0.9917309
test_13463,0.0020496985
test_13464,0.0027413277
test_13465,0.0038336453
test_13466,0.8147978
test_13467,0.000777836
test_13468,0.28738943
test_13469,0.99692297
test_13470,0.0018088109
test_13471,0.99928516
test_13472,0.9993005
test_13473,0.99822164
test_13474,0.97171676
test_13475,0.99822325
test_13476,0.010844091
test_13477,0.9975883
test_13478,0.9987158
test_13479,0.9984982
test_13480,0.98357546
test_13481,0.99724543
test_13482,0.05677773
test_13483,0.9963556
test_13484,0.00869885
test_13485,0.9943185
test_13486,0.062461205
test_13487,0.23475607
test_13488,0.002717611
test_13489,0.9968983
test_13490,0.002024339
test_13491,0.0041057994
test_13492,0.99644166
test_13493,0.9983267
test_13494,0.0023236563
test_13495,0.0044491235
test_13496,0.9956238
test_13497,0.0014342956
test_13498,0.7390177
test_13499,0.002487854
test_13500,0.99826664
test_13501,0.0050737862
test_13502,0.0015792653
test_13503,0.016402012
test_13504,0.004152265
test_13505,0.0015657928
test_13506,0.0027346853
test_13507,0.00097306556
test_13508,0.995507
test_13509,0.0013064966
test_13510,0.010845169
test_13511,0.9831296
test_13512,0.9993144
test_13513,0.0016983282
test_13514,0.0022812388
test_13515,0.002695274
test_13516,0.009693754
test_13517,0.02589686
test_13518,0.0028972153
test_13519,0.014106484
test_13520,0.015413116
test_13521,0.9960378
test_13522,0.0014424976
test_13523,0.9986875
test_13524,0.9983728
test_13525,0.99769247
test_13526,0.00069818867
test_13527,0.9976088
test_13528,0.9965835
test_13529,0.99760735
test_13530,0.9967272
test_13531,0.0019872896
test_13532,0.0044387504
test_13533,0.89686006
test_13534,0.016342528
test_13535,0.9984422
test_13536,0.0010765492
test_13537,0.0012457094
test_13538,0.0020367492
test_13539,0.23584335
test_13540,0.9980884
test_13541,0.992025
test_13542,0.0010460996
test_13543,0.0016527302
test_13544,0.9950746
test_13545,0.9987565
test_13546,0.998379
test_13547,0.0011874982
test_13548,0.9052397
test_13549,0.04546345
test_13550,0.002018899
test_13551,0.9784887
test_13552,0.0007421165
test_13553,0.9985819
test_13554,0.9978218
test_13555,0.0008324501
test_13556,0.71068716
test_13557,0.99892896
test_13558,0.0012774747
test_13559,0.0015211059
test_13560,0.014285611
test_13561,0.0021012651
test_13562,0.017175902
test_13563,0.99344134
test_13564,0.9931915
test_13565,0.99888563
test_13566,0.99419177
test_13567,0.999115
test_13568,0.9800005
test_13569,0.9987292
test_13570,0.9842614
test_13571,0.07376194
test_13572,0.9990723
test_13573,0.9986067
test_13574,0.0072241314
test_13575,0.99668896
test_13576,0.0057577486
test_13577,0.002511364
test_13578,0.9973516
test_13579,0.01765204
test_13580,0.000939574
test_13581,0.98826534
test_13582,0.9975989
test_13583,0.0021541317
test_13584,0.9983397
test_13585,0.99166495
test_13586,0.9992001
test_13587,0.0049942243
test_13588,0.9913102
test_13589,0.99777687
test_13590,0.002514
test_13591,0.0010048734
test_13592,0.99022204
test_13593,0.9943265
test_13594,0.0010016336
test_13595,0.002038261
test_13596,0.0014417262
test_13597,0.0013267503
test_13598,0.0019175395
test_13599,0.9976597
test_13600,0.0021962672
test_13601,0.99667555
test_13602,0.99912155
test_13603,0.9981358
test_13604,0.99583244
test_13605,0.0050183926
test_13606,0.99804497
test_13607,0.02246922
test_13608,0.0028032796
test_13609,0.99905115
test_13610,0.99912274
test_13611,0.9984877
test_13612,0.99928427
test_13613,0.9948405
test_13614,0.9991323
test_13615,0.97726554
test_13616,0.056454778
test_13617,0.9988345
test_13618,0.0027474165
test_13619,0.68278176
test_13620,0.008582307
test_13621,0.99113035
test_13622,0.9908945
test_13623,0.0025478008
test_13624,0.0006153556
test_13625,0.9661521
test_13626,0.0071791955
test_13627,0.0013037485
test_13628,0.9236962
test_13629,0.015003213
test_13630,0.0012525509
test_13631,0.034569938
test_13632,0.99880433
test_13633,0.0034606215
test_13634,0.9980459
test_13635,0.99615407
test_13636,0.9987647
test_13637,0.99685764
test_13638,0.99919444
test_13639,0.9972385
test_13640,0.003983178
test_13641,0.9934287
test_13642,0.025256718
test_13643,0.0010568587
test_13644,0.0012377583
test_13645,0.9990692
test_13646,0.99878824
test_13647,0.9242786
test_13648,0.0049617086
test_13649,0.0031177297
test_13650,0.002536159
test_13651,0.025037471
test_13652,0.0009448078
test_13653,0.994422
test_13654,0.0008753331
test_13655,0.0085549895
test_13656,0.001913393
test_13657,0.010052183
test_13658,0.8495506
test_13659,0.9947525
test_13660,0.0014056972
test_13661,0.09938354
test_13662,0.9856007
test_13663,0.00071707007
test_13664,0.99900424
test_13665,0.0043980125
test_13666,0.9897896
test_13667,0.0020497902
test_13668,0.0030617316
test_13669,0.45828992
test_13670,0.0031761467
test_13671,0.0017887275
test_13672,0.0040767356
test_13673,0.0010040288
test_13674,0.92296326
test_13675,0.006699635
test_13676,0.35393125
test_13677,0.0054458156
test_13678,0.00131038
test_13679,0.000882842
test_13680,0.0041074045
test_13681,0.9975749
test_13682,0.9966647
test_13683,0.9985498
test_13684,0.024581177
test_13685,0.8415661
test_13686,0.0020215302
test_13687,0.99610424
test_13688,0.99895525
test_13689,0.9992188
test_13690,0.50812286
test_13691,0.9982803
test_13692,0.012015087
test_13693,0.0034836074
test_13694,0.0016624073
test_13695,0.99896073
test_13696,0.99453115
test_13697,0.0046167327
test_13698,0.998958
test_13699,0.99682075
test_13700,0.9991169
test_13701,0.003846451
test_13702,0.999037
test_13703,0.0020669815
test_13704,0.0016375504
test_13705,0.9989674
test_13706,0.0010093829
test_13707,0.0011263606
test_13708,0.00084152457
test_13709,0.92564833
test_13710,0.020133566
test_13711,0.060410194
test_13712,0.88321257
test_13713,0.99072677
test_13714,0.0031602578
test_13715,0.005531786
test_13716,0.0055168
test_13717,0.9975631
test_13718,0.44022945
test_13719,0.004216848
test_13720,0.48057845
test_13721,0.99867094
test_13722,0.9726002
test_13723,0.0028310993
test_13724,0.007623342
test_13725,0.99841714
test_13726,0.0019949898
test_13727,0.975494
test_13728,0.0010796664
test_13729,0.9990727
test_13730,0.0020391757
test_13731,0.0006580338
test_13732,0.9985973
test_13733,0.85241514
test_13734,0.05745746
test_13735,0.9992299
test_13736,0.99726975
test_13737,0.0011198681
test_13738,0.9971773
test_13739,0.99802434
test_13740,0.020085715
test_13741,0.0070820134
test_13742,0.0015699848
test_13743,0.0016423616
test_13744,0.037391257
test_13745,0.019481724
test_13746,0.060463298
test_13747,0.002190981
test_13748,0.0010162179
test_13749,0.9169431
test_13750,0.003220149
test_13751,0.9968457
test_13752,0.010815496
test_13753,0.9959636
test_13754,0.9990447
test_13755,0.006604954
test_13756,0.9877504
test_13757,0.16576563
test_13758,0.0007872023
test_13759,0.96494114
test_13760,0.0015198289
test_13761,0.0014770548
test_13762,0.0007090791
test_13763,0.9931716
test_13764,0.998091
test_13765,0.9982863
test_13766,0.001622299
test_13767,0.0098271035
test_13768,0.9961932
test_13769,0.9866952
test_13770,0.0015431815
test_13771,0.9960516
test_13772,0.001609619
test_13773,0.9791089
test_13774,0.00055643567
test_13775,0.0013145703
test_13776,0.9654052
test_13777,0.99788356
test_13778,0.9992269
test_13779,0.98074245
test_13780,0.9970159
test_13781,0.0018507742
test_13782,0.997737
test_13783,0.034046385
test_13784,0.0012984591
test_13785,0.9987123
test_13786,0.005652941
test_13787,0.9975508
test_13788,0.0491343
test_13789,0.9260019
test_13790,0.002769183
test_13791,0.015226019
test_13792,0.9983206
test_13793,0.004296266
test_13794,0.01601307
test_13795,0.0015907262
test_13796,0.99909276
test_13797,0.9979072
test_13798,0.0008965505
test_13799,0.045629032
test_13800,0.9962089
test_13801,0.9972
test_13802,0.0053991126
test_13803,0.0011069002
test_13804,0.0022429521
test_13805,0.51892024
test_13806,0.99019325
test_13807,0.007692973
test_13808,0.9913926
test_13809,0.0057458887
test_13810,0.99815583
test_13811,0.010589047
test_13812,0.9973049
test_13813,0.9924537
test_13814,0.0018601774
test_13815,0.99924713
test_13816,0.99422145
test_13817,0.9913873
test_13818,0.029890532
test_13819,0.9946978
test_13820,0.9992105
test_13821,0.0037002703
test_13822,0.0014054662
test_13823,0.999007
test_13824,0.0025760077
test_13825,0.0025025923
test_13826,0.9989526
test_13827,0.9920572
test_13828,0.99854606
test_13829,0.99801755
test_13830,0.0019437814
test_13831,0.005786987
test_13832,0.99668527
test_13833,0.9979666
test_13834,0.012501111
test_13835,0.99718153
test_13836,0.9982091
test_13837,0.0028761458
test_13838,0.11155751
test_13839,0.99451476
test_13840,0.99690354
test_13841,0.0010412629
test_13842,0.9973706
test_13843,0.0065582264
test_13844,0.016865548
test_13845,0.9981286
test_13846,0.98918986
test_13847,0.0016047276
test_13848,0.99729514
test_13849,0.021965193
test_13850,0.26884586
test_13851,0.8708105
test_13852,0.0011666573
test_13853,0.9965985
test_13854,0.99553144
test_13855,0.0016752777
test_13856,0.0019828856
test_13857,0.997781
test_13858,0.9935845
test_13859,0.99761087
test_13860,0.12954156
test_13861,0.99929833
test_13862,0.99899226
test_13863,0.99432814
test_13864,0.0051980373
test_13865,0.99829805
test_13866,0.0007019352
test_13867,0.012323787
test_13868,0.003244778
test_13869,0.9914355
test_13870,0.0031706034
test_13871,0.00067048013
test_13872,0.009765679
test_13873,0.98166263
test_13874,0.99734414
test_13875,0.004280061
test_13876,0.9977897
test_13877,0.0014884891
test_13878,0.9945329
test_13879,0.0048223734
test_13880,0.9984422
test_13881,0.9982628
test_13882,0.007187667
test_13883,0.99944866
test_13884,0.0016830672
test_13885,0.0012413914
test_13886,0.009279092
test_13887,0.85426736
test_13888,0.90930724
test_13889,0.0015521776
test_13890,0.0032783563
test_13891,0.99902254
test_13892,0.99777097
test_13893,0.0023555062
test_13894,0.0008618962
test_13895,0.002072845
test_13896,0.99812555
test_13897,0.006288671
test_13898,0.9986623
test_13899,0.99805164
test_13900,0.9983914
test_13901,0.0029457563
test_13902,0.0068639
test_13903,0.9969559
test_13904,0.9976498
test_13905,0.0032624975
test_13906,0.9976476
test_13907,0.9973876
test_13908,0.0012991423
test_13909,0.0050969226
test_13910,0.99852335
test_13911,0.94216025
test_13912,0.9916396
test_13913,0.0010815643
test_13914,0.0031951556
test_13915,0.0014928284
test_13916,0.99500525
test_13917,0.0009683709
test_13918,0.001141377
test_13919,0.998381
test_13920,0.00054422166
test_13921,0.99789107
test_13922,0.9934501
test_13923,0.9983067
test_13924,0.99750364
test_13925,0.9992952
test_13926,0.99262583
test_13927,0.0051380037
test_13928,0.9991869
test_13929,0.99637806
test_13930,0.99468553
test_13931,0.9950285
test_13932,0.99828947
test_13933,0.34270728
test_13934,0.029757185
test_13935,0.0017206682
test_13936,0.99625915
test_13937,0.9953537
test_13938,0.99605536
test_13939,0.99892217
test_13940,0.9992448
test_13941,0.0016412926
test_13942,0.0021099264
test_13943,0.9778583
test_13944,0.9952886
test_13945,0.00087843835
test_13946,0.0051121414
test_13947,0.99677134
test_13948,0.0010578318
test_13949,0.0014421049
test_13950,0.0010818721
test_13951,0.007183403
test_13952,0.9961234
test_13953,0.999282
test_13954,0.99541855
test_13955,0.9919063
test_13956,0.9791106
test_13957,0.0029200183
test_13958,0.9993017
test_13959,0.0011748478
test_13960,0.9968802
test_13961,0.99895465
test_13962,0.99274516
test_13963,0.996171
test_13964,0.9972346
test_13965,0.5775027
test_13966,0.0014079827
test_13967,0.99920684
test_13968,0.24977571
test_13969,0.007837144
test_13970,0.0027582743
test_13971,0.98735154
test_13972,0.0032648158
test_13973,0.99845874
test_13974,0.9951223
test_13975,0.9965438
test_13976,0.9584225
test_13977,0.998844
test_13978,0.99744666
test_13979,0.0011929207
test_13980,0.0028165695
test_13981,0.0042701727
test_13982,0.025562497
test_13983,0.98768854
test_13984,0.95264477
test_13985,0.9981985
test_13986,0.98522335
test_13987,0.00586586
test_13988,0.99720955
test_13989,0.99731475
test_13990,0.9895408
test_13991,0.0036885464
test_13992,0.99674016
test_13993,0.011256994
test_13994,0.003490304
test_13995,0.99060476
test_13996,0.9961095
test_13997,0.0047348547
test_13998,0.0014124734
test_13999,0.99908113
test_14000,0.0013226529
test_14001,0.0017022116
test_14002,0.0017723704
test_14003,0.58037937
test_14004,0.99875975
test_14005,0.0035758736
test_14006,0.9983525
test_14007,0.9990132
test_14008,0.9957755
test_14009,0.99715304
test_14010,0.0012902217
test_14011,0.9992424
test_14012,0.9977927
test_14013,0.9978728
test_14014,0.0006317619
test_14015,0.9911735
test_14016,0.998564
test_14017,0.0007527738
test_14018,0.0015938695
test_14019,0.9962934
test_14020,0.6408268
test_14021,0.0008290433
test_14022,0.9990557
test_14023,0.0011249377
test_14024,0.0040562307
test_14025,0.99680066
test_14026,0.0058267973
test_14027,0.0034994867
test_14028,0.996446
test_14029,0.003012457
test_14030,0.99850404
test_14031,0.9965941
test_14032,0.0009160689
test_14033,0.0013359316
test_14034,0.0012158991
test_14035,0.016215576
test_14036,0.0008338789
test_14037,0.06127067
test_14038,0.0016695077
test_14039,0.99568677
test_14040,0.016154207
test_14041,0.0015309275
test_14042,0.998011
test_14043,0.9978303
test_14044,0.4638115
test_14045,0.010943476
test_14046,0.014824321
test_14047,0.99545425
test_14048,0.0021474701
test_14049,0.013526613
test_14050,0.0033994755
test_14051,0.0014222675
test_14052,0.998789
test_14053,0.9990971
test_14054,0.998237
test_14055,0.0010740063
test_14056,0.002269117
test_14057,0.9983426
test_14058,0.9923663
test_14059,0.99637663
test_14060,0.0016423863
test_14061,0.9978697
test_14062,0.0069415714
test_14063,0.0015680369
test_14064,0.9887392
test_14065,0.99929357
test_14066,0.00071778975
test_14067,0.009670848
test_14068,0.99304605
test_14069,0.0013934834
test_14070,0.0012356248
test_14071,0.0012445049
test_14072,0.0042192647
test_14073,0.013720614
test_14074,0.99921
test_14075,0.03179581
test_14076,0.0007667718
test_14077,0.9991108
test_14078,0.99708164
test_14079,0.9952945
test_14080,0.99594307
test_14081,0.99055314
test_14082,0.042698517
test_14083,0.0030555613
test_14084,0.995003
test_14085,0.9947033
test_14086,0.0052104904
test_14087,0.9991418
test_14088,0.996413
test_14089,0.034135476
test_14090,0.06773312
test_14091,0.011816523
test_14092,0.28782135
test_14093,0.0050574024
test_14094,0.99464285
test_14095,0.9965474
test_14096,0.9972538
test_14097,0.99573135
test_14098,0.99764925
test_14099,0.008402342
test_14100,0.015424634
test_14101,0.9964078
test_14102,0.0042486098
test_14103,0.08045395
test_14104,0.9968587
test_14105,0.0014682356
test_14106,0.9976319
test_14107,0.9967122
test_14108,0.0011815713
test_14109,0.0015634623
test_14110,0.002650472
test_14111,0.99827874
test_14112,0.0007519771
test_14113,0.0007065673
test_14114,0.0028044148
test_14115,0.0011820015
test_14116,0.99919534
test_14117,0.9773049
test_14118,0.0036913964
test_14119,0.9983611
test_14120,0.0023498866
test_14121,0.0008955488
test_14122,0.88226616
test_14123,0.99196714
test_14124,0.007826473
test_14125,0.9965699
test_14126,0.9942891
test_14127,0.99203956
test_14128,0.0017690076
test_14129,0.9817693
test_14130,0.0012264298
test_14131,0.0020816815
test_14132,0.9976833
test_14133,0.00069685915
test_14134,0.0028301398
test_14135,0.95564634
test_14136,0.021574968
test_14137,0.0030991877
test_14138,0.009835003
test_14139,0.0080133
test_14140,0.9989316
test_14141,0.980848
test_14142,0.012362659
test_14143,0.002232106
test_14144,0.0013435688
test_14145,0.016874049
test_14146,0.9831714
test_14147,0.99931395
test_14148,0.0016879422
test_14149,0.9927734
test_14150,0.0017109219
test_14151,0.9250837
test_14152,0.98728955
test_14153,0.0030696406
test_14154,0.9804017
test_14155,0.44703346
test_14156,0.0009300134
test_14157,0.0009992865
test_14158,0.99581325
test_14159,0.0011990499
test_14160,0.0016211204
test_14161,0.021905826
test_14162,0.9987422
test_14163,0.9980673
test_14164,0.009805767
test_14165,0.99781513
test_14166,0.004180188
test_14167,0.99341
test_14168,0.0008132563
test_14169,0.0020242226
test_14170,0.99895597
test_14171,0.99569994
test_14172,0.0026898338
test_14173,0.0005856383
test_14174,0.99266565
test_14175,0.9988649
test_14176,0.0030159734
test_14177,0.0025836676
test_14178,0.0010666403
test_14179,0.99833775
test_14180,0.0052620014
test_14181,0.004024115
test_14182,0.0078567015
test_14183,0.99758446
test_14184,0.22555509
test_14185,0.999273
test_14186,0.0010682129
test_14187,0.0010902775
test_14188,0.13548172
test_14189,0.00093039125
test_14190,0.99527943
test_14191,0.9953992
test_14192,0.9991475
test_14193,0.00089859753
test_14194,0.020966107
test_14195,0.9985918
test_14196,0.9926343
test_14197,0.99743915
test_14198,0.98247707
test_14199,0.0019816307
test_14200,0.0016284175
test_14201,0.003991724
test_14202,0.0035727117
test_14203,0.7955297
test_14204,0.11973844
test_14205,0.922223
test_14206,0.9242306
test_14207,0.013150926
test_14208,0.9974927
test_14209,0.017099716
test_14210,0.9975867
test_14211,0.0012039363
test_14212,0.9963707
test_14213,0.0022821794
test_14214,0.9937878
test_14215,0.9912975
test_14216,0.031114884
test_14217,0.00094960094
test_14218,0.050877318
test_14219,0.989581
test_14220,0.0015677082
test_14221,0.9963508
test_14222,0.0029048086
test_14223,0.0025809477
test_14224,0.001642825
test_14225,0.99773896
test_14226,0.01653991
test_14227,0.99566054
test_14228,0.0017870731
test_14229,0.99904484
test_14230,0.99859846
test_14231,0.002816062
test_14232,0.0027518738
test_14233,0.99859464
test_14234,0.0023075165
test_14235,0.0022683446
test_14236,0.00078103296
test_14237,0.99920094
test_14238,0.0021515042
test_14239,0.9962267
test_14240,0.0010848473
test_14241,0.9981784
test_14242,0.0023926394
test_14243,0.9979181
test_14244,0.99552566
test_14245,0.99740005
test_14246,0.99892175
test_14247,0.9694473
test_14248,0.99669003
test_14249,0.0005323156
test_14250,0.9986646
test_14251,0.9917704
test_14252,0.9946467
test_14253,0.99873316
test_14254,0.9964391
test_14255,0.00095985545
test_14256,0.0020537665
test_14257,0.9918991
test_14258,0.0013291815
test_14259,0.9988675
test_14260,0.0015914502
test_14261,0.0019036165
test_14262,0.9990581
test_14263,0.028360331
test_14264,0.99885446
test_14265,0.0021254197
test_14266,0.00063656416
test_14267,0.9133358
test_14268,0.0024499567
test_14269,0.009324882
test_14270,0.0033286074
test_14271,0.0022458378
test_14272,0.99809647
test_14273,0.000603062
test_14274,0.99921
test_14275,0.0006148318
test_14276,0.008904471
test_14277,0.0016554216
test_14278,0.9976881
test_14279,0.99841565
test_14280,0.9638008
test_14281,0.9971831
test_14282,0.00085382676
test_14283,0.0013294084
test_14284,0.9985968
test_14285,0.8319382
test_14286,0.9956859
test_14287,0.050961748
test_14288,0.90782857
test_14289,0.9985781
test_14290,0.027170183
test_14291,0.9983524
test_14292,0.0047404463
test_14293,0.99366784
test_14294,0.0025655366
test_14295,0.99692416
test_14296,0.98994946
test_14297,0.9979876
test_14298,0.99929464
test_14299,0.9981077
test_14300,0.0014194547
test_14301,0.0058539454
test_14302,0.013683265
test_14303,0.99767494
test_14304,0.70217353
test_14305,0.5177444
test_14306,0.9841219
test_14307,0.99907124
test_14308,0.97671384
test_14309,0.0018373141
test_14310,0.00093144487
test_14311,0.9975951
test_14312,0.99650526
test_14313,0.98184776
test_14314,0.9987094
test_14315,0.00095094094
test_14316,0.0034012827
test_14317,0.98983634
test_14318,0.0072380584
test_14319,0.99826545
test_14320,0.002014369
test_14321,0.99792135
test_14322,0.99890053
test_14323,0.0019974143
test_14324,0.9939934
test_14325,0.018964214
test_14326,0.004129535
test_14327,0.0022835543
test_14328,0.9984863
test_14329,0.0021663345
test_14330,0.0011749694
test_14331,0.01379225
test_14332,0.99899495
test_14333,0.0025979443
test_14334,0.9964943
test_14335,0.9960123
test_14336,0.9969716
test_14337,0.0036193714
test_14338,0.0043173097
test_14339,0.9975613
test_14340,0.99434483
test_14341,0.99511343
test_14342,0.0045853714
test_14343,0.9993114
test_14344,0.004126737
test_14345,0.0010240036
test_14346,0.9845371
test_14347,0.99894494
test_14348,0.0035903212
test_14349,0.99505955
test_14350,0.020598162
test_14351,0.0050187204
test_14352,0.001987364
test_14353,0.9980085
test_14354,0.0009050463
test_14355,0.9970236
test_14356,0.9946661
test_14357,0.0009275191
test_14358,0.99601305
test_14359,0.9972234
test_14360,0.9867972
test_14361,0.0028648605
test_14362,0.996862
test_14363,0.005758535
test_14364,0.92457765
test_14365,0.0027630264
test_14366,0.99501467
test_14367,0.99841297
test_14368,0.9955504
test_14369,0.990217
test_14370,0.99830115
test_14371,0.9966155
test_14372,0.0016638617
test_14373,0.005658714
test_14374,0.09594977
test_14375,0.08128299
test_14376,0.0009104843
test_14377,0.0022724192
test_14378,0.9942901
test_14379,0.00084630004
test_14380,0.99533653
test_14381,0.006398284
test_14382,0.00915421
test_14383,0.9985275
test_14384,0.0024730172
test_14385,0.00093274494
test_14386,0.15984216
test_14387,0.97607636
test_14388,0.002690762
test_14389,0.004302874
test_14390,0.9970279
test_14391,0.991145
test_14392,0.9972888
test_14393,0.0045837853
test_14394,0.9964478
test_14395,0.98059344
test_14396,0.99916697
test_14397,0.99433213
test_14398,0.96024394
test_14399,0.9957226
test_14400,0.99858487
test_14401,0.014652412
test_14402,0.001149183
test_14403,0.9975971
test_14404,0.02093861
test_14405,0.9988564
test_14406,0.9677491
test_14407,0.2544418
test_14408,0.0063620494
test_14409,0.99764323
test_14410,0.35203928
test_14411,0.001181826
test_14412,0.997141
test_14413,0.97763956
test_14414,0.0030873944
test_14415,0.5723406
test_14416,0.9987391
test_14417,0.002261312
test_14418,0.0013144704
test_14419,0.0009660338
test_14420,0.0008817503
test_14421,0.9992485
test_14422,0.005664965
test_14423,0.002092812
test_14424,0.0022635448
test_14425,0.044419944
test_14426,0.001519441
test_14427,0.99764895
test_14428,0.0052992413
test_14429,0.94860625
test_14430,0.00070880324
test_14431,0.98317647
test_14432,0.0023773522
test_14433,0.99689937
test_14434,0.99822235
test_14435,0.004510917
test_14436,0.13262442
test_14437,0.99591136
test_14438,0.99640983
test_14439,0.0010678588
test_14440,0.0006980962
test_14441,0.9976719
test_14442,0.0011762573
test_14443,0.9945383
test_14444,0.935624
test_14445,0.0013549575
test_14446,0.00484798
test_14447,0.9981066
test_14448,0.00523486
test_14449,0.01685364
test_14450,0.9822216
test_14451,0.98504794
test_14452,0.0016529344
test_14453,0.031224065
test_14454,0.0010732402
test_14455,0.948912
test_14456,0.9678503
test_14457,0.0038207204
test_14458,0.99485636
test_14459,0.00091339776
test_14460,0.00090269017
test_14461,0.0020549134
test_14462,0.9977219
test_14463,0.45505783
test_14464,0.9973372
test_14465,0.9900156
test_14466,0.99452174
test_14467,0.024754765
test_14468,0.17793939
test_14469,0.0028185914
test_14470,0.9841342
test_14471,0.002494545
test_14472,0.0014173896
test_14473,0.0029458762
test_14474,0.98785216
test_14475,0.5746587
test_14476,0.99902
test_14477,0.996649
test_14478,0.99891794
test_14479,0.27549213
test_14480,0.997505
test_14481,0.10539472
test_14482,0.9910028
test_14483,0.19546908
test_14484,0.99819964
test_14485,0.004169114
test_14486,0.0014058223
test_14487,0.9982545
test_14488,0.9968218
test_14489,0.00058647123
test_14490,0.0021845635
test_14491,0.9946461
test_14492,0.009882393
test_14493,0.003584093
test_14494,0.0035772
test_14495,0.007889399
test_14496,0.0030078073
test_14497,0.99143225
test_14498,0.99646735
test_14499,0.0016297876
test_14500,0.0032054044
test_14501,0.0034822559
test_14502,0.9967125
test_14503,0.9900373
test_14504,0.00063028873
test_14505,0.006525684
test_14506,0.0012348498
test_14507,0.9964049
test_14508,0.0024371918
test_14509,0.0014852744
test_14510,0.9777731
test_14511,0.9978905
test_14512,0.998333
test_14513,0.0010891207
test_14514,0.0009802594
test_14515,0.0016419857
test_14516,0.99870145
test_14517,0.0013445214
test_14518,0.99832785
test_14519,0.84877074
test_14520,0.00055013585
test_14521,0.998003
test_14522,0.0026097947
test_14523,0.9964895
test_14524,0.98989797
test_14525,0.99704826
test_14526,0.00072663283
test_14527,0.7384228
test_14528,0.9991392
test_14529,0.0049191867
test_14530,0.99808496
test_14531,0.9557332
test_14532,0.0011077464
test_14533,0.002182898
test_14534,0.9978652
test_14535,0.0028986777
test_14536,0.998572
test_14537,0.0072059208
test_14538,0.0045894645
test_14539,0.00071430026
test_14540,0.98382425
test_14541,0.0020972644
test_14542,0.9941975
test_14543,0.0066736597
test_14544,0.0019715962
test_14545,0.99143803
test_14546,0.8762482
test_14547,0.9976717
test_14548,0.0006220836
test_14549,0.0056165075
test_14550,0.99901277
test_14551,0.9981398
test_14552,0.5773868
test_14553,0.98900783
test_14554,0.0014831366
test_14555,0.0106430035
test_14556,0.84101856
test_14557,0.99855417
test_14558,0.0031915922
test_14559,0.0021643415
test_14560,0.0019800367
test_14561,0.9957911
test_14562,0.9991716
test_14563,0.9984038
test_14564,0.0055727735
test_14565,0.99749506
test_14566,0.6256633
test_14567,0.9937365
test_14568,0.9981661
test_14569,0.002673954
test_14570,0.9985101
test_14571,0.0038496205
test_14572,0.040259983
test_14573,0.985896
test_14574,0.995986
test_14575,0.00093714346
test_14576,0.45446938
test_14577,0.9972044
test_14578,0.0015983
test_14579,0.0016808978
test_14580,0.89148915
test_14581,0.99943745
test_14582,0.99851084
test_14583,0.9984888
test_14584,0.99819136
test_14585,0.99776036
test_14586,0.0053488957
test_14587,0.036978588
test_14588,0.9993422
test_14589,0.010639766
test_14590,0.99830925
test_14591,0.9989102
test_14592,0.99336296
test_14593,0.9981172
test_14594,0.997226
test_14595,0.99928886
test_14596,0.0014061601
test_14597,0.44032943
test_14598,0.0013079544
test_14599,0.9981955
test_14600,0.9988464
test_14601,0.99838114
test_14602,0.34933826
test_14603,0.06301786
test_14604,0.99313605
test_14605,0.004624321
test_14606,0.46414286
test_14607,0.0026012585
test_14608,0.99789965
test_14609,0.9926836
test_14610,0.00764374
test_14611,0.004117119
test_14612,0.0008941628
test_14613,0.99165225
test_14614,0.99480295
test_14615,0.9121908
test_14616,0.003945111
test_14617,0.9991822
test_14618,0.99924767
test_14619,0.96311045
test_14620,0.9790483
test_14621,0.9972232
test_14622,0.9989555
test_14623,0.99920166
test_14624,0.9985539
test_14625,0.99570066
test_14626,0.9980843
test_14627,0.9845103
test_14628,0.3710986
test_14629,0.9979935
test_14630,0.0011922355
test_14631,0.0010445393
test_14632,0.0017422247
test_14633,0.99641895
test_14634,0.1946626
test_14635,0.9623485
test_14636,0.0036047962
test_14637,0.006628844
test_14638,0.9972869
test_14639,0.00074977614
test_14640,0.0030697696
test_14641,0.004118852
test_14642,0.002840825
test_14643,0.9949907
test_14644,0.004763602
test_14645,0.024778038
test_14646,0.029417507
test_14647,0.0028292937
test_14648,0.0015408759
test_14649,0.98454416
test_14650,0.99896944
test_14651,0.99593663
test_14652,0.0031406486
test_14653,0.9986167
test_14654,0.00084159314
test_14655,0.022615558
test_14656,0.0018829321
test_14657,0.99367094
test_14658,0.0034674495
test_14659,0.34705815
test_14660,0.001066413
test_14661,0.016575933
test_14662,0.9980041
test_14663,0.99021465
test_14664,0.9960878
test_14665,0.0013253613
test_14666,0.9986837
test_14667,0.6733573
test_14668,0.9944576
test_14669,0.0013528168
test_14670,0.99893546
test_14671,0.06091554
test_14672,0.99159837
test_14673,0.86090064
test_14674,0.99574745
test_14675,0.991681
test_14676,0.9954387
test_14677,0.004883534
test_14678,0.99643373
test_14679,0.99710214
test_14680,0.003742563
test_14681,0.99930406
test_14682,0.9981004
test_14683,0.0020789027
test_14684,0.9992373
test_14685,0.99680114
test_14686,0.034064386
test_14687,0.003663524
test_14688,0.9974443
test_14689,0.006563776
test_14690,0.9664608
test_14691,0.9977332
test_14692,0.0014725887
test_14693,0.99763495
test_14694,0.23287493
test_14695,0.99846935
test_14696,0.9969902
test_14697,0.0010731549
test_14698,0.9372298
test_14699,0.99448836
test_14700,0.9982551
test_14701,0.046657905
test_14702,0.99929404
test_14703,0.0011588498
test_14704,0.99875134
test_14705,0.39705783
test_14706,0.454791
test_14707,0.0014540717
test_14708,0.0026980788
test_14709,0.9941658
test_14710,0.9978881
test_14711,0.0020404174
test_14712,0.012411967
test_14713,0.99845994
test_14714,0.986737
test_14715,0.69970083
test_14716,0.9973912
test_14717,0.993603
test_14718,0.003121465
test_14719,0.03486302
test_14720,0.998822
test_14721,0.99709696
test_14722,0.9979785
test_14723,0.9989238
test_14724,0.9323338
test_14725,0.9798183
test_14726,0.9931568
test_14727,0.98358256
test_14728,0.0009594903
test_14729,0.24259698
test_14730,0.99808764
test_14731,0.998947
test_14732,0.99582744
test_14733,0.78233063
test_14734,0.0007071508
test_14735,0.9984273
test_14736,0.9975177
test_14737,0.9954839
test_14738,0.00160551
test_14739,0.9887784
test_14740,0.99877506
test_14741,0.00082756486
test_14742,0.0019608
test_14743,0.9978396
test_14744,0.9966175
test_14745,0.9941881
test_14746,0.99847674
test_14747,0.9959891
test_14748,0.0014328861
test_14749,0.5896157
test_14750,0.009398109
test_14751,0.005264992
test_14752,0.0018792609
test_14753,0.0019635973
test_14754,0.9990768
test_14755,0.017194195
test_14756,0.99656093
test_14757,0.99785376
test_14758,0.9969983
test_14759,0.0012870384
test_14760,0.70194614
test_14761,0.9843645
test_14762,0.0013917685
test_14763,0.93731964
test_14764,0.9990791
test_14765,0.0016881903
test_14766,0.99885726
test_14767,0.9976564
test_14768,0.9986059
test_14769,0.9938468
test_14770,0.99608624
test_14771,0.99931264
test_14772,0.0034352257
test_14773,0.0012784195
test_14774,0.9989442
test_14775,0.002327355
test_14776,0.8040991
test_14777,0.9943987
test_14778,0.99515676
test_14779,0.0012273173
test_14780,0.9981189
test_14781,0.0027224887
test_14782,0.38518065
test_14783,0.001854217
test_14784,0.6699829
test_14785,0.99549645
test_14786,0.0017253153
test_14787,0.01151634
test_14788,0.993138
test_14789,0.005625096
test_14790,0.008388871
test_14791,0.9972532
test_14792,0.9882623
test_14793,0.99826753
test_14794,0.0007361467
test_14795,0.9942663
test_14796,0.98923457
test_14797,0.99749225
test_14798,0.9986079
test_14799,0.0026424637
test_14800,0.009274381
test_14801,0.001849167
test_14802,0.0040536663
test_14803,0.008542202
test_14804,0.00070465886
test_14805,0.0049313665
test_14806,0.0014347427
test_14807,0.0014285401
test_14808,0.961866
test_14809,0.9988032
test_14810,0.003392236
test_14811,0.004558593
test_14812,0.991892
test_14813,0.9974392
test_14814,0.99701476
test_14815,0.99921614
test_14816,0.0040645893
test_14817,0.64962286
test_14818,0.0011699854
test_14819,0.99879634
test_14820,0.0029601585
test_14821,0.007892818
test_14822,0.99755025
test_14823,0.00054663274
test_14824,0.983346
test_14825,0.019069098
test_14826,0.9614032
test_14827,0.9956403
test_14828,0.00083907135
test_14829,0.9871204
test_14830,0.0033199748
test_14831,0.9991284
test_14832,0.0024220708
test_14833,0.0019768712
test_14834,0.99860466
test_14835,0.0013257421
test_14836,0.930569
test_14837,0.031043123
test_14838,0.00857548
test_14839,0.8782215
test_14840,0.0015846696
test_14841,0.9986931
test_14842,0.9986429
test_14843,0.004501134
test_14844,0.9876375
test_14845,0.99804854
test_14846,0.9986986
test_14847,0.9918031
test_14848,0.9961522
test_14849,0.99887455
test_14850,0.0021619846
test_14851,0.9982167
test_14852,0.0022329853
test_14853,0.0021477873
test_14854,0.0030362299
test_14855,0.9903415
test_14856,0.0042103184
test_14857,0.99884564
test_14858,0.9435718
test_14859,0.9966333
test_14860,0.995893
test_14861,0.90884084
test_14862,0.9950919
test_14863,0.05009384
test_14864,0.0019689368
test_14865,0.9980101
test_14866,0.012650522
test_14867,0.012224778
test_14868,0.0008535625
test_14869,0.9985845
test_14870,0.0017363243
test_14871,0.99843436
test_14872,0.9945197
test_14873,0.0027413894
test_14874,0.011787124
test_14875,0.95178354
test_14876,0.0019046688
test_14877,0.0009529862
test_14878,0.99299884
test_14879,0.81226236
test_14880,0.9968603
test_14881,0.011110256
test_14882,0.008138011
test_14883,0.9987515
test_14884,0.086691365
test_14885,0.9966824
test_14886,0.0039635077
test_14887,0.035628214
test_14888,0.9974617
test_14889,0.006602724
test_14890,0.064675376
test_14891,0.86694443
test_14892,0.0011277724
test_14893,0.0041651954
test_14894,0.99919885
test_14895,0.99064374
test_14896,0.006935848
test_14897,0.10048599
test_14898,0.99844587
test_14899,0.0013630161
test_14900,0.0027607775
test_14901,0.005275135
test_14902,0.006885769
test_14903,0.99832773
test_14904,0.9801852
test_14905,0.9990614
test_14906,0.98871374
test_14907,0.0063402914
test_14908,0.0011728932
test_14909,0.0024062474
test_14910,0.002813866
test_14911,0.9947899
test_14912,0.99852467
test_14913,0.9930208
test_14914,0.9947861
test_14915,0.00243913
test_14916,0.99551
test_14917,0.99703634
test_14918,0.0041610077
test_14919,0.0018585413
test_14920,0.005419106
test_14921,0.0020109843
test_14922,0.001032177
test_14923,0.0010841558
test_14924,0.9613083
test_14925,0.99705935
test_14926,0.017291771
test_14927,0.00808375
test_14928,0.9988642
test_14929,0.0011389271
test_14930,0.004317457
test_14931,0.9988612
test_14932,0.015096934
test_14933,0.0053365594
test_14934,0.0057369187
test_14935,0.0010470541
test_14936,0.8632132
test_14937,0.9947413
test_14938,0.07810291
test_14939,0.0015566538
test_14940,0.013786278
test_14941,0.99887776
test_14942,0.99298775
test_14943,0.0022926726
test_14944,0.8493968
test_14945,0.0030057246
test_14946,0.0064120903
test_14947,0.9928987
test_14948,0.9976386
test_14949,0.9433235
test_14950,0.9980308
test_14951,0.0011224874
test_14952,0.02093783
test_14953,0.99893653
test_14954,0.00086171314
test_14955,0.0015218998
test_14956,0.0019642226
test_14957,0.3345483
test_14958,0.0011496851
test_14959,0.0024004602
test_14960,0.99666107
test_14961,0.9889147
test_14962,0.99361825
test_14963,0.9256718
test_14964,0.0018485398
test_14965,0.99884176
test_14966,0.9978545
test_14967,0.0018291103
test_14968,0.0012019128
test_14969,0.0006877266
test_14970,0.0018321755
test_14971,0.0012248324
test_14972,0.845633
test_14973,0.011099132
test_14974,0.99874413
test_14975,0.9886356
test_14976,0.00945666
test_14977,0.015543031
test_14978,0.013464528
test_14979,0.0013988742
test_14980,0.9984526
test_14981,0.9958672
test_14982,0.97575784
test_14983,0.9556161
test_14984,0.0017718761
test_14985,0.43473685
test_14986,0.9932085
test_14987,0.00116343
test_14988,0.011898059
test_14989,0.99260193
test_14990,0.0064728735
test_14991,0.99870825
test_14992,0.9988923
test_14993,0.9990655
test_14994,0.9926137
test_14995,0.0039515635
test_14996,0.99837595
test_14997,0.0011911424
test_14998,0.9950583
test_14999,0.9991657
test_15000,0.9958451
test_15001,0.99787784
test_15002,0.0013256455
test_15003,0.0036601399
test_15004,0.1025517
test_15005,0.0012329624
test_15006,0.0009918778
test_15007,0.08535178
test_15008,0.9988989
test_15009,0.002512472
test_15010,0.00140295
test_15011,0.001263134
test_15012,0.0015001222
test_15013,0.99776244
test_15014,0.9915472
test_15015,0.96369505
test_15016,0.001401998
test_15017,0.005403937
test_15018,0.9980528
test_15019,0.1377852
test_15020,0.9981431
test_15021,0.0020460233
test_15022,0.0007065494
test_15023,0.9992586
test_15024,0.9972919
test_15025,0.011052076
test_15026,0.0039546145
test_15027,0.0012665315
test_15028,0.0010343386
test_15029,0.99826264
test_15030,0.0022431726
test_15031,0.0021828623
test_15032,0.00084403565
test_15033,0.008551442
test_15034,0.9975546
test_15035,0.974507
test_15036,0.002536717
test_15037,0.008490739
test_15038,0.9951618
test_15039,0.00087268767
test_15040,0.99696755
test_15041,0.006265089
test_15042,0.99895287
test_15043,0.0036138017
test_15044,0.9973356
test_15045,0.0077649113
test_15046,0.0013671258
test_15047,0.9950706
test_15048,0.998866
test_15049,0.9977928
test_15050,0.9973396
test_15051,0.9968046
test_15052,0.7147116
test_15053,0.0052490407
test_15054,0.0036559207
test_15055,0.0012185927
test_15056,0.99732643
test_15057,0.98470306
test_15058,0.9243965
test_15059,0.99927354
test_15060,0.29437876
test_15061,0.9981996
test_15062,0.99907756
test_15063,0.9987823
test_15064,0.00078161457
test_15065,0.99507654
test_15066,0.0009506936
test_15067,0.26045808
test_15068,0.9007777
test_15069,0.0031631377
test_15070,0.9981188
test_15071,0.011871577
test_15072,0.99502885
test_15073,0.0008569502
test_15074,0.0017365059
test_15075,0.0006282474
test_15076,0.99375546
test_15077,0.9936567
test_15078,0.015112236
test_15079,0.029208934
test_15080,0.011395308
test_15081,0.8099704
test_15082,0.99858236
test_15083,0.9981186
test_15084,0.9971845
test_15085,0.9987048
test_15086,0.0007797849
test_15087,0.98661315
test_15088,0.9927168
test_15089,0.0013496011
test_15090,0.0020785157
test_15091,0.99798274
test_15092,0.99797595
test_15093,0.00059948827
test_15094,0.992844
test_15095,0.002439446
test_15096,0.0016457685
test_15097,0.99836767
test_15098,0.0028508296
test_15099,0.9988232
test_15100,0.9877582
test_15101,0.0007083459
test_15102,0.998972
test_15103,0.008309842
test_15104,0.9977882
test_15105,0.9928755
test_15106,0.9935231
test_15107,0.002512318
test_15108,0.0022034699
test_15109,0.7663294
test_15110,0.99886435
test_15111,0.9943489
test_15112,0.9966141
test_15113,0.4673986
test_15114,0.99835217
test_15115,0.998952
test_15116,0.99437225
test_15117,0.87245715
test_15118,0.66444016
test_15119,0.00399956
test_15120,0.004313693
test_15121,0.00077721226
test_15122,0.0144286305
test_15123,0.085451566
test_15124,0.0012340355
test_15125,0.0013352787
test_15126,0.07515523
test_15127,0.9942689
test_15128,0.03258079
test_15129,0.0032651466
test_15130,0.00078199117
test_15131,0.068392605
test_15132,0.029481154
test_15133,0.99928546
test_15134,0.9986398
test_15135,0.9943218
test_15136,0.99553555
test_15137,0.6938704
test_15138,0.9979936
test_15139,0.0012487246
test_15140,0.0010242021
test_15141,0.9991301
test_15142,0.9989188
test_15143,0.1329756
test_15144,0.0040591797
test_15145,0.99521554
test_15146,0.9957313
test_15147,0.0063641537
test_15148,0.012884624
test_15149,0.016115963
test_15150,0.35045755
test_15151,0.9867868
test_15152,0.0015444664
test_15153,0.0013084953
test_15154,0.99923176
test_15155,0.008185832
test_15156,0.07329172
test_15157,0.99655604
test_15158,0.0012837001
test_15159,0.016967667
test_15160,0.99561304
test_15161,0.99810934
test_15162,0.96771145
test_15163,0.0026138434
test_15164,0.99814796
test_15165,0.011625013
test_15166,0.013646146
test_15167,0.23029168
test_15168,0.032383732
test_15169,0.0016180628
test_15170,0.002874963
test_15171,0.9978527
test_15172,0.0010635671
test_15173,0.005720707
test_15174,0.0015204789
test_15175,0.9949634
test_15176,0.9954737
test_15177,0.01069592
test_15178,0.0011919355
test_15179,0.27298886
test_15180,0.9990252
test_15181,0.0013552728
test_15182,0.8359469
test_15183,0.0020138046
test_15184,0.99790037
test_15185,0.9962915
test_15186,0.9962827
test_15187,0.029440172
test_15188,0.9978895
test_15189,0.97530735
test_15190,0.0010463283
test_15191,0.00285684
test_15192,0.00397129
test_15193,0.01046019
test_15194,0.0068769725
test_15195,0.004227494
test_15196,0.006934548
test_15197,0.9961654
test_15198,0.0011379672
test_15199,0.0026140972
test_15200,0.0007658425
test_15201,0.99917746
test_15202,0.99855757
test_15203,0.0020406917
test_15204,0.9965676
test_15205,0.9946351
test_15206,0.9992008
test_15207,0.9972534
test_15208,0.002965162
test_15209,0.0023309118
test_15210,0.001577437
test_15211,0.006240889
test_15212,0.0010909283
test_15213,0.99903977
test_15214,0.9929211
test_15215,0.9912735
test_15216,0.9767618
test_15217,0.01876532
test_15218,0.9990308
test_15219,0.98971844
test_15220,0.004958917
test_15221,0.0020776019
test_15222,0.9987636
test_15223,0.87962836
test_15224,0.053550787
test_15225,0.007892616
test_15226,0.00133567
test_15227,0.0011176217
test_15228,0.99746394
test_15229,0.0028193179
test_15230,0.99542046
test_15231,0.99929684
test_15232,0.0014139849
test_15233,0.017087374
test_15234,0.40754098
test_15235,0.002709263
test_15236,0.99690914
test_15237,0.0020461055
test_15238,0.9984592
test_15239,0.2041462
test_15240,0.9989552
test_15241,0.446167
test_15242,0.0021465176
test_15243,0.015838116
test_15244,0.0032457588
test_15245,0.99838305
test_15246,0.00074784906
test_15247,0.99846345
test_15248,0.9833213
test_15249,0.81992745
test_15250,0.99581695
test_15251,0.99261636
test_15252,0.99568605
test_15253,0.9957088
test_15254,0.0041615637
test_15255,0.0009341738
test_15256,0.0049602627
test_15257,0.99569035
test_15258,0.0009811758
test_15259,0.006293513
test_15260,0.9974331
test_15261,0.7145449
test_15262,0.9842618
test_15263,0.99835277
test_15264,0.0033918456
test_15265,0.012452908
test_15266,0.9980068
test_15267,0.0032039343
test_15268,0.0028142391
test_15269,0.99751997
test_15270,0.99906933
test_15271,0.0021960442
test_15272,0.9978374
test_15273,0.9912441
test_15274,0.0047164885
test_15275,0.0025706813
test_15276,0.45560217
test_15277,0.0006678044
test_15278,0.9992768
test_15279,0.99760187
test_15280,0.9974116
test_15281,0.001830457
test_15282,0.9989056
test_15283,0.9967549
test_15284,0.6714711
test_15285,0.0015477552
test_15286,0.99356127
test_15287,0.99479115
test_15288,0.0024113008
test_15289,0.002460706
test_15290,0.9965099
test_15291,0.0076891407
test_15292,0.065786675
test_15293,0.0021606514
test_15294,0.99884474
test_15295,0.61580753
test_15296,0.9993262
test_15297,0.9980761
test_15298,0.0011489522
test_15299,0.0015306316
test_15300,0.0010969074
test_15301,0.0062944293
test_15302,0.0067108395
test_15303,0.988557
test_15304,0.9960393
test_15305,0.9981852
test_15306,0.9984447
test_15307,0.9809332
test_15308,0.0057586054
test_15309,0.995173
test_15310,0.0010016521
test_15311,0.0016571754
test_15312,0.0007863852
test_15313,0.0021563184
test_15314,0.19430862
test_15315,0.99305725
test_15316,0.99908286
test_15317,0.0063287728
test_15318,0.00063024473
test_15319,0.0013543334
test_15320,0.0020701014
test_15321,0.99758196
test_15322,0.045362387
test_15323,0.9971514
test_15324,0.74020517
test_15325,0.9990493
test_15326,0.9893252
test_15327,0.97922754
test_15328,0.00078886194
test_15329,0.9989217
test_15330,0.0018219734
test_15331,0.9878635
test_15332,0.9977895
test_15333,0.0006890442
test_15334,0.49384767
test_15335,0.0008485038
test_15336,0.980517
test_15337,0.999156
test_15338,0.00066760706
test_15339,0.3634898
test_15340,0.99390256
test_15341,0.9982734
test_15342,0.009058061
test_15343,0.0029576113
test_15344,0.9981913
test_15345,0.9981607
test_15346,0.0011476248
test_15347,0.99322057
test_15348,0.0023340923
test_15349,0.9972092
test_15350,0.00082725816
test_15351,0.0015728328
test_15352,0.0017133888
test_15353,0.7434732
test_15354,0.9978814
test_15355,0.99170697
test_15356,0.0027076053
test_15357,0.00861447
test_15358,0.18055433
test_15359,0.9984758
test_15360,0.9988928
test_15361,0.9913872
test_15362,0.002346106
test_15363,0.027135551
test_15364,0.99430466
test_15365,0.003146438
test_15366,0.010491682
test_15367,0.99044156
test_15368,0.9970548
test_15369,0.9979197
test_15370,0.009637978
test_15371,0.0026062052
test_15372,0.001191354
test_15373,0.14780945
test_15374,0.99360454
test_15375,0.0035039792
test_15376,0.99848974
test_15377,0.9987834
test_15378,0.9985576
test_15379,0.99904394
test_15380,0.9988694
test_15381,0.998791
test_15382,0.0064116623
test_15383,0.006665876
test_15384,0.024782777
test_15385,0.09851341
test_15386,0.99647593
test_15387,0.9969963
test_15388,0.99805045
test_15389,0.99593556
test_15390,0.0013961617
test_15391,0.99931705
test_15392,0.0011242975
test_15393,0.9950731
test_15394,0.010772043
test_15395,0.9988233
test_15396,0.0012284335
test_15397,0.9975867
test_15398,0.99716103
test_15399,0.003665075
test_15400,0.9993795
test_15401,0.0007925453
test_15402,0.9944443
test_15403,0.0011753339
test_15404,0.00092553184
test_15405,0.99552643
test_15406,0.29168493
test_15407,0.998686
test_15408,0.6342168
test_15409,0.99779475
test_15410,0.9976293
test_15411,0.9842278
test_15412,0.9986826
test_15413,0.99900043
test_15414,0.9991034
test_15415,0.999295
test_15416,0.0026047896
test_15417,0.99697644
test_15418,0.9972639
test_15419,0.8045054
test_15420,0.9976238
test_15421,0.97305495
test_15422,0.02281503
test_15423,0.071141526
test_15424,0.9989039
test_15425,0.99517477
test_15426,0.99534994
test_15427,0.99867404
test_15428,0.99834406
test_15429,0.97913265
test_15430,0.9965339
test_15431,0.99860054
test_15432,0.00076430594
test_15433,0.0037504588
test_15434,0.99849486
test_15435,0.9924587
test_15436,0.0022990862
test_15437,0.99854124
test_15438,0.0033671681
test_15439,0.9983345
test_15440,0.0026195329
test_15441,0.9876668
test_15442,0.0009541318
test_15443,0.0045861294
test_15444,0.0012739479
test_15445,0.9972515
test_15446,0.99815315
test_15447,0.0058733067
test_15448,0.99905336
test_15449,0.002218349
test_15450,0.9915232
test_15451,0.0037202272
test_15452,0.9968958
test_15453,0.9577122
test_15454,0.002678133
test_15455,0.99807405
test_15456,0.9971967
test_15457,0.009974116
test_15458,0.005731081
test_15459,0.046817742
test_15460,0.8592592
test_15461,0.9923377
test_15462,0.9976437
test_15463,0.0012045843
test_15464,0.00268466
test_15465,0.99743426
test_15466,0.98526645
test_15467,0.3847792
test_15468,0.9977543
test_15469,0.008917298
test_15470,0.97498
test_15471,0.0045155664
test_15472,0.00074158265
test_15473,0.019036185
test_15474,0.0035006574
test_15475,0.038545433
test_15476,0.00074056553
test_15477,0.9948771
test_15478,0.9988433
test_15479,0.9978238
test_15480,0.7937746
test_15481,0.99873126
test_15482,0.002713739
test_15483,0.9979145
test_15484,0.006698717
test_15485,0.9969778
test_15486,0.08862932
test_15487,0.00521392
test_15488,0.006189335
test_15489,0.0017095188
test_15490,0.009690307
test_15491,0.0028913133
test_15492,0.99931085
test_15493,0.002167722
test_15494,0.9969008
test_15495,0.0098790545
test_15496,0.003212615
test_15497,0.93799293
test_15498,0.994486
test_15499,0.99822843
test_15500,0.0010353688
test_15501,0.9983423
test_15502,0.9972644
test_15503,0.9974066
test_15504,0.9983513
test_15505,0.99813926
test_15506,0.9967439
test_15507,0.00091205904
test_15508,0.99842393
test_15509,0.0024754999
test_15510,0.00055517495
test_15511,0.9954357
test_15512,0.00093166524
test_15513,0.67061776
test_15514,0.99890035
test_15515,0.9976383
test_15516,0.9967786
test_15517,0.0009418128
test_15518,0.0019192501
test_15519,0.9978386
test_15520,0.005284289
test_15521,0.99686855
test_15522,0.99437326
test_15523,0.0023905921
test_15524,0.0024266117
test_15525,0.0035592618
test_15526,0.99760985
test_15527,0.99837935
test_15528,0.0030062902
test_15529,0.0020484063
test_15530,0.99243015
test_15531,0.0062835068
test_15532,0.00519847
test_15533,0.0014698125
test_15534,0.0015380491
test_15535,0.0039180866
test_15536,0.007573324
test_15537,0.9985268
test_15538,0.7822199
test_15539,0.0029039271
test_15540,0.0025575846
test_15541,0.9989406
test_15542,0.0024090372
test_15543,0.17891401
test_15544,0.9405086
test_15545,0.9064205
test_15546,0.0041508796
test_15547,0.0012844336
test_15548,0.0015971708
test_15549,0.0016218123
test_15550,0.98309815
test_15551,0.0013302651
test_15552,0.001769931
test_15553,0.9981257
test_15554,0.002370822
test_15555,0.99613833
test_15556,0.9992063
test_15557,0.000971557
test_15558,0.001179632
test_15559,0.2630903
test_15560,0.9977704
test_15561,0.99897426
test_15562,0.99602437
test_15563,0.9983132
test_15564,0.0014572237
test_15565,0.0050843447
test_15566,0.99919283
test_15567,0.0009244387
test_15568,0.9011938
test_15569,0.0017601168
test_15570,0.9988631
test_15571,0.25632244
test_15572,0.0027015014
test_15573,0.9991709
test_15574,0.99499255
test_15575,0.0011813116
test_15576,0.99809396
test_15577,0.56714183
test_15578,0.9912749
test_15579,0.800843
test_15580,0.99905926
test_15581,0.0011876022
test_15582,0.99585557
test_15583,0.0022411998
test_15584,0.00075437303
test_15585,0.99703646
test_15586,0.9986745
test_15587,0.013804745
test_15588,0.9919006
test_15589,0.996687
test_15590,0.0010773232
test_15591,0.00867619
test_15592,0.9977487
test_15593,0.9959563
test_15594,0.99417126
test_15595,0.0022876053
test_15596,0.9983603
test_15597,0.9973383
test_15598,0.75841844
test_15599,0.0014745235
test_15600,0.023470633
test_15601,0.9992286
test_15602,0.001344336
test_15603,0.015041843
test_15604,0.1505641
test_15605,0.0013779957
test_15606,0.8794662
test_15607,0.89752394
test_15608,0.0075861714
test_15609,0.99771893
test_15610,0.8364203
test_15611,0.92658424
test_15612,0.9635167
test_15613,0.993625
test_15614,0.010758059
test_15615,0.004930727
test_15616,0.002385904
test_15617,0.95200837
test_15618,0.0015352975
test_15619,0.99653655
test_15620,0.0057902504
test_15621,0.9981792
test_15622,0.0024879964
test_15623,0.012350707
test_15624,0.0019846384
test_15625,0.010575803
test_15626,0.9971045
test_15627,0.99845386
test_15628,0.26248944
test_15629,0.0011157767
test_15630,0.0022916985
test_15631,0.9958078
test_15632,0.9929338
test_15633,0.99603194
test_15634,0.0022038785
test_15635,0.004395123
test_15636,0.99921334
test_15637,0.9976567
test_15638,0.9959981
test_15639,0.024927057
test_15640,0.9989636
test_15641,0.99808073
test_15642,0.9993698
test_15643,0.9982213
test_15644,0.0007887176
test_15645,0.9978311
test_15646,0.9988534
test_15647,0.0024433737
test_15648,0.3438049
test_15649,0.020645013
test_15650,0.9970106
test_15651,0.00214135
test_15652,0.99683136
test_15653,0.0009242455
test_15654,0.996951
test_15655,0.072611906
test_15656,0.99740005
test_15657,0.32770228
test_15658,0.9974956
test_15659,0.0008572595
test_15660,0.03309033
test_15661,0.0015291388
test_15662,0.0040432666
test_15663,0.9927963
test_15664,0.0013136398
test_15665,0.9867561
test_15666,0.99896824
test_15667,0.0007865005
test_15668,0.99836373
test_15669,0.9992343
test_15670,0.007823507
test_15671,0.98064756
test_15672,0.9989902
test_15673,0.00062491733
test_15674,0.29839718
test_15675,0.9710597
test_15676,0.001061699
test_15677,0.0044676326
test_15678,0.99580896
test_15679,0.9986658
test_15680,0.99922097
test_15681,0.0011118908
test_15682,0.003555553
test_15683,0.048794642
test_15684,0.9976036
test_15685,0.0011754462
test_15686,0.9986084
test_15687,0.9947132
test_15688,0.7830107
test_15689,0.0029439535
test_15690,0.003079804
test_15691,0.0008551005
test_15692,0.0012346036
test_15693,0.9981698
test_15694,0.003679601
test_15695,0.0029145419
test_15696,0.9966992
test_15697,0.99798346
test_15698,0.0012465115
test_15699,0.9987176
test_15700,0.0012256382
test_15701,0.99461687
test_15702,0.98055035
test_15703,0.987887
test_15704,0.004323464
test_15705,0.007807985
test_15706,0.99901134
test_15707,0.9970723
test_15708,0.3605537
test_15709,0.998961
test_15710,0.9979644
test_15711,0.9987525
test_15712,0.0029903539
test_15713,0.99919975
test_15714,0.10515022
test_15715,0.9990735
test_15716,0.009482953
test_15717,0.017874632
test_15718,0.97752357
test_15719,0.0023822153
test_15720,0.97924215
test_15721,0.99142426
test_15722,0.98523355
test_15723,0.9982462
test_15724,0.9729979
test_15725,0.9915104
test_15726,0.99422026
test_15727,0.003491811
test_15728,0.0017356769
test_15729,0.0031091268
test_15730,0.004083556
test_15731,0.003854083
test_15732,0.97123885
test_15733,0.99911743
test_15734,0.0010144905
test_15735,0.0053093666
test_15736,0.0009878761
test_15737,0.9970371
test_15738,0.0023005516
test_15739,0.97233605
test_15740,0.014512361
test_15741,0.9985831
test_15742,0.99841696
test_15743,0.99306923
test_15744,0.004250123
test_15745,0.9707533
test_15746,0.99900997
test_15747,0.9960668
test_15748,0.0036061257
test_15749,0.9981326
test_15750,0.99863744
test_15751,0.99564236
test_15752,0.6456485
test_15753,0.9977709
test_15754,0.0012220908
test_15755,0.99706566
test_15756,0.0018409139
test_15757,0.9936551
test_15758,0.9951256
test_15759,0.013954252
test_15760,0.9977899
test_15761,0.4070877
test_15762,0.939461
test_15763,0.009679197
test_15764,0.99746263
test_15765,0.99392736
test_15766,0.006696457
test_15767,0.9979142
test_15768,0.0070621013
test_15769,0.008259544
test_15770,0.9982801
test_15771,0.0015137244
test_15772,0.5653506
test_15773,0.0034472388
test_15774,0.9902533
test_15775,0.998927
test_15776,0.0036099511
test_15777,0.002258988
test_15778,0.0010480136
test_15779,0.0016120081
test_15780,0.0039608576
test_15781,0.009222511
test_15782,0.95035493
test_15783,0.99532443
test_15784,0.0073934766
test_15785,0.08601476
test_15786,0.9983481
test_15787,0.0024218124
test_15788,0.006425976
test_15789,0.000966224
test_15790,0.9958143
test_15791,0.001864759
test_15792,0.9961221
test_15793,0.99108446
test_15794,0.9907371
test_15795,0.0007127463
test_15796,0.0017284767
test_15797,0.0013019578
test_15798,0.006190523
test_15799,0.004053013
test_15800,0.99008286
test_15801,0.99490666
test_15802,0.017186953
test_15803,0.0070870477
test_15804,0.0012278517
test_15805,0.8855413
test_15806,0.00094657735
test_15807,0.99807763
test_15808,0.9865955
test_15809,0.9977923
test_15810,0.0012183951
test_15811,0.9975592
test_15812,0.012323692
test_15813,0.9981779
test_15814,0.063835
test_15815,0.01732854
test_15816,0.99262965
test_15817,0.0062341345
test_15818,0.0008633491
test_15819,0.99896824
test_15820,0.001214945
test_15821,0.99467456
test_15822,0.9726908
test_15823,0.0009733071
test_15824,0.9517734
test_15825,0.006299679
test_15826,0.001108513
test_15827,0.9901697
test_15828,0.94925797
test_15829,0.9945719
test_15830,0.001490733
test_15831,0.013378879
test_15832,0.9987432
test_15833,0.9981992
test_15834,0.0051953215
test_15835,0.009624461
test_15836,0.9972366
test_15837,0.99870026
test_15838,0.0025919378
test_15839,0.99722016
test_15840,0.99775976
test_15841,0.0015761261
test_15842,0.9976244
test_15843,0.5457607
test_15844,0.0016280687
test_15845,0.9969124
test_15846,0.2767168
test_15847,0.0010650158
test_15848,0.002304093
test_15849,0.99776167
test_15850,0.00409126
test_15851,0.9987344
test_15852,0.0010315236
test_15853,0.9974259
test_15854,0.996447
test_15855,0.99624324
test_15856,0.98854285
test_15857,0.00084888586
test_15858,0.9602282
test_15859,0.9988014
test_15860,0.00091420667
test_15861,0.9979466
test_15862,0.07071407
test_15863,0.99919105
test_15864,0.9982355
test_15865,0.998546
test_15866,0.99902606
test_15867,0.9957831
test_15868,0.9941803
test_15869,0.00065254816
test_15870,0.00081819535
test_15871,0.9986359
test_15872,0.0031003195
test_15873,0.0076342053
test_15874,0.013554696
test_15875,0.0039926423
test_15876,0.006823128
test_15877,0.000690157
test_15878,0.9991369
test_15879,0.6290417
test_15880,0.0011388835
test_15881,0.00071035756
test_15882,0.99849284
test_15883,0.0017196459
test_15884,0.9967809
test_15885,0.99823165
test_15886,0.0009120069
test_15887,0.99813324
test_15888,0.9956213
test_15889,0.91362786
test_15890,0.98706794
test_15891,0.6785292
test_15892,0.9978337
test_15893,0.001612238
test_15894,0.0011628834
test_15895,0.9984777
test_15896,0.98506486
test_15897,0.99515295
test_15898,0.99639153
test_15899,0.0024140994
test_15900,0.997867
test_15901,0.99624
test_15902,0.005895615
test_15903,0.4393553
test_15904,0.0018239547
test_15905,0.9981458
test_15906,0.0032575198
test_15907,0.99758166
test_15908,0.004437123
test_15909,0.99833846
test_15910,0.9966713
test_15911,0.00238397
test_15912,0.99589425
test_15913,0.99528515
test_15914,0.99865466
test_15915,0.0017092549
test_15916,0.0018136486
test_15917,0.0013353394
test_15918,0.0027852196
test_15919,0.97874534
test_15920,0.9169934
test_15921,0.9978997
test_15922,0.0009137048
test_15923,0.99487317
test_15924,0.0009028729
test_15925,0.20106122
test_15926,0.9985974
test_15927,0.9991639
test_15928,0.99344426
test_15929,0.9984361
test_15930,0.0031879335
test_15931,0.003349696
test_15932,0.9989779
test_15933,0.99613655
test_15934,0.003109104
test_15935,0.9947727
test_15936,0.009276655
test_15937,0.9926916
test_15938,0.9980484
test_15939,0.99701357
test_15940,0.9255977
test_15941,0.9954258
test_15942,0.001407035
test_15943,0.93017876
test_15944,0.0015210537
test_15945,0.9717624
test_15946,0.013463825
test_15947,0.0026246652
test_15948,0.9948236
test_15949,0.997924
test_15950,0.0022436348
test_15951,0.0011024798
test_15952,0.9992512
test_15953,0.008600417
test_15954,0.9951114
test_15955,0.003692236
test_15956,0.0024304346
test_15957,0.0021196418
test_15958,0.99351954
test_15959,0.9980769
test_15960,0.49170995
test_15961,0.99616754
test_15962,0.9977087
test_15963,0.041663025
test_15964,0.99869597
test_15965,0.003437847
test_15966,0.9989033
test_15967,0.00096794794
test_15968,0.0075470023
test_15969,0.0062983017
test_15970,0.92895025
test_15971,0.0014126354
test_15972,0.0030999614
test_15973,0.0022952603
test_15974,0.039494075
test_15975,0.0021052305
test_15976,0.90721023
test_15977,0.85440457
test_15978,0.90467143
test_15979,0.9972258
test_15980,0.09184007
test_15981,0.99891496
test_15982,0.006294619
test_15983,0.9986973
test_15984,0.99835503
test_15985,0.002625325
test_15986,0.009943474
test_15987,0.0022833971
test_15988,0.9959346
test_15989,0.0063242083
test_15990,0.9970184
test_15991,0.9946386
test_15992,0.002930096
test_15993,0.985343
test_15994,0.0006648642
test_15995,0.7445415
test_15996,0.16691437
test_15997,0.013318125
test_15998,0.0061997613
test_15999,0.9991745
test_16000,0.0010638278
test_16001,0.000797568
test_16002,0.0007312942
test_16003,0.8186673
test_16004,0.0013908261
test_16005,0.006194295
test_16006,0.6767238
test_16007,0.99651027
test_16008,0.08943352
test_16009,0.0012281956
test_16010,0.80944026
test_16011,0.0038156337
test_16012,0.0008677548
test_16013,0.99805605
test_16014,0.0019500516
test_16015,0.002978256
test_16016,0.018682057
test_16017,0.007933384
test_16018,0.99937284
test_16019,0.0030278377
test_16020,0.9982955
test_16021,0.9992204
test_16022,0.9977151
test_16023,0.003243862
test_16024,0.003087517
test_16025,0.0006843881
test_16026,0.9977839
test_16027,0.999347
test_16028,0.0012608067
test_16029,0.0012863441
test_16030,0.0048446464
test_16031,0.07957718
test_16032,0.99566066
test_16033,0.0014348766
test_16034,0.99755454
test_16035,0.00096361205
test_16036,0.0017873697
test_16037,0.0011473221
test_16038,0.010232931
test_16039,0.0035247449
test_16040,0.00095649215
test_16041,0.99473226
test_16042,0.96601164
test_16043,0.99915016
test_16044,0.9983141
test_16045,0.9966568
test_16046,0.0015227405
test_16047,0.42621842
test_16048,0.99530345
test_16049,0.0011554233
test_16050,0.94350624
test_16051,0.9993165
test_16052,0.0049350127
test_16053,0.97021365
test_16054,0.005465673
test_16055,0.0013664302
test_16056,0.70602083
test_16057,0.99594736
test_16058,0.0017358051
test_16059,0.9982586
test_16060,0.9991858
test_16061,0.998389
test_16062,0.0016964511
test_16063,0.55806184
test_16064,0.9902662
test_16065,0.9993532
test_16066,0.99900526
test_16067,0.99851364
test_16068,0.0016005237
test_16069,0.082189314
test_16070,0.3037486
test_16071,0.9961319
test_16072,0.9991627
test_16073,0.0018025514
test_16074,0.0021641704
test_16075,0.82037395
test_16076,0.74220365
test_16077,0.99918246
test_16078,0.9919051
test_16079,0.97643983
test_16080,0.997719
test_16081,0.9847014
test_16082,0.99776053
test_16083,0.017690662
test_16084,0.00311111
test_16085,0.010967427
test_16086,0.99898124
test_16087,0.99901915
test_16088,0.99561214
test_16089,0.0020070472
test_16090,0.002793652
test_16091,0.9587091
test_16092,0.0007933111
test_16093,0.090947464
test_16094,0.9987607
test_16095,0.99866676
test_16096,0.9985671
test_16097,0.0016981261
test_16098,0.93857944
test_16099,0.99163866
test_16100,0.0022161258
test_16101,0.0029253215
test_16102,0.9955456
test_16103,0.0059811296
test_16104,0.08015056
test_16105,0.49444985
test_16106,0.9990369
test_16107,0.99822235
test_16108,0.011192661
test_16109,0.9971372
test_16110,0.0021620423
test_16111,0.9691458
test_16112,0.9991319
test_16113,0.9976888
test_16114,0.99868727
test_16115,0.00060489075
test_16116,0.0050419723
test_16117,0.99786484
test_16118,0.9946935
test_16119,0.99518025
test_16120,0.003716329
test_16121,0.9976072
test_16122,0.007736255
test_16123,0.99863267
test_16124,0.99206644
test_16125,0.99830174
test_16126,0.0059040096
test_16127,0.99867535
test_16128,0.0023768758
test_16129,0.006010032
test_16130,0.99633086
test_16131,0.017630782
test_16132,0.99863875
test_16133,0.0015032585
test_16134,0.99843395
test_16135,0.99824876
test_16136,0.99907124
test_16137,0.99923754
test_16138,0.9925585
test_16139,0.9973742
test_16140,0.0018310518
test_16141,0.0013849104
test_16142,0.0030472511
test_16143,0.99768895
test_16144,0.99454856
test_16145,0.001867067
test_16146,0.0051792706
test_16147,0.002608381
test_16148,0.003389738
test_16149,0.0073288106
test_16150,0.9968001
test_16151,0.9964184
test_16152,0.0027105333
test_16153,0.99857146
test_16154,0.0034300587
test_16155,0.9993386
test_16156,0.99928707
test_16157,0.014922252
test_16158,0.0017674761
test_16159,0.36750898
test_16160,0.1456236
test_16161,0.9829246
test_16162,0.99387497
test_16163,0.0032400247
test_16164,0.013862296
test_16165,0.0022191335
test_16166,0.0010788045
test_16167,0.11031601
test_16168,0.001210998
test_16169,0.9988563
test_16170,0.99866974
test_16171,0.0027357824
test_16172,0.0020776966
test_16173,0.99115074
test_16174,0.0018853736
test_16175,0.99902
test_16176,0.001250324
test_16177,0.0033167046
test_16178,0.0010153844
test_16179,0.0068084234
test_16180,0.0033884693
test_16181,0.9980931
test_16182,0.0013030731
test_16183,0.0026453463
test_16184,0.9993098
test_16185,0.99842143
test_16186,0.0040654973
test_16187,0.0038794307
test_16188,0.002207572
test_16189,0.99212974
test_16190,0.24456125
test_16191,0.05161705
test_16192,0.9625119
test_16193,0.99842805
test_16194,0.001983166
test_16195,0.99792486
test_16196,0.008325334
test_16197,0.99876034
test_16198,0.0007396032
test_16199,0.99680007
test_16200,0.053638987
test_16201,0.002004161
test_16202,0.99824834
test_16203,0.98909235
test_16204,0.99499243
test_16205,0.98648393
test_16206,0.99922216
test_16207,0.99867904
test_16208,0.0011878517
test_16209,0.094143555
test_16210,0.99864435
test_16211,0.9989872
test_16212,0.9988837
test_16213,0.99044186
test_16214,0.00074736064
test_16215,0.98438764
test_16216,0.9985616
test_16217,0.0009898468
test_16218,0.9988787
test_16219,0.9989686
test_16220,0.99793446
test_16221,0.995412
test_16222,0.9920399
test_16223,0.92174816
test_16224,0.9989369
test_16225,0.99776244
test_16226,0.99637127
test_16227,0.000928608
test_16228,0.0017343898
test_16229,0.99764264
test_16230,0.9977318
test_16231,0.99731815
test_16232,0.0033187733
test_16233,0.0023457687
test_16234,0.44928688
test_16235,0.99928415
test_16236,0.00073473994
test_16237,0.9982894
test_16238,0.013143364
test_16239,0.005081606
test_16240,0.9863322
test_16241,0.0013392383
test_16242,0.07168624
test_16243,0.9914678
test_16244,0.025659667
test_16245,0.99568844
test_16246,0.99669445
test_16247,0.0019149875
test_16248,0.9959873
test_16249,0.0061861146
test_16250,0.9993072
test_16251,0.99916244
test_16252,0.0016485928
test_16253,0.99869454
test_16254,0.98639596
test_16255,0.0061187614
test_16256,0.002151278
test_16257,0.06422089
test_16258,0.0024820543
test_16259,0.99870104
test_16260,0.885206
test_16261,0.9977876
test_16262,0.9993336
test_16263,0.9722527
test_16264,0.003239456
test_16265,0.9986676
test_16266,0.9963229
test_16267,0.0015091335
test_16268,0.9990264
test_16269,0.0017841562
test_16270,0.9571337
test_16271,0.9984612
test_16272,0.9988326
test_16273,0.99908984
test_16274,0.9992772
test_16275,0.0008695813
test_16276,0.0008218737
test_16277,0.99779844
test_16278,0.001119833
test_16279,0.000733621
test_16280,0.9973757
test_16281,0.9971352
test_16282,0.99740636
test_16283,0.0013228188
test_16284,0.05879607
test_16285,0.99452996
test_16286,0.09228701
test_16287,0.998564
test_16288,0.0010373135
test_16289,0.9977922
test_16290,0.0023072094
test_16291,0.9930238
test_16292,0.9938645
test_16293,0.9990523
test_16294,0.0022530789
test_16295,0.99871236
test_16296,0.0028573803
test_16297,0.9956554
test_16298,0.99804944
test_16299,0.9924186
test_16300,0.0019508727
test_16301,0.0013545894
test_16302,0.0009845797
test_16303,0.9983435
test_16304,0.006318582
test_16305,0.999061
test_16306,0.9914476
test_16307,0.9919672
test_16308,0.99823886
test_16309,0.99866116
test_16310,0.0073792175
test_16311,0.99280894
test_16312,0.0013669719
test_16313,0.003500869
test_16314,0.9941206
test_16315,0.047481306
test_16316,0.7712667
test_16317,0.99599427
test_16318,0.9984801
test_16319,0.0022666294
test_16320,0.9981771
test_16321,0.9965353
test_16322,0.001032896
test_16323,0.0022516283
test_16324,0.9953017
test_16325,0.98178816
test_16326,0.99758196
test_16327,0.002642202
test_16328,0.004548658
test_16329,0.0008825008
test_16330,0.9903853
test_16331,0.0023838761
test_16332,0.9895582
test_16333,0.0014454694
test_16334,0.99834025
test_16335,0.99624616
test_16336,0.0018922873
test_16337,0.68074566
test_16338,0.9983731
test_16339,0.9943059
test_16340,0.9987186
test_16341,0.9986775
test_16342,0.99900687
test_16343,0.9981599
test_16344,0.9854289
test_16345,0.0029211733
test_16346,0.9972688
test_16347,0.038619474
test_16348,0.99297833
test_16349,0.9990846
test_16350,0.9213151
test_16351,0.9220495
test_16352,0.0016320491
test_16353,0.99826646
test_16354,0.019537253
test_16355,0.99161065
test_16356,0.0052375533
test_16357,0.37881505
test_16358,0.0014554117
test_16359,0.9933779
test_16360,0.002183791
test_16361,0.0011501862
test_16362,0.9985385
test_16363,0.9438699
test_16364,0.001852735
test_16365,0.9989267
test_16366,0.32832173
test_16367,0.9972557
test_16368,0.0026760078
test_16369,0.0014152797
test_16370,0.0020239793
test_16371,0.9945232
test_16372,0.99888206
test_16373,0.99702096
test_16374,0.0009495369
test_16375,0.99716616
test_16376,0.9989815
test_16377,0.999019
test_16378,0.7342231
test_16379,0.11282728
test_16380,0.0018831475
test_16381,0.68379426
test_16382,0.0021975816
test_16383,0.662439
test_16384,0.99887145
test_16385,0.0018994808
test_16386,0.99331236
test_16387,0.9981332
test_16388,0.9744756
test_16389,0.99866664
test_16390,0.999004
test_16391,0.1035247
test_16392,0.9983262
test_16393,0.004040781
test_16394,0.9962271
test_16395,0.003106805
test_16396,0.99691355
test_16397,0.0046529355
test_16398,0.99800617
test_16399,0.0131402835
test_16400,0.0065341424
test_16401,0.9957986
test_16402,0.9966003
test_16403,0.99850535
test_16404,0.99833214
test_16405,0.0007925645
test_16406,0.0012500733
test_16407,0.9975881
test_16408,0.46768048
test_16409,0.005368138
test_16410,0.0022769547
test_16411,0.0038565474
test_16412,0.0028747048
test_16413,0.0008798546
test_16414,0.9983336
test_16415,0.9990319
test_16416,0.0012707904
test_16417,0.016187986
test_16418,0.0022676755
test_16419,0.0022477687
test_16420,0.0008331395
test_16421,0.9973036
test_16422,0.9990546
test_16423,0.9973216
test_16424,0.003779427
test_16425,0.0023701168
test_16426,0.013771603
test_16427,0.67212933
test_16428,0.00212807
test_16429,0.99326307
test_16430,0.9990072
test_16431,0.9981675
test_16432,0.0031201332
test_16433,0.0010540837
test_16434,0.00079822895
test_16435,0.0019079268
test_16436,0.0014532983
test_16437,0.99363923
test_16438,0.9992018
test_16439,0.99919295
test_16440,0.9986891
test_16441,0.003119982
test_16442,0.9981259
test_16443,0.0008708512
test_16444,0.9982635
test_16445,0.9555285
test_16446,0.0030019935
test_16447,0.99459994
test_16448,0.0054213665
test_16449,0.99710894
test_16450,0.06292562
test_16451,0.006488325
test_16452,0.0011290405
test_16453,0.997096
test_16454,0.0009571636
test_16455,0.99611974
test_16456,0.3640606
test_16457,0.15596396
test_16458,0.0018903026
test_16459,0.012459926
test_16460,0.001154848
test_16461,0.99886274
test_16462,0.106476404
test_16463,0.99914783
test_16464,0.9989674
test_16465,0.91603154
test_16466,0.9959276
test_16467,0.99325585
test_16468,0.935655
test_16469,0.9993644
test_16470,0.99934876
test_16471,0.002971677
test_16472,0.0016738866
test_16473,0.3330746
test_16474,0.9655967
test_16475,0.012599102
test_16476,0.0018357087
test_16477,0.0040404215
test_16478,0.9969958
test_16479,0.21717122
test_16480,0.98297775
test_16481,0.0011713989
test_16482,0.9796794
test_16483,0.008811288
test_16484,0.9725357
test_16485,0.005788343
test_16486,0.9925772
test_16487,0.19995962
test_16488,0.0012215516
test_16489,0.004213089
test_16490,0.96595466
test_16491,0.00653123
test_16492,0.002807374
test_16493,0.0029791154
test_16494,0.01933304
test_16495,0.004860374
test_16496,0.8917755
test_16497,0.002152257
test_16498,0.0013655113
test_16499,0.005389471
test_16500,0.0027323808
test_16501,0.9945739
test_16502,0.003825997
test_16503,0.030418094
test_16504,0.0011335751
test_16505,0.9984981
test_16506,0.0015902101
test_16507,0.9991499
test_16508,0.98767394
test_16509,0.0023213257
test_16510,0.027191153
test_16511,0.99772954
test_16512,0.0024259542
test_16513,0.0015343967
test_16514,0.0011549506
test_16515,0.9761509
test_16516,0.9991088
test_16517,0.0015994573
test_16518,0.99932426
test_16519,0.9990987
test_16520,0.94296074
test_16521,0.0014698056
test_16522,0.99648607
test_16523,0.9985501
test_16524,0.041479707
test_16525,0.0018684692
test_16526,0.9941745
test_16527,0.004565821
test_16528,0.003099755
test_16529,0.99485075
test_16530,0.0013232683
test_16531,0.004241379
test_16532,0.99918544
test_16533,0.0018208937
test_16534,0.99852806
test_16535,0.9981808
test_16536,0.0012207879
test_16537,0.9814878
test_16538,0.9973793
test_16539,0.99885345
test_16540,0.0009784572
test_16541,0.0009386834
test_16542,0.9992674
test_16543,0.9883496
test_16544,0.015628878
test_16545,0.008297904
test_16546,0.998866
test_16547,0.9937773
test_16548,0.0069686742
test_16549,0.020599892
test_16550,0.9988101
test_16551,0.99908054
test_16552,0.99868
test_16553,0.002565656
test_16554,0.0030514281
test_16555,0.03057193
test_16556,0.9426166
test_16557,0.99789417
test_16558,0.998919
test_16559,0.9935484
test_16560,0.0015968157
test_16561,0.9914933
test_16562,0.119578734
test_16563,0.0016172366
test_16564,0.99931246
test_16565,0.99572647
test_16566,0.001376134
test_16567,0.9974793
test_16568,0.9803044
test_16569,0.011525417
test_16570,0.9926288
test_16571,0.99646926
test_16572,0.990904
test_16573,0.0011815487
test_16574,0.0018949667
test_16575,0.0019603756
test_16576,0.0025251433
test_16577,0.0043024365
test_16578,0.99822396
test_16579,0.018127006
test_16580,0.0016958705
test_16581,0.0007605966
test_16582,0.9983536
test_16583,0.9989152
test_16584,0.90531623
test_16585,0.0044978987
test_16586,0.05098142
test_16587,0.995135
test_16588,0.0028462177
test_16589,0.9907476
test_16590,0.0009004167
test_16591,0.99794126
test_16592,0.002446334
test_16593,0.0040073106
test_16594,0.0035882415
test_16595,0.004435149
test_16596,0.0034747121
test_16597,0.998459
test_16598,0.9976411
test_16599,0.7438801
test_16600,0.99205494
test_16601,0.0009208596
test_16602,0.99860966
test_16603,0.9802368
test_16604,0.99706763
test_16605,0.0022927136
test_16606,0.0013898395
test_16607,0.054658357
test_16608,0.99847174
test_16609,0.9978756
test_16610,0.0020078516
test_16611,0.7024317
test_16612,0.00931308
test_16613,0.99493855
test_16614,0.9907523
test_16615,0.027395993
test_16616,0.0017063648
test_16617,0.007306353
test_16618,0.045552026
test_16619,0.00591357
test_16620,0.9990169
test_16621,0.9992378
test_16622,0.9874865
test_16623,0.61211437
test_16624,0.9986565
test_16625,0.013175012
test_16626,0.013154783
test_16627,0.0051396727
test_16628,0.0022010184
test_16629,0.0038992367
test_16630,0.0010644629
test_16631,0.0014074626
test_16632,0.9972937
test_16633,0.06759484
test_16634,0.015695993
test_16635,0.006532304
test_16636,0.99845994
test_16637,0.0019865236
test_16638,0.9502903
test_16639,0.99801594
test_16640,0.99175495
test_16641,0.70559514
test_16642,0.9985471
test_16643,0.99906945
test_16644,0.99818623
test_16645,0.99879175
test_16646,0.9976376
test_16647,0.99432194
test_16648,0.10162586
test_16649,0.9975008
test_16650,0.0021975355
test_16651,0.0011301818
test_16652,0.0041812765
test_16653,0.9971385
test_16654,0.9986032
test_16655,0.0019429579
test_16656,0.9819633
test_16657,0.9992446
test_16658,0.9986148
test_16659,0.5089413
test_16660,0.99838126
test_16661,0.0017628518
test_16662,0.9478841
test_16663,0.004866959
test_16664,0.9975545
test_16665,0.0015315097
test_16666,0.9987059
test_16667,0.0015619522
test_16668,0.9986215
test_16669,0.0016242627
test_16670,0.013988943
test_16671,0.024644606
test_16672,0.99681544
test_16673,0.0022821769
test_16674,0.0014458236
test_16675,0.008638065
test_16676,0.009723615
test_16677,0.84607035
test_16678,0.88165295
test_16679,0.00191684
test_16680,0.008301336
test_16681,0.008119932
test_16682,0.996999
test_16683,0.23526254
test_16684,0.0019879926
test_16685,0.0030492423
test_16686,0.002520601
test_16687,0.99192894
test_16688,0.6059854
test_16689,0.7825403
test_16690,0.99744856
test_16691,0.0008662812
test_16692,0.9974741
test_16693,0.00071712007
test_16694,0.99895656
test_16695,0.0014716678
test_16696,0.0013901577
test_16697,0.0013717333
test_16698,0.9501764
test_16699,0.03267124
test_16700,0.022102803
test_16701,0.0022614044
test_16702,0.0008154429
test_16703,0.9983176
test_16704,0.005434647
test_16705,0.9969332
test_16706,0.99844617
test_16707,0.053830117
test_16708,0.9975213
test_16709,0.99679565
test_16710,0.0025556344
test_16711,0.9918713
test_16712,0.015990086
test_16713,0.0039369417
test_16714,0.0018691258
test_16715,0.0016220495
test_16716,0.00094327435
test_16717,0.21335849
test_16718,0.010748575
test_16719,0.26293066
test_16720,0.0049775415
test_16721,0.9864738
test_16722,0.9944437
test_16723,0.99726474
test_16724,0.00554628
test_16725,0.0032038982
test_16726,0.0017939622
test_16727,0.98463285
test_16728,0.005912019
test_16729,0.027117424
test_16730,0.97902715
test_16731,0.0015319937
test_16732,0.0105101755
test_16733,0.002634659
test_16734,0.99759007
test_16735,0.001498962
test_16736,0.99491554
test_16737,0.9983165
test_16738,0.99916697
test_16739,0.9991453
test_16740,0.99745226
test_16741,0.0006243003
test_16742,0.0020185793
test_16743,0.0012961676
test_16744,0.99450463
test_16745,0.0021934535
test_16746,0.004631644
test_16747,0.66212606
test_16748,0.99732876
test_16749,0.99778557
test_16750,0.002929714
test_16751,0.99855524
test_16752,0.0010716444
test_16753,0.9982021
test_16754,0.0023283218
test_16755,0.003055974
test_16756,0.996925
test_16757,0.0108952
test_16758,0.98506117
test_16759,0.81180155
test_16760,0.9966357
test_16761,0.9945527
test_16762,0.8544627
test_16763,0.9886849
test_16764,0.002024722
test_16765,0.99688345
test_16766,0.99654955
test_16767,0.15459894
test_16768,0.0015249434
test_16769,0.9915496
test_16770,0.7538644
test_16771,0.85473746
test_16772,0.003763706
test_16773,0.880687
test_16774,0.9942054
test_16775,0.0091817705
test_16776,0.0017739066
test_16777,0.9944676
test_16778,0.001858646
test_16779,0.00074403826
test_16780,0.9978436
test_16781,0.002469583
test_16782,0.99882424
test_16783,0.9808948
test_16784,0.9977566
test_16785,0.99802256
test_16786,0.0016512217
test_16787,0.20009127
test_16788,0.98274064
test_16789,0.99804294
test_16790,0.010689532
test_16791,0.0017964183
test_16792,0.9980978
test_16793,0.0039621876
test_16794,0.9981251
test_16795,0.0015745691
test_16796,0.99747145
test_16797,0.0037012817
test_16798,0.7522583
test_16799,0.99594355
test_16800,0.9977896
test_16801,0.9967487
test_16802,0.99656177
test_16803,0.0015621075
test_16804,0.99836344
test_16805,0.9992931
test_16806,0.97586304
test_16807,0.9977434
test_16808,0.0021729344
test_16809,0.005982309
test_16810,0.004079113
test_16811,0.9977532
test_16812,0.0034823697
test_16813,0.0019045254
test_16814,0.060881585
test_16815,0.99763405
test_16816,0.00095615897
test_16817,0.9992205
test_16818,0.0036128259
test_16819,0.99879676
test_16820,0.0061561503
test_16821,0.9893998
test_16822,0.9985412
test_16823,0.99825704
test_16824,0.99845076
test_16825,0.4437921
test_16826,0.9938771
test_16827,0.013988987
test_16828,0.0006984651
test_16829,0.002585671
test_16830,0.0025086063
test_16831,0.99908185
test_16832,0.9974108
test_16833,0.060995024
test_16834,0.9893358
test_16835,0.99855524
test_16836,0.009539133
test_16837,0.9969771
test_16838,0.0133800795
test_16839,0.99569917
test_16840,0.99914086
test_16841,0.9942194
test_16842,0.9770214
test_16843,0.00082501053
test_16844,0.9991636
test_16845,0.002005882
test_16846,0.0013704812
test_16847,0.2205753
test_16848,0.9990277
test_16849,0.9949749
test_16850,0.0025053897
test_16851,0.004676042
test_16852,0.00345945
test_16853,0.3891282
test_16854,0.0008451135
test_16855,0.005213664
test_16856,0.987324
test_16857,0.99858135
test_16858,0.9972225
test_16859,0.0020631915
test_16860,0.837258
test_16861,0.26113117
test_16862,0.0026107915
test_16863,0.9993155
test_16864,0.9712223
test_16865,0.00324872
test_16866,0.0031445087
test_16867,0.9764379
test_16868,0.9987762
test_16869,0.9991363
test_16870,0.99770015
test_16871,0.99894536
test_16872,0.9973258
test_16873,0.0025487547
test_16874,0.009130372
test_16875,0.003370475
test_16876,0.996985
test_16877,0.0028440095
test_16878,0.0011547037
test_16879,0.9310427
test_16880,0.9962466
test_16881,0.009477271
test_16882,0.002325036
test_16883,0.99903035
test_16884,0.9985508
test_16885,0.006019106
test_16886,0.99907184
test_16887,0.9961175
test_16888,0.99792874
test_16889,0.9978728
test_16890,0.9948331
test_16891,0.0046746917
test_16892,0.9994118
test_16893,0.9974382
test_16894,0.99738955
test_16895,0.0056886557
test_16896,0.9823744
test_16897,0.002997992
test_16898,0.0014554914
test_16899,0.039069727
test_16900,0.007555061
test_16901,0.001425306
test_16902,0.0050115064
test_16903,0.9954005
test_16904,0.9991531
test_16905,0.000996415
test_16906,0.009216564
test_16907,0.9983433
test_16908,0.0008248123
test_16909,0.9990436
test_16910,0.008880583
test_16911,0.0029723844
test_16912,0.99364716
test_16913,0.0064675007
test_16914,0.0018311194
test_16915,0.99898386
test_16916,0.99854857
test_16917,0.0010294896
test_16918,0.95099723
test_16919,0.0014837836
test_16920,0.9982022
test_16921,0.9499557
test_16922,0.9754246
test_16923,0.0017773323
test_16924,0.22490624
test_16925,0.004993071
test_16926,0.0011437149
test_16927,0.0037534842
test_16928,0.0024730843
test_16929,0.005012091
test_16930,0.0014576798
test_16931,0.99715304
test_16932,0.0014424247
test_16933,0.9953027
test_16934,0.9967321
test_16935,0.99024737
test_16936,0.9986512
test_16937,0.9847206
test_16938,0.0017363713
test_16939,0.952121
test_16940,0.9893601
test_16941,0.9978402
test_16942,0.9993912
test_16943,0.9916614
test_16944,0.0010806057
test_16945,0.002348782
test_16946,0.992686
test_16947,0.0006387818
test_16948,0.002499349
test_16949,0.9990876
test_16950,0.99899113
test_16951,0.99863017
test_16952,0.9916406
test_16953,0.99831533
test_16954,0.002678983
test_16955,0.86104494
test_16956,0.0013182823
test_16957,0.0029297553
test_16958,0.9982307
test_16959,0.008621613
test_16960,0.9992869
test_16961,0.0058699516
test_16962,0.0030638347
test_16963,0.9867541
test_16964,0.0011343597
test_16965,0.99441504
test_16966,0.011163227
test_16967,0.01348807
test_16968,0.0033611082
test_16969,0.9911306
test_16970,0.0050274585
test_16971,0.99861896
test_16972,0.011711853
test_16973,0.99797624
test_16974,0.872525
test_16975,0.0011937539
test_16976,0.017469227
test_16977,0.004529252
test_16978,0.9975959
test_16979,0.005718814
test_16980,0.9928599
test_16981,0.9980052
test_16982,0.0013588229
test_16983,0.9989959
test_16984,0.0021129772
test_16985,0.004434494
test_16986,0.0036163824
test_16987,0.0020966963
test_16988,0.009389473
test_16989,0.0045560873
test_16990,0.003831254
test_16991,0.003945505
test_16992,0.997538
test_16993,0.0031616194
test_16994,0.0012025153
test_16995,0.2993899
test_16996,0.67039335
test_16997,0.9551367
test_16998,0.0030798228
test_16999,0.9952742
test_17000,0.9408046
test_17001,0.6061632
test_17002,0.99754685
test_17003,0.0010658707
test_17004,0.9983389
test_17005,0.4538598
test_17006,0.99809194
test_17007,0.7531465
test_17008,0.99335873
test_17009,0.0011075761
test_17010,0.00095013494
test_17011,0.5200566
test_17012,0.87500954
test_17013,0.99260265
test_17014,0.0007547581
test_17015,0.00898445
test_17016,0.99836063
test_17017,0.99342954
test_17018,0.0029263059
test_17019,0.0009990709
test_17020,0.99803615
test_17021,0.99869907
test_17022,0.0029255885
test_17023,0.001478874
test_17024,0.994226
test_17025,0.0010440643
test_17026,0.004737242
test_17027,0.9991813
test_17028,0.98746854
test_17029,0.06997489
test_17030,0.9988477
test_17031,0.026193755
test_17032,0.9990128
test_17033,0.9832194
test_17034,0.0010296272
test_17035,0.76860136
test_17036,0.99912786
test_17037,0.0027406062
test_17038,0.02527386
test_17039,0.005471239
test_17040,0.01956837
test_17041,0.014478674
test_17042,0.002483737
test_17043,0.009196098
test_17044,0.043825567
test_17045,0.0014046893
test_17046,0.9987326
test_17047,0.99488115
test_17048,0.34720552
test_17049,0.9984834
test_17050,0.012887217
test_17051,0.22474079
test_17052,0.0016352398
test_17053,0.99870175
test_17054,0.99702454
test_17055,0.0018302024
test_17056,0.999012
test_17057,0.997567
test_17058,0.0017689635
test_17059,0.006641484
test_17060,0.12661716
test_17061,0.0013725276
test_17062,0.99929523
test_17063,0.99753135
test_17064,0.0011667686
test_17065,0.9933063
test_17066,0.008427249
test_17067,0.99841493
test_17068,0.004059829
test_17069,0.996809
test_17070,0.001200005
test_17071,0.99889636
test_17072,0.9944258
test_17073,0.003968714
test_17074,0.99667674
test_17075,0.9846082
test_17076,0.0064961547
test_17077,0.95904386
test_17078,0.020337142
test_17079,0.9966968
test_17080,0.9991695
test_17081,0.0008230271
test_17082,0.9943046
test_17083,0.9121457
test_17084,0.0017888066
test_17085,0.0012101074
test_17086,0.9980085
test_17087,0.9948311
test_17088,0.99868387
test_17089,0.0013491508
test_17090,0.42255726
test_17091,0.09533672
test_17092,0.0037952736
test_17093,0.1831922
test_17094,0.0023158817
test_17095,0.9982188
test_17096,0.0014418331
test_17097,0.9983747
test_17098,0.013103081
test_17099,0.9982258
test_17100,0.0008834888
test_17101,0.008591902
test_17102,0.9991986
test_17103,0.00083337096
test_17104,0.9622825
test_17105,0.99912417
test_17106,0.9984831
test_17107,0.0025181174
test_17108,0.0036518932
test_17109,0.9991497
test_17110,0.9848086
test_17111,0.08973428
test_17112,0.9438597
test_17113,0.9987681
test_17114,0.9974649
test_17115,0.049559366
test_17116,0.98803735
test_17117,0.0032322542
test_17118,0.99614143
test_17119,0.9973456
test_17120,0.52429855
test_17121,0.9727873
test_17122,0.9987979
test_17123,0.003171069
test_17124,0.002281217
test_17125,0.9929871
test_17126,0.98330545
test_17127,0.037911475
test_17128,0.0008390908
test_17129,0.9990314
test_17130,0.99171615
test_17131,0.0031537833
test_17132,0.9901844
test_17133,0.0025690407
test_17134,0.0053978376
test_17135,0.0019613914
test_17136,0.9992218
test_17137,0.2184298
test_17138,0.9043999
test_17139,0.005597248
test_17140,0.0034968439
test_17141,0.976709
test_17142,0.99920845
test_17143,0.998476
test_17144,0.002151178
test_17145,0.0010601573
test_17146,0.9983965
test_17147,0.9970345
test_17148,0.009039127
test_17149,0.773988
test_17150,0.0008060422
test_17151,0.99904275
test_17152,0.0066905455
test_17153,0.0006316497
test_17154,0.0021898893
test_17155,0.009004789
test_17156,0.0035985918
test_17157,0.9984125
test_17158,0.9251713
test_17159,0.0008387689
test_17160,0.9978463
test_17161,0.9956059
test_17162,0.002007695
test_17163,0.87337637
test_17164,0.99638677
test_17165,0.99779093
test_17166,0.0007575897
test_17167,0.03187439
test_17168,0.99605286
test_17169,0.9944526
test_17170,0.0071062613
test_17171,0.011332316
test_17172,0.98963666
test_17173,0.9968227
test_17174,0.9975359
test_17175,0.008709824
test_17176,0.0040361094
test_17177,0.9852462
test_17178,0.9992355
test_17179,0.98830855
test_17180,0.9987211
test_17181,0.998979
test_17182,0.008802558
test_17183,0.9470679
test_17184,0.0033025222
test_17185,0.9987629
test_17186,0.9973657
test_17187,0.9991324
test_17188,0.0008805394
test_17189,0.0021014307
test_17190,0.0013379278
test_17191,0.27650818
test_17192,0.03345781
test_17193,0.0023436388
test_17194,0.99762046
test_17195,0.0013415568
test_17196,0.046952486
test_17197,0.0020563595
test_17198,0.0009410314
test_17199,0.0037889162
test_17200,0.9973617
test_17201,0.009720944
test_17202,0.0021904234
test_17203,0.9991049
test_17204,0.99711937
test_17205,0.002129805
test_17206,0.9969847
test_17207,0.0022646943
test_17208,0.9990052
test_17209,0.04639422
test_17210,0.005195697
test_17211,0.001599392
test_17212,0.9957891
test_17213,0.14875089
test_17214,0.9981152
test_17215,0.99786454
test_17216,0.0025009578
test_17217,0.0018856074
test_17218,0.003874249
test_17219,0.016720198
test_17220,0.002117888
test_17221,0.0007267296
test_17222,0.99878454
test_17223,0.008218912
test_17224,0.0007770925
test_17225,0.004332391
test_17226,0.001428999
test_17227,0.9932817
test_17228,0.99660045
test_17229,0.99685127
test_17230,0.9574285
test_17231,0.9959104
test_17232,0.0012397505
test_17233,0.0050142007
test_17234,0.05762316
test_17235,0.99491096
test_17236,0.0015987601
test_17237,0.9965109
test_17238,0.008994089
test_17239,0.99390435
test_17240,0.001645065
test_17241,0.00072335795
test_17242,0.9989574
test_17243,0.0013322462
test_17244,0.9855688
test_17245,0.00067726674
test_17246,0.0478232
test_17247,0.01572735
test_17248,0.024128202
test_17249,0.997424
test_17250,0.0013436428
test_17251,0.997634
test_17252,0.99827766
test_17253,0.86501753
test_17254,0.0065763784
test_17255,0.9986173
test_17256,0.0027188985
test_17257,0.0008579151
test_17258,0.5093361
test_17259,0.9925801
test_17260,0.0028959834
test_17261,0.9988111
test_17262,0.000705714
test_17263,0.99837303
test_17264,0.9990432
test_17265,0.998413
test_17266,0.0018891329
test_17267,0.01585856
test_17268,0.17742938
test_17269,0.0012733967
test_17270,0.9944299
test_17271,0.00072505267
test_17272,0.99746037
test_17273,0.99892175
test_17274,0.7195976
test_17275,0.03040016
test_17276,0.9982163
test_17277,0.99806607
test_17278,0.0018338033
test_17279,0.0020907489
test_17280,0.8872998
test_17281,0.0017237732
test_17282,0.99453855
test_17283,0.0012970843
test_17284,0.9985413
test_17285,0.9977796
test_17286,0.9981452
test_17287,0.0041210144
test_17288,0.99850845
test_17289,0.07984901
test_17290,0.002531923
test_17291,0.99762654
test_17292,0.998852
test_17293,0.005133733
test_17294,0.8824368
test_17295,0.002500092
test_17296,0.9950191
test_17297,0.99380744
test_17298,0.0021199826
test_17299,0.9204788
test_17300,0.0053205714
test_17301,0.99356204
test_17302,0.0013829404
test_17303,0.0049936706
test_17304,0.01266024
test_17305,0.9954686
test_17306,0.9971201
test_17307,0.9976208
test_17308,0.99460876
test_17309,0.00096933456
test_17310,0.99767816
test_17311,0.001059055
test_17312,0.997687
test_17313,0.98672426
test_17314,0.998419
test_17315,0.5262624
test_17316,0.0009010058
test_17317,0.9980342
test_17318,0.9598819
test_17319,0.9991951
test_17320,0.9976589
test_17321,0.99867016
test_17322,0.0030232263
test_17323,0.99811846
test_17324,0.011602099
test_17325,0.0033805864
test_17326,0.9990371
test_17327,0.0024419725
test_17328,0.9897102
test_17329,0.0009379845
test_17330,0.0012123056
test_17331,0.6990232
test_17332,0.98976374
test_17333,0.95176566
test_17334,0.002920824
test_17335,0.9973694
test_17336,0.021663284
test_17337,0.017458811
test_17338,0.9983702
test_17339,0.0034948345
test_17340,0.0015662428
test_17341,0.0017409566
test_17342,0.0051183514
test_17343,0.00085405464
test_17344,0.99822366
test_17345,0.99648535
test_17346,0.99674594
test_17347,0.00161898
test_17348,0.99888074
test_17349,0.0012852687
test_17350,0.0014757176
test_17351,0.98479545
test_17352,0.9983351
test_17353,0.99874604
test_17354,0.9933246
test_17355,0.0012346995
test_17356,0.04544755
test_17357,0.99578035
test_17358,0.008815729
test_17359,0.99518436
test_17360,0.9970011
test_17361,0.99871933
test_17362,0.011088427
test_17363,0.0069048954
test_17364,0.0028040847
test_17365,0.0031633894
test_17366,0.0025440592
test_17367,0.9877691
test_17368,0.0011481564
test_17369,0.9835137
test_17370,0.9987343
test_17371,0.9981507
test_17372,0.9632139
test_17373,0.005071814
test_17374,0.9984174
test_17375,0.0056277504
test_17376,0.99845386
test_17377,0.001636068
test_17378,0.035189178
test_17379,0.9983457
test_17380,0.99881023
test_17381,0.0012115544
test_17382,0.9749783
test_17383,0.996481
test_17384,0.0010094828
test_17385,0.0012044583
test_17386,0.000792128
test_17387,0.9403083
test_17388,0.0009961883
test_17389,0.0024907747
test_17390,0.00094812294
test_17391,0.0026326966
test_17392,0.00063107855
test_17393,0.2006464
test_17394,0.0017595958
test_17395,0.001035829
test_17396,0.9957123
test_17397,0.0020364102
test_17398,0.9983113
test_17399,0.92785144
test_17400,0.0007039259
test_17401,0.9989304
test_17402,0.9986687
test_17403,0.91703534
test_17404,0.99765915
test_17405,0.99307036
test_17406,0.004788601
test_17407,0.9967661
test_17408,0.0014033245
test_17409,0.97140145
test_17410,0.9982799
test_17411,0.9984428
test_17412,0.011695649
test_17413,0.9926582
test_17414,0.0017616862
test_17415,0.0065512396
test_17416,0.97420007
test_17417,0.9987409
test_17418,0.0029217931
test_17419,0.0011078197
test_17420,0.99818885
test_17421,0.99497604
test_17422,0.99884784
test_17423,0.9934794
test_17424,0.9967561
test_17425,0.7068013
test_17426,0.99908435
test_17427,0.99559677
test_17428,0.0025465386
test_17429,0.0052427556
test_17430,0.99440265
test_17431,0.0018001762
test_17432,0.01602489
test_17433,0.0037014186
test_17434,0.28733927
test_17435,0.31995407
test_17436,0.0017872788
test_17437,0.9939147
test_17438,0.9980398
test_17439,0.0021999485
test_17440,0.00075480196
test_17441,0.99838173
test_17442,0.0034730257
test_17443,0.9993226
test_17444,0.0025770797
test_17445,0.0014441594
test_17446,0.3569101
test_17447,0.06322541
test_17448,0.9702981
test_17449,0.9891596
test_17450,0.9973229
test_17451,0.0014469479
test_17452,0.0009137536
test_17453,0.9957545
test_17454,0.99890053
test_17455,0.0016955824
test_17456,0.020846922
test_17457,0.970194
test_17458,0.00094533974
test_17459,0.1879135
test_17460,0.0016504348
test_17461,0.9817647
test_17462,0.0024693392
test_17463,0.002003915
test_17464,0.0031295163
test_17465,0.0019246528
test_17466,0.035117432
test_17467,0.9992204
test_17468,0.9988712
test_17469,0.0065997913
test_17470,0.0042579747
test_17471,0.9980775
test_17472,0.9702929
test_17473,0.9955462
test_17474,0.99831504
test_17475,0.010847401
test_17476,0.9988174
test_17477,0.04954039
test_17478,0.002114357
test_17479,0.0017038778
test_17480,0.9987663
test_17481,0.4179634
test_17482,0.9932065
test_17483,0.005652986
test_17484,0.001045509
test_17485,0.9974867
test_17486,0.003272354
test_17487,0.20551464
test_17488,0.0009352938
test_17489,0.9983561
test_17490,0.0010388799
test_17491,0.99769413
test_17492,0.0016123131
test_17493,0.9986161
test_17494,0.08197606
test_17495,0.0019676555
test_17496,0.0034743517
test_17497,0.00318952
test_17498,0.007697345
test_17499,0.9964305
test_17500,0.0031725564
test_17501,0.41817784
test_17502,0.0010783654
test_17503,0.9987972
test_17504,0.0035804263
test_17505,0.026429761
test_17506,0.0038804116
test_17507,0.9982929
test_17508,0.9987776
test_17509,0.9986266
test_17510,0.0012467505
test_17511,0.9981479
test_17512,0.2076228
test_17513,0.9800881
test_17514,0.9972725
test_17515,0.9980117
test_17516,0.0025529477
test_17517,0.9894501
test_17518,0.009204749
test_17519,0.0013250979
test_17520,0.00406847
test_17521,0.9984908
test_17522,0.816028
test_17523,0.0041359235
test_17524,0.80153716
test_17525,0.9988883
test_17526,0.99770427
test_17527,0.0026406422
test_17528,0.998942
test_17529,0.0011645613
test_17530,0.9975709
test_17531,0.002503897
test_17532,0.0012698934
test_17533,0.99829376
test_17534,0.99616694
test_17535,0.99802125
test_17536,0.99862427
test_17537,0.3004827
test_17538,0.9975709
test_17539,0.0013492994
test_17540,0.0024408083
test_17541,0.9990496
test_17542,0.99864197
test_17543,0.9983067
test_17544,0.0056814346
test_17545,0.9992312
test_17546,0.99839187
test_17547,0.003166493
test_17548,0.99687237
test_17549,0.0016699167
test_17550,0.9974592
test_17551,0.0031670413
test_17552,0.9966328
test_17553,0.019774076
test_17554,0.99589074
test_17555,0.0026513343
test_17556,0.002139995
test_17557,0.9957163
test_17558,0.997148
test_17559,0.9991255
test_17560,0.002016876
test_17561,0.0036271533
test_17562,0.0011923369
test_17563,0.0013300899
test_17564,0.0036257925
test_17565,0.00096789113
test_17566,0.0035743006
test_17567,0.9973354
test_17568,0.9974183
test_17569,0.012768948
test_17570,0.98785377
test_17571,0.018627614
test_17572,0.9955541
test_17573,0.9315885
test_17574,0.0015779492
test_17575,0.0015345877
test_17576,0.98785216
test_17577,0.9989132
test_17578,0.0014585231
test_17579,0.01928957
test_17580,0.008185905
test_17581,0.004495428
test_17582,0.98944473
test_17583,0.22230922
test_17584,0.99400467
test_17585,0.9954041
test_17586,0.0014558524
test_17587,0.0019125664
test_17588,0.0007777219
test_17589,0.9967694
test_17590,0.002270945
test_17591,0.99444443
test_17592,0.052870598
test_17593,0.9989151
test_17594,0.00097518234
test_17595,0.99871004
test_17596,0.99231344
test_17597,0.9834467
test_17598,0.1806685
test_17599,0.9963498
test_17600,0.0043490347
test_17601,0.69749725
test_17602,0.7860254
test_17603,0.038404383
test_17604,0.0011704685
test_17605,0.0021767798
test_17606,0.0011923385
test_17607,0.0014689453
test_17608,0.0008100985
test_17609,0.9988342
test_17610,0.9883007
test_17611,0.9977601
test_17612,0.21616128
test_17613,0.05866345
test_17614,0.9986135
test_17615,0.0016079729
test_17616,0.91658926
test_17617,0.0011604023
test_17618,0.001683447
test_17619,0.9924841
test_17620,0.9941931
test_17621,0.0007951087
test_17622,0.007259094
test_17623,0.9776224
test_17624,0.9974835
test_17625,0.9989
test_17626,0.0015050583
test_17627,0.0011516829
test_17628,0.9992957
test_17629,0.99725735
test_17630,0.98772246
test_17631,0.9528457
test_17632,0.002488512
test_17633,0.9986791
test_17634,0.0010700027
test_17635,0.9968686
test_17636,0.00082524493
test_17637,0.0043742848
test_17638,0.9933174
test_17639,0.75998855
test_17640,0.97847116
test_17641,0.001760301
test_17642,0.9962528
test_17643,0.004176808
test_17644,0.9109934
test_17645,0.9990748
test_17646,0.4576726
test_17647,0.0008828337
test_17648,0.9217621
test_17649,0.0028838485
test_17650,0.009617035
test_17651,0.9978844
test_17652,0.003278079
test_17653,0.0058595175
test_17654,0.001505364
test_17655,0.0031372122
test_17656,0.99712217
test_17657,0.98859817
test_17658,0.0009517931
test_17659,0.0017298968
test_17660,0.99794096
test_17661,0.9902593
test_17662,0.0022902593
test_17663,0.99911845
test_17664,0.001425992
test_17665,0.0035087778
test_17666,0.0010730387
test_17667,0.99917537
test_17668,0.0031266161
test_17669,0.881947
test_17670,0.0011278488
test_17671,0.0038841888
test_17672,0.9987495
test_17673,0.0018742443
test_17674,0.0032722002
test_17675,0.999001
test_17676,0.99900067
test_17677,0.9980342
test_17678,0.0016171094
test_17679,0.99426055
test_17680,0.0020573125
test_17681,0.26911998
test_17682,0.94904506
test_17683,0.9679022
test_17684,0.9984927
test_17685,0.9966022
test_17686,0.00072170544
test_17687,0.0027829686
test_17688,0.0009848943
test_17689,0.9992622
test_17690,0.0024346004
test_17691,0.019597644
test_17692,0.993847
test_17693,0.91976595
test_17694,0.9977701
test_17695,0.99700856
test_17696,0.9992051
test_17697,0.9988495
test_17698,0.008855663
test_17699,0.0029772152
test_17700,0.0016787407
test_17701,0.99789935
test_17702,0.00094335084
test_17703,0.004168161
test_17704,0.0014710751
test_17705,0.0010824773
test_17706,0.8584897
test_17707,0.0055489987
test_17708,0.99824727
test_17709,0.055319935
test_17710,0.99779296
test_17711,0.0029870167
test_17712,0.0050878413
test_17713,0.002246912
test_17714,0.0018948568
test_17715,0.020122714
test_17716,0.0028034886
test_17717,0.9990419
test_17718,0.0054657143
test_17719,0.002004377
test_17720,0.022907175
test_17721,0.69149023
test_17722,0.0016319441
test_17723,0.65923095
test_17724,0.99715436
test_17725,0.0020232329
test_17726,0.9977449
test_17727,0.99733883
test_17728,0.99250996
test_17729,0.9660933
test_17730,0.9990289
test_17731,0.008212462
test_17732,0.99767125
test_17733,0.99875903
test_17734,0.0015527764
test_17735,0.99385893
test_17736,0.9993634
test_17737,0.008011086
test_17738,0.003930203
test_17739,0.9973694
test_17740,0.0009993981
test_17741,0.9990763
test_17742,0.003047227
test_17743,0.99884176
test_17744,0.99878234
test_17745,0.0036723423
test_17746,0.0014423
test_17747,0.0022570153
test_17748,0.9990046
test_17749,0.99561465
test_17750,0.00092672394
test_17751,0.08678495
test_17752,0.003994221
test_17753,0.98240113
test_17754,0.0027525227
test_17755,0.9992684
test_17756,0.0012773657
test_17757,0.9967392
test_17758,0.011205618
test_17759,0.9987197
test_17760,0.62910235
test_17761,0.015563852
test_17762,0.0021271957
test_17763,0.0016384039
test_17764,0.0029028314
test_17765,0.9986876
test_17766,0.0029543892
test_17767,0.055353988
test_17768,0.99745095
test_17769,0.004101271
test_17770,0.99496424
test_17771,0.24315222
test_17772,0.7339125
test_17773,0.006087973
test_17774,0.0007647817
test_17775,0.018462762
test_17776,0.9978579
test_17777,0.0022472953
test_17778,0.0030930797
test_17779,0.0016806427
test_17780,0.9950708
test_17781,0.0018232156
test_17782,0.99844027
test_17783,0.004413552
test_17784,0.9980254
test_17785,0.9991169
test_17786,0.82170206
test_17787,0.98600066
test_17788,0.9334017
test_17789,0.0007253603
test_17790,0.0008154807
test_17791,0.9956491
test_17792,0.0074281194
test_17793,0.018285053
test_17794,0.003144192
test_17795,0.002040124
test_17796,0.007309454
test_17797,0.9941926
test_17798,0.0019486278
test_17799,0.0039479365
test_17800,0.995351
test_17801,0.009493984
test_17802,0.0538185
test_17803,0.008822337
test_17804,0.9979168
test_17805,0.9863272
test_17806,0.9990595
test_17807,0.0025706673
test_17808,0.03477467
test_17809,0.0013452943
test_17810,0.0021567
test_17811,0.038459934
test_17812,0.0031263605
test_17813,0.0779344
test_17814,0.9945446
test_17815,0.9975028
test_17816,0.9982671
test_17817,0.8991605
test_17818,0.11712931
test_17819,0.9983889
test_17820,0.001190527
test_17821,0.9951047
test_17822,0.0027120542
test_17823,0.0063516283
test_17824,0.99717236
test_17825,0.0013350587
test_17826,0.9972927
test_17827,0.72199005
test_17828,0.9919016
test_17829,0.9826897
test_17830,0.99771076
test_17831,0.001924166
test_17832,0.009503779
test_17833,0.99476874
test_17834,0.005343369
test_17835,0.9949138
test_17836,0.9587977
test_17837,0.9992651
test_17838,0.9986428
test_17839,0.9914509
test_17840,0.8651889
test_17841,0.99920595
test_17842,0.9974841
test_17843,0.0007571655
test_17844,0.002978918
test_17845,0.9938418
test_17846,0.0011058559
test_17847,0.9970288
test_17848,0.9973724
test_17849,0.0031718253
test_17850,0.0033217198
test_17851,0.004483617
test_17852,0.995208
test_17853,0.9721957
test_17854,0.0019298029
test_17855,0.0019378376
test_17856,0.9988885
test_17857,0.0012080979
test_17858,0.9936442
test_17859,0.9979558
test_17860,0.002316617
test_17861,0.9975151
test_17862,0.9985446
test_17863,0.0012135949
test_17864,0.17882638
test_17865,0.996771
test_17866,0.011727818
test_17867,0.01995918
test_17868,0.009940205
test_17869,0.0027802116
test_17870,0.99875796
test_17871,0.9934679
test_17872,0.003448247
test_17873,0.99816036
test_17874,0.00085576036
test_17875,0.9982834
test_17876,0.0022584735
test_17877,0.0018264521
test_17878,0.018895222
test_17879,0.99367464
test_17880,0.004043162
test_17881,0.97940385
test_17882,0.0069242213
test_17883,0.8113977
test_17884,0.9965744
test_17885,0.9989531
test_17886,0.0006967215
test_17887,0.9989276
test_17888,0.0032609343
test_17889,0.9992539
test_17890,0.9993035
test_17891,0.99338937
test_17892,0.99752027
test_17893,0.9980582
test_17894,0.9739112
test_17895,0.43717247
test_17896,0.9993596
test_17897,0.009529318
test_17898,0.98585784
test_17899,0.0072144903
test_17900,0.9980899
test_17901,0.00089962565
test_17902,0.0027464407
test_17903,0.9990184
test_17904,0.998706
test_17905,0.20151061
test_17906,0.99917305
test_17907,0.99836636
test_17908,0.9939413
test_17909,0.99790144
test_17910,0.0009189452
test_17911,0.004364067
test_17912,0.99846995
test_17913,0.94977725
test_17914,0.062847264
test_17915,0.99768054
test_17916,0.001512175
test_17917,0.00420929
test_17918,0.0046811905
test_17919,0.0011799556
test_17920,0.0021689623
test_17921,0.9981069
test_17922,0.984126
test_17923,0.99880105
test_17924,0.002129397
test_17925,0.012225606
test_17926,0.0016066568
test_17927,0.002232031
test_17928,0.99868596
test_17929,0.014738234
test_17930,0.9986436
test_17931,0.9980604
test_17932,0.014418442
test_17933,0.99879444
test_17934,0.00460632
test_17935,0.006011291
test_17936,0.9981373
test_17937,0.00055037875
test_17938,0.0010412629
test_17939,0.99615264
test_17940,0.9985622
test_17941,0.18737045
test_17942,0.99867755
test_17943,0.99337316
test_17944,0.99733377
test_17945,0.007938257
test_17946,0.83971274
test_17947,0.09098088
test_17948,0.0037546458
test_17949,0.27998617
test_17950,0.99720097
test_17951,0.0034197615
test_17952,0.009436562
test_17953,0.9864973
test_17954,0.009338701
test_17955,0.004773844
test_17956,0.9979001
test_17957,0.001752449
test_17958,0.0030881413
test_17959,0.0010309613
test_17960,0.00077686994
test_17961,0.0018675979
test_17962,0.0031071173
test_17963,0.9969035
test_17964,0.9947892
test_17965,0.99744415
test_17966,0.99802303
test_17967,0.0027812833
test_17968,0.04148804
test_17969,0.0016663525
test_17970,0.0022124667
test_17971,0.9981681
test_17972,0.003199017
test_17973,0.99828154
test_17974,0.020873295
test_17975,0.0017578806
test_17976,0.9993447
test_17977,0.0019848538
test_17978,0.9977536
test_17979,0.9791093
test_17980,0.15255018
test_17981,0.77301335
test_17982,0.99916923
test_17983,0.8613626
test_17984,0.0010370063
test_17985,0.015931543
test_17986,0.0020986064
test_17987,0.99598306
test_17988,0.9980644
test_17989,0.9990183
test_17990,0.15426883
test_17991,0.9992341
test_17992,0.9979707
test_17993,0.0014974561
test_17994,0.023876375
test_17995,0.007784535
test_17996,0.99915373
test_17997,0.0014609441
test_17998,0.021990906
test_17999,0.9967654
test_18000,0.7525154
test_18001,0.0023159836
test_18002,0.99923
test_18003,0.9993426
test_18004,0.022438083
test_18005,0.9973039
test_18006,0.963301
test_18007,0.99717176
test_18008,0.9970691
test_18009,0.9984118
test_18010,0.0014985979
test_18011,0.99209464
test_18012,0.0014648648
test_18013,0.99814034
test_18014,0.007849063
test_18015,0.0029862449
test_18016,0.019716434
test_18017,0.0014289137
test_18018,0.012421411
test_18019,0.00084686733
test_18020,0.9950387
test_18021,0.7513299
test_18022,0.9972191
test_18023,0.9966607
test_18024,0.0012177282
test_18025,0.0017568415
test_18026,0.99259806
test_18027,0.002248167
test_18028,0.99887186
test_18029,0.0036918172
test_18030,0.98910415
test_18031,0.9944278
test_18032,0.0017475785
test_18033,0.9986541
test_18034,0.99828523
test_18035,0.0009851209
test_18036,0.9981402
test_18037,0.0008920508
test_18038,0.11014245
test_18039,0.99716777
test_18040,0.9990902
test_18041,0.9989433
test_18042,0.9983953
test_18043,0.022549383
test_18044,0.9934648
test_18045,0.0016117245
test_18046,0.99834025
test_18047,0.0052460097
test_18048,0.0006533826
test_18049,0.99894905
test_18050,0.99858737
test_18051,0.0012085973
test_18052,0.012376049
test_18053,0.004816114
test_18054,0.0029539177
test_18055,0.9978105
test_18056,0.0021662125
test_18057,0.20699233
test_18058,0.9979596
test_18059,0.02842027
test_18060,0.9897469
test_18061,0.99567014
test_18062,0.9989613
test_18063,0.0026934166
test_18064,0.9748326
test_18065,0.9969716
test_18066,0.0026626997
test_18067,0.9979353
test_18068,0.85062325
test_18069,0.9414644
test_18070,0.99938476
test_18071,0.00090778543
test_18072,0.7884667
test_18073,0.025898658
test_18074,0.006198885
test_18075,0.99771017
test_18076,0.992018
test_18077,0.0010707717
test_18078,0.99232864
test_18079,0.9973903
test_18080,0.9964513
test_18081,0.9974961
test_18082,0.9964885
test_18083,0.9974927
test_18084,0.99593055
test_18085,0.07268545
test_18086,0.9981227
test_18087,0.0062267203
test_18088,0.9993174
test_18089,0.0037923953
test_18090,0.0009770589
test_18091,0.98499584
test_18092,0.99587893
test_18093,0.99841535
test_18094,0.011001275
test_18095,0.95491993
test_18096,0.9969764
test_18097,0.9982072
test_18098,0.9988533
test_18099,0.9987719
test_18100,0.009663867
test_18101,0.0014725982
test_18102,0.9985063
test_18103,0.017589247
test_18104,0.99604106
test_18105,0.9987942
test_18106,0.9023411
test_18107,0.965125
test_18108,0.008435608
test_18109,0.00118397
test_18110,0.9866086
test_18111,0.19848737
test_18112,0.0056206603
test_18113,0.18262681
test_18114,0.9862119
test_18115,0.99588585
test_18116,0.99862516
test_18117,0.0014258472
test_18118,0.001118128
test_18119,0.0062445193
test_18120,0.0012256748
test_18121,0.9709473
test_18122,0.002198353
test_18123,0.99173117
test_18124,0.005890335
test_18125,0.9992528
test_18126,0.9988506
test_18127,0.0015152672
test_18128,0.0007622063
test_18129,0.016913136
test_18130,0.0011832952
test_18131,0.99790406
test_18132,0.004128552
test_18133,0.0013026478
test_18134,0.0050324635
test_18135,0.31486893
test_18136,0.0017238118
test_18137,0.002983285
test_18138,0.712195
test_18139,0.00067829585
test_18140,0.0006038927
test_18141,0.0046935333
test_18142,0.0036303522
test_18143,0.99198425
test_18144,0.0019316932
test_18145,0.9972352
test_18146,0.9889693
test_18147,0.0025493307
test_18148,0.0034148926
test_18149,0.9974488
test_18150,0.9758246
test_18151,0.98357654
test_18152,0.99481523
test_18153,0.004392487
test_18154,0.99764955
test_18155,0.99879324
test_18156,0.0022517252
test_18157,0.0011634028
test_18158,0.8686695
test_18159,0.9926655
test_18160,0.9984042
test_18161,0.97725385
test_18162,0.030924764
test_18163,0.0008646289
test_18164,0.9961672
test_18165,0.12320156
test_18166,0.004938718
test_18167,0.994733
test_18168,0.9984809
test_18169,0.9966891
test_18170,0.99889183
test_18171,0.8470686
test_18172,0.9984066
test_18173,0.9981046
test_18174,0.99887884
test_18175,0.008331931
test_18176,0.9985913
test_18177,0.99898696
test_18178,0.996143
test_18179,0.9987387
test_18180,0.0013178111
test_18181,0.5161514
test_18182,0.9953139
test_18183,0.99570787
test_18184,0.9935758
test_18185,0.997339
test_18186,0.0012933011
test_18187,0.000998316
test_18188,0.008805829
test_18189,0.027896807
test_18190,0.9986005
test_18191,0.9989592
test_18192,0.9992721
test_18193,0.901384
test_18194,0.013911492
test_18195,0.9970249
test_18196,0.9965094
test_18197,0.9850165
test_18198,0.07541303
test_18199,0.99914217
test_18200,0.003114197
test_18201,0.99908596
test_18202,0.9927947
test_18203,0.5904006
test_18204,0.9964477
test_18205,0.9889107
test_18206,0.0017176061
test_18207,0.9988245
test_18208,0.0052775764
test_18209,0.99906886
test_18210,0.9914169
test_18211,0.0028042744
test_18212,0.0023618315
test_18213,0.008510705
test_18214,0.0049335742
test_18215,0.30372828
test_18216,0.0021823426
test_18217,0.0022059407
test_18218,0.9982363
test_18219,0.0010249467
test_18220,0.99714863
test_18221,0.043682963
test_18222,0.0018525296
test_18223,0.0011072361
test_18224,0.9990225
test_18225,0.9839083
test_18226,0.99744415
test_18227,0.9984141
test_18228,0.9982568
test_18229,0.008364195
test_18230,0.99821186
test_18231,0.88060933
test_18232,0.0027877423
test_18233,0.99913514
test_18234,0.022329805
test_18235,0.9958298
test_18236,0.0018543741
test_18237,0.0026064445
test_18238,0.9258425
test_18239,0.9973773
test_18240,0.6009682
test_18241,0.89241964
test_18242,0.00082570873
test_18243,0.0032696058
test_18244,0.9982172
test_18245,0.9978702
test_18246,0.99423504
test_18247,0.0022228167
test_18248,0.99893546
test_18249,0.014218293
test_18250,0.009936396
test_18251,0.011526767
test_18252,0.9986322
test_18253,0.99798155
test_18254,0.0012433416
test_18255,0.0015213869
test_18256,0.0013453048
test_18257,0.00095196476
test_18258,0.9973464
test_18259,0.021514423
test_18260,0.9977541
test_18261,0.9978424
test_18262,0.0025708117
test_18263,0.99547887
test_18264,0.0014354778
test_18265,0.05307479
test_18266,0.0009183143
test_18267,0.9986194
test_18268,0.9962905
test_18269,0.0013084412
test_18270,0.9966172
test_18271,0.0037740252
test_18272,0.0021796438
test_18273,0.0044982284
test_18274,0.0026208686
test_18275,0.0023928478
test_18276,0.000728546
test_18277,0.0017914688
test_18278,0.00081938226
test_18279,0.9909556
test_18280,0.9935101
test_18281,0.0015216239
test_18282,0.43038228
test_18283,0.005046894
test_18284,0.8454133
test_18285,0.9970906
test_18286,0.024489256
test_18287,0.0071033332
test_18288,0.00063748896
test_18289,0.9983776
test_18290,0.9976557
test_18291,0.04720126
test_18292,0.025525393
test_18293,0.9922983
test_18294,0.99646246
test_18295,0.99880576
test_18296,0.0015795392
test_18297,0.0035245754
test_18298,0.9895402
test_18299,0.0052467296
test_18300,0.6145396
test_18301,0.01584185
test_18302,0.020768741
test_18303,0.0048553776
test_18304,0.0013645547
test_18305,0.989336
test_18306,0.0020604494
test_18307,0.0012008924
test_18308,0.0006673761
test_18309,0.99506927
test_18310,0.99821603
test_18311,0.00085126935
test_18312,0.0014801701
test_18313,0.9976125
test_18314,0.22176084
test_18315,0.0035257256
test_18316,0.921873
test_18317,0.11100273
test_18318,0.98537064
test_18319,0.004268639
test_18320,0.17388543
test_18321,0.0034964283
test_18322,0.99796975
test_18323,0.85543275
test_18324,0.9946552
test_18325,0.48038572
test_18326,0.99877286
test_18327,0.015997207
test_18328,0.030726071
test_18329,0.99838066
test_18330,0.0010530547
test_18331,0.99573326
test_18332,0.0026573744
test_18333,0.0021662463
test_18334,0.9977998
test_18335,0.022467252
test_18336,0.0018962001
test_18337,0.99542415
test_18338,0.91706693
test_18339,0.0015167618
test_18340,0.9988589
test_18341,0.0023730188
test_18342,0.0013825584
test_18343,0.99640197
test_18344,0.9940734
test_18345,0.001083759
test_18346,0.008417232
test_18347,0.9938862
test_18348,0.0029853885
test_18349,0.0035041831
test_18350,0.996472
test_18351,0.0006920142
test_18352,0.0073032277
test_18353,0.0018697008
test_18354,0.8761773
test_18355,0.9948317
test_18356,0.0032915692
test_18357,0.99728507
test_18358,0.0009323057
test_18359,0.002129818
test_18360,0.9938476
test_18361,0.99821997
test_18362,0.009779177
test_18363,0.9988656
test_18364,0.0055559822
test_18365,0.96472096
test_18366,0.9917738
test_18367,0.0024592371
test_18368,0.9990845
test_18369,0.99857813
test_18370,0.99785924
test_18371,0.005987984
test_18372,0.98993075
test_18373,0.022375528
test_18374,0.9971672
test_18375,0.9954388
test_18376,0.0030588314
test_18377,0.99791825
test_18378,0.053093925
test_18379,0.9982641
test_18380,0.014085658
test_18381,0.99883866
test_18382,0.017930428
test_18383,0.9989868
test_18384,0.004971784
test_18385,0.9988338
test_18386,0.99893
test_18387,0.008369778
test_18388,0.9976437
test_18389,0.9966589
test_18390,0.9960768
test_18391,0.0014346859
test_18392,0.6937641
test_18393,0.98845875
test_18394,0.00087495235
test_18395,0.001958862
test_18396,0.0021881887
test_18397,0.998122
test_18398,0.8710402
test_18399,0.99838734
test_18400,0.0020985976
test_18401,0.99496317
test_18402,0.9989064
test_18403,0.99058837
test_18404,0.9944937
test_18405,0.0020282827
test_18406,0.99341345
test_18407,0.9701869
test_18408,0.99715614
test_18409,0.009608438
test_18410,0.99894166
test_18411,0.98627126
test_18412,0.9991083
test_18413,0.9967104
test_18414,0.0009788013
test_18415,0.0022135056
test_18416,0.99782157
test_18417,0.0007462138
test_18418,0.99551684
test_18419,0.99849707
test_18420,0.24900195
test_18421,0.014923075
test_18422,0.9972532
test_18423,0.99822783
test_18424,0.9987219
test_18425,0.014144402
test_18426,0.9991534
test_18427,0.99688876
test_18428,0.0021326502
test_18429,0.0020032534
test_18430,0.99832016
test_18431,0.9986421
test_18432,0.00429433
test_18433,0.99773425
test_18434,0.99306774
test_18435,0.99834555
test_18436,0.9942138
test_18437,0.014048762
test_18438,0.0006574291
test_18439,0.9945622
test_18440,0.008283804
test_18441,0.9159764
test_18442,0.9989065
test_18443,0.0073238392
test_18444,0.002940911
test_18445,0.9933609
test_18446,0.9867895
test_18447,0.0008628566
test_18448,0.0016468617
test_18449,0.0011872989
test_18450,0.81011546
test_18451,0.0036137134
test_18452,0.0054258667
test_18453,0.990608
test_18454,0.0013799006
test_18455,0.99195445
test_18456,0.99724185
test_18457,0.007174684
test_18458,0.99339306
test_18459,0.999306
test_18460,0.99769485
test_18461,0.99586475
test_18462,0.9968834
test_18463,0.96876085
test_18464,0.9956076
test_18465,0.0035603717
test_18466,0.994049
test_18467,0.24711974
test_18468,0.002017628
test_18469,0.0027526189
test_18470,0.94002163
test_18471,0.9959413
test_18472,0.0010480984
test_18473,0.98669106
test_18474,0.031662762
test_18475,0.003958449
test_18476,0.9991896
test_18477,0.002560935
test_18478,0.0019949076
test_18479,0.99874914
test_18480,0.98253715
test_18481,0.19290906
test_18482,0.0031060826
test_18483,0.9981329
test_18484,0.8914783
test_18485,0.9871055
test_18486,0.019183785
test_18487,0.04552418
test_18488,0.9654282
test_18489,0.005029415
test_18490,0.9977625
test_18491,0.003719607
test_18492,0.00056983397
test_18493,0.031689458
test_18494,0.0013234313
test_18495,0.99123156
test_18496,0.93211305
test_18497,0.99935126
test_18498,0.9976888
test_18499,0.0013521932
test_18500,0.016960638
test_18501,0.99658585
test_18502,0.9904624
test_18503,0.0020223476
test_18504,0.85076
test_18505,0.0028470585
test_18506,0.99908274
test_18507,0.99903095
test_18508,0.0011411607
test_18509,0.9986665
test_18510,0.99574596
test_18511,0.0029795384
test_18512,0.9937339
test_18513,0.001436365
test_18514,0.79905534
test_18515,0.0034059118
test_18516,0.99902433
test_18517,0.9922621
test_18518,0.90615755
test_18519,0.9963666
test_18520,0.081879124
test_18521,0.0045686583
test_18522,0.0022200884
test_18523,0.99615633
test_18524,0.004818663
test_18525,0.04722446
test_18526,0.9859734
test_18527,0.0008343403
test_18528,0.0033076988
test_18529,0.9988578
test_18530,0.99673474
test_18531,0.9985826
test_18532,0.00091712974
test_18533,0.99795866
test_18534,0.0012129499
test_18535,0.016459595
test_18536,0.9985256
test_18537,0.97492135
test_18538,0.9989413
test_18539,0.0050276895
test_18540,0.50442237
test_18541,0.7429599
test_18542,0.005472034
test_18543,0.9839078
test_18544,0.06671433
test_18545,0.9991306
test_18546,0.99862844
test_18547,0.9698732
test_18548,0.9968802
test_18549,0.92190915
test_18550,0.99805796
test_18551,0.99559367
test_18552,0.007144937
test_18553,0.00065083016
test_18554,0.99553335
test_18555,0.9975157
test_18556,0.9755956
test_18557,0.01934089
test_18558,0.7973423
test_18559,0.99854314
test_18560,0.0006171254
test_18561,0.0054659974
test_18562,0.9964479
test_18563,0.99726874
test_18564,0.0012447886
test_18565,0.9944174
test_18566,0.0901577
test_18567,0.99053955
test_18568,0.99364054
test_18569,0.99678457
test_18570,0.001151352
test_18571,0.0010577694
test_18572,0.002040503
test_18573,0.9945475
test_18574,0.9929761
test_18575,0.0013292491
test_18576,0.030838948
test_18577,0.0022482974
test_18578,0.99881625
test_18579,0.9991631
test_18580,0.0038651512
test_18581,0.0006234748
test_18582,0.9986149
test_18583,0.0037784188
test_18584,0.002628556
test_18585,0.0011025633
test_18586,0.99878824
test_18587,0.975524
test_18588,0.99891067
test_18589,0.0013901917
test_18590,0.9988997
test_18591,0.00491111
test_18592,0.00065942196
test_18593,0.0033708005
test_18594,0.007022293
test_18595,0.997861
test_18596,0.99682117
test_18597,0.99563766
test_18598,0.99850273
test_18599,0.999179
test_18600,0.9977046
test_18601,0.98030365
test_18602,0.99849963
test_18603,0.9935308
test_18604,0.09385328
test_18605,0.001796596
test_18606,0.992288
test_18607,0.99883854
test_18608,0.13670176
test_18609,0.0008930543
test_18610,0.010574355
test_18611,0.7562634
test_18612,0.99876213
test_18613,0.6656271
test_18614,0.0020615924
test_18615,0.99722064
test_18616,0.0009621465
test_18617,0.9989882
test_18618,0.011794411
test_18619,0.998623
test_18620,0.9983562
test_18621,0.9982704
test_18622,0.0024331925
test_18623,0.9927704
test_18624,0.0232884
test_18625,0.9983726
test_18626,0.0020937312
test_18627,0.9764774
test_18628,0.0015942743
test_18629,0.0033051944
test_18630,0.9977603
test_18631,0.0019642888
test_18632,0.002264819
test_18633,0.0007128073
test_18634,0.9984285
test_18635,0.99813426
test_18636,0.0007347785
test_18637,0.9977114
test_18638,0.0026723696
test_18639,0.9987643
test_18640,0.99931073
test_18641,0.034625694
test_18642,0.001735396
test_18643,0.0021117283
test_18644,0.0013612118
test_18645,0.0025041944
test_18646,0.9960091
test_18647,0.039917972
test_18648,0.9993509
test_18649,0.0025297683
test_18650,0.006463896
test_18651,0.99880123
test_18652,0.0016276613
test_18653,0.0010500787
test_18654,0.0036927206
test_18655,0.98873067
test_18656,0.012432375
test_18657,0.0066029485
test_18658,0.007173009
test_18659,0.98836243
test_18660,0.9794167
test_18661,0.0009518876
test_18662,0.0011159838
test_18663,0.91342723
test_18664,0.997743
test_18665,0.00754568
test_18666,0.018421765
test_18667,0.9971254
test_18668,0.99821734
test_18669,0.9921016
test_18670,0.0017240788
test_18671,0.003098752
test_18672,0.0011278121
test_18673,0.9904926
test_18674,0.0036113826
test_18675,0.04490934
test_18676,0.99901617
test_18677,0.0012979383
test_18678,0.0014681669
test_18679,0.9974581
test_18680,0.9971179
test_18681,0.9904252
test_18682,0.9979979
test_18683,0.99901116
test_18684,0.9975908
test_18685,0.99669254
test_18686,0.99617636
test_18687,0.9960676
test_18688,0.00072581
test_18689,0.95172375
test_18690,0.99164975
test_18691,0.99640024
test_18692,0.0014171642
test_18693,0.9963486
test_18694,0.007584491
test_18695,0.99891317
test_18696,0.9980422
test_18697,0.002278891
test_18698,0.004279674
test_18699,0.37452266
test_18700,0.73179096
test_18701,0.9311552
test_18702,0.0030113992
test_18703,0.0009322689
test_18704,0.9918759
test_18705,0.023725398
test_18706,0.9977789
test_18707,0.007448472
test_18708,0.0007502476
test_18709,0.9983184
test_18710,0.9921186
test_18711,0.9924729
test_18712,0.0011001461
test_18713,0.99876344
test_18714,0.06491889
test_18715,0.99284494
test_18716,0.99748397
test_18717,0.041977115
test_18718,0.0041816346
test_18719,0.998281
test_18720,0.0030379095
test_18721,0.97545004
test_18722,0.81285274
test_18723,0.0019467092
test_18724,0.994097
test_18725,0.9966251
test_18726,0.9964864
test_18727,0.9986485
test_18728,0.99381703
test_18729,0.94100606
test_18730,0.0017413112
test_18731,0.9985776
test_18732,0.0008126114
test_18733,0.99798197
test_18734,0.9910526
test_18735,0.0010849679
test_18736,0.9986458
test_18737,0.9943495
test_18738,0.0010810139
test_18739,0.96001536
test_18740,0.0097907465
test_18741,0.0014302023
test_18742,0.0032834024
test_18743,0.9988771
test_18744,0.9973985
test_18745,0.9987358
test_18746,0.9963081
test_18747,0.015993211
test_18748,0.9983447
test_18749,0.9988786
test_18750,0.0030738462
test_18751,0.13561724
test_18752,0.0015095335
test_18753,0.9986147
test_18754,0.9956318
test_18755,0.9721372
test_18756,0.52593726
test_18757,0.18737884
test_18758,0.0015535189
test_18759,0.9990012
test_18760,0.004399162
test_18761,0.93963856
test_18762,0.9975436
test_18763,0.9961764
test_18764,0.99571186
test_18765,0.0017451644
test_18766,0.004183917
test_18767,0.9970521
test_18768,0.005133206
test_18769,0.003008476
test_18770,0.9566915
test_18771,0.0024910213
test_18772,0.0037779831
test_18773,0.9670992
test_18774,0.0051524015
test_18775,0.0019395638
test_18776,0.0030805494
test_18777,0.0015506117
test_18778,0.9881531
test_18779,0.05554378
test_18780,0.37468314
test_18781,0.0038427291
test_18782,0.99922884
test_18783,0.0032108794
test_18784,0.0024494375
test_18785,0.26858708
test_18786,0.0019776332
test_18787,0.99856174
test_18788,0.9991311
test_18789,0.003259252
test_18790,0.002443558
test_18791,0.00536249
test_18792,0.99795556
test_18793,0.0008320208
test_18794,0.9987426
test_18795,0.005828449
test_18796,0.9869794
test_18797,0.9983167
test_18798,0.0012298077
test_18799,0.99671483
test_18800,0.15531549
test_18801,0.9952242
test_18802,0.9975698
test_18803,0.01049837
test_18804,0.0049082246
test_18805,0.4670245
test_18806,0.9985809
test_18807,0.002858449
test_18808,0.002052787
test_18809,0.0019469715
test_18810,0.002537338
test_18811,0.30220872
test_18812,0.0051330677
test_18813,0.99899083
test_18814,0.93472457
test_18815,0.00066816557
test_18816,0.9982521
test_18817,0.0014049821
test_18818,0.001582736
test_18819,0.99604
test_18820,0.9937766
test_18821,0.99888694
test_18822,0.68428206
test_18823,0.9982527
test_18824,0.0017152771
test_18825,0.89525163
test_18826,0.0019230602
test_18827,0.00092775834
test_18828,0.0016794686
test_18829,0.001551237
test_18830,0.001041487
test_18831,0.9975541
test_18832,0.0012769486
test_18833,0.065027244
test_18834,0.99562
test_18835,0.9961718
test_18836,0.9926123
test_18837,0.99131894
test_18838,0.00062662474
test_18839,0.9916413
test_18840,0.9991605
test_18841,0.0012275693
test_18842,0.025337672
test_18843,0.99864393
test_18844,0.0042742398
test_18845,0.9804951
test_18846,0.9987812
test_18847,0.007665689
test_18848,0.9990481
test_18849,0.9972582
test_18850,0.0008497277
test_18851,0.99905336
test_18852,0.0017042379
test_18853,0.040498577
test_18854,0.34033588
test_18855,0.00090228586
test_18856,0.031570043
test_18857,0.0017021644
test_18858,0.9993996
test_18859,0.0038578382
test_18860,0.9966784
test_18861,0.0035370556
test_18862,0.00076317496
test_18863,0.0011071679
test_18864,0.9983939
test_18865,0.0011175512
test_18866,0.0025498932
test_18867,0.9993359
test_18868,0.0021459954
test_18869,0.90619195
test_18870,0.99804044
test_18871,0.002227268
test_18872,0.99913895
test_18873,0.0481418
test_18874,0.28595403
test_18875,0.99772274
test_18876,0.9949343
test_18877,0.0023333945
test_18878,0.999256
test_18879,0.016936328
test_18880,0.997928
test_18881,0.99899316
test_18882,0.0006566647
test_18883,0.018758403
test_18884,0.0019412311
test_18885,0.0034263602
test_18886,0.6940063
test_18887,0.9834517
test_18888,0.0039081182
test_18889,0.0019096218
test_18890,0.006535262
test_18891,0.0018005748
test_18892,0.99894416
test_18893,0.9772537
test_18894,0.99930984
test_18895,0.9980799
test_18896,0.99472535
test_18897,0.99518645
test_18898,0.99814785
test_18899,0.0031125438
test_18900,0.0028612928
test_18901,0.9986079
test_18902,0.9860958
test_18903,0.004199353
test_18904,0.52865815
test_18905,0.18588522
test_18906,0.005348569
test_18907,0.0023306573
test_18908,0.9960686
test_18909,0.9958583
test_18910,0.0038886599
test_18911,0.0043410594
test_18912,0.99773455
test_18913,0.0019315385
test_18914,0.004127906
test_18915,0.19135676
test_18916,0.0020329065
test_18917,0.015374257
test_18918,0.9988685
test_18919,0.98988485
test_18920,0.029161518
test_18921,0.9942093
test_18922,0.0010492489
test_18923,0.99448085
test_18924,0.007111269
test_18925,0.0013827644
test_18926,0.008335432
test_18927,0.9836612
test_18928,0.0011012147
test_18929,0.005754236
test_18930,0.99852276
test_18931,0.9987154
test_18932,0.008560484
test_18933,0.07162421
test_18934,0.9987391
test_18935,0.035486594
test_18936,0.00089630304
test_18937,0.99757755
test_18938,0.00088918116
test_18939,0.0029880737
test_18940,0.0014199689
test_18941,0.9972535
test_18942,0.0022080687
test_18943,0.0008255022
test_18944,0.0017151616
test_18945,0.99893034
test_18946,0.001115105
test_18947,0.99722135
test_18948,0.04644247
test_18949,0.93209887
test_18950,0.00900156
test_18951,0.0017558497
test_18952,0.998273
test_18953,0.5859315
test_18954,0.9981296
test_18955,0.0010348174
test_18956,0.003667654
test_18957,0.99810535
test_18958,0.9980182
test_18959,0.0016036923
test_18960,0.10970631
test_18961,0.8688209
test_18962,0.001874191
test_18963,0.0007926965
test_18964,0.00718287
test_18965,0.0036154247
test_18966,0.99413353
test_18967,0.9990351
test_18968,0.99865925
test_18969,0.9990636
test_18970,0.0018162342
test_18971,0.99831283
test_18972,0.0019337598
test_18973,0.99352807
test_18974,0.99900067
test_18975,0.9964231
test_18976,0.99535036
test_18977,0.9977134
test_18978,0.99789095
test_18979,0.9981036
test_18980,0.99731004
test_18981,0.0066141784
test_18982,0.06878181
test_18983,0.9980775
test_18984,0.99746215
test_18985,0.0016538345
test_18986,0.6584865
test_18987,0.9969522
test_18988,0.003048194
test_18989,0.9963431
test_18990,0.9969084
test_18991,0.99682415
test_18992,0.0016109215
test_18993,0.9960418
test_18994,0.99419934
test_18995,0.9985276
test_18996,0.0010453281
test_18997,0.003317357
test_18998,0.99387527
test_18999,0.0009326608
test_19000,0.9969404
test_19001,0.0046912413
test_19002,0.0031772968
test_19003,0.0012165394
test_19004,0.9829498
test_19005,0.0012931157
test_19006,0.9987472
test_19007,0.0020878988
test_19008,0.003569541
test_19009,0.0017867096
test_19010,0.9974581
test_19011,0.9978037
test_19012,0.0013233859
test_19013,0.0062409053
test_19014,0.9981978
test_19015,0.0053643836
test_19016,0.9990004
test_19017,0.0007139897
test_19018,0.0008927743
test_19019,0.9955499
test_19020,0.01736657
test_19021,0.0014447033
test_19022,0.00084167
test_19023,0.0032240576
test_19024,0.9956428
test_19025,0.90654707
test_19026,0.9503441
test_19027,0.0011967154
test_19028,0.03494211
test_19029,0.9988188
test_19030,0.001689231
test_19031,0.99815947
test_19032,0.0027665552
test_19033,0.99874854
test_19034,0.88324594
test_19035,0.00071308867
test_19036,0.15330684
test_19037,0.9986913
test_19038,0.0015658485
test_19039,0.0022255015
test_19040,0.9983314
test_19041,0.96915805
test_19042,0.99895
test_19043,0.9963296
test_19044,0.0073983613
test_19045,0.00061342516
test_19046,0.9563209
test_19047,0.9954989
test_19048,0.9981426
test_19049,0.99911153
test_19050,0.9917114
test_19051,0.004207553
test_19052,0.024866508
test_19053,0.9971232
test_19054,0.0071990346
test_19055,0.9991027
test_19056,0.18971606
test_19057,0.99714065
test_19058,0.001221265
test_19059,0.0028546974
test_19060,0.0009115211
test_19061,0.991775
test_19062,0.45112813
test_19063,0.9969045
test_19064,0.012166583
test_19065,0.017372815
test_19066,0.003198272
test_19067,0.9953405
test_19068,0.99115163
test_19069,0.0028432684
test_19070,0.57905483
test_19071,0.22663186
test_19072,0.0034113338
test_19073,0.9989749
test_19074,0.9971497
test_19075,0.9982717
test_19076,0.9991564
test_19077,0.0032033464
test_19078,0.0031314308
test_19079,0.6331625
test_19080,0.0029909506
test_19081,0.9987838
test_19082,0.66435474
test_19083,0.99769497
test_19084,0.9881984
test_19085,0.008161525
test_19086,0.0008565944
test_19087,0.001447804
test_19088,0.0075456654
test_19089,0.9990963
test_19090,0.0017009827
test_19091,0.9985887
test_19092,0.9972466
test_19093,0.0015724897
test_19094,0.0012098979
test_19095,0.001614078
test_19096,0.99876064
test_19097,0.0021720484
test_19098,0.9836805
test_19099,0.99803305
test_19100,0.0025349678
test_19101,0.9934865
test_19102,0.0020618588
test_19103,0.004714616
test_19104,0.0023388765
test_19105,0.99235934
test_19106,0.005867865
test_19107,0.9987967
test_19108,0.014683286
test_19109,0.0025119493
test_19110,0.0028029094
test_19111,0.00071649946
test_19112,0.997314
test_19113,0.008706595
test_19114,0.0034869255
test_19115,0.0022492774
test_19116,0.99813247
test_19117,0.022519717
test_19118,0.0016922558
test_19119,0.9888294
test_19120,0.0038350043
test_19121,0.9945712
test_19122,0.99323666
test_19123,0.9965874
test_19124,0.0016235237
test_19125,0.9945679
test_19126,0.99706787
test_19127,0.0010967632
test_19128,0.13668726
test_19129,0.004007281
test_19130,0.9988984
test_19131,0.9969671
test_19132,0.0041262545
test_19133,0.0016508129
test_19134,0.9994718
test_19135,0.0042888764
test_19136,0.9926
test_19137,0.9814866
test_19138,0.0009063709
test_19139,0.0023448053
test_19140,0.98705864
test_19141,0.0024459604
test_19142,0.99780595
test_19143,0.0006777586
test_19144,0.99570227
test_19145,0.9989444
test_19146,0.9905998
test_19147,0.99870396
test_19148,0.9852307
test_19149,0.9961417
test_19150,0.0032114077
test_19151,0.0012458448
test_19152,0.9966077
test_19153,0.9774225
test_19154,0.0025744506
test_19155,0.9985213
test_19156,0.14301133
test_19157,0.99802387
test_19158,0.996529
test_19159,0.9971514
test_19160,0.0013117396
test_19161,0.0030687633
test_19162,0.0041864086
test_19163,0.9975666
test_19164,0.0007900809
test_19165,0.0038879116
test_19166,0.99893063
test_19167,0.955266
test_19168,0.99386543
test_19169,0.0006762965
test_19170,0.998149
test_19171,0.99845135
test_19172,0.99631995
test_19173,0.9978397
test_19174,0.01055017
test_19175,0.6347518
test_19176,0.017258048
test_19177,0.99819946
test_19178,0.9980048
test_19179,0.054743268
test_19180,0.0015763233
test_19181,0.23814943
test_19182,0.0006868744
test_19183,0.9952071
test_19184,0.78642654
test_19185,0.0016690522
test_19186,0.966302
test_19187,0.9950129
test_19188,0.98896813
test_19189,0.99659604
test_19190,0.99156797
test_19191,0.008026754
test_19192,0.9966543
test_19193,0.0074647223
test_19194,0.0063437424
test_19195,0.0015600035
test_19196,0.99706626
test_19197,0.0023876815
test_19198,0.99752116
test_19199,0.0010860487
test_19200,0.9985602
test_19201,0.9985188
test_19202,0.99753094
test_19203,0.9989181
test_19204,0.9866327
test_19205,0.04269112
test_19206,0.96317786
test_19207,0.0039209686
test_19208,0.9972407
test_19209,0.9967462
test_19210,0.00388306
test_19211,0.002261614
test_19212,0.997965
test_19213,0.98215187
test_19214,0.004388698
test_19215,0.0037666294
test_19216,0.0046654455
test_19217,0.992869
test_19218,0.024163816
test_19219,0.005093029
test_19220,0.5559852
test_19221,0.098931946
test_19222,0.9932591
test_19223,0.9987556
test_19224,0.001171384
test_19225,0.0016003938
test_19226,0.99622595
test_19227,0.0021637361
test_19228,0.99826574
test_19229,0.00083068985
test_19230,0.099023744
test_19231,0.97981596
test_19232,0.99395037
test_19233,0.997494
test_19234,0.001564065
test_19235,0.0013928475
test_19236,0.0015964493
test_19237,0.00073033577
test_19238,0.0042898064
test_19239,0.003084401
test_19240,0.9974419
test_19241,0.52864075
test_19242,0.82312846
test_19243,0.95812523
test_19244,0.99859333
test_19245,0.99848
test_19246,0.99603844
test_19247,0.0018960163
test_19248,0.9943872
test_19249,0.0011379387
test_19250,0.9980341
test_19251,0.99583584
test_19252,0.0011324431
test_19253,0.0010113543
test_19254,0.99922836
test_19255,0.99876213
test_19256,0.9856887
test_19257,0.0013743951
test_19258,0.0025088384
test_19259,0.0010592248
test_19260,0.13082296
test_19261,0.703077
test_19262,0.9966203
test_19263,0.015034457
test_19264,0.032718726
test_19265,0.77514803
test_19266,0.0072807968
test_19267,0.9953575
test_19268,0.9985701
test_19269,0.005186031
test_19270,0.0037305015
test_19271,0.001215983
test_19272,0.9976647
test_19273,0.99724114
test_19274,0.0010757291
test_19275,0.9978739
test_19276,0.99849993
test_19277,0.0031649312
test_19278,0.0006986343
test_19279,0.82649595
test_19280,0.9976703
test_19281,0.99863017
test_19282,0.0013722484
test_19283,0.0060136258
test_19284,0.96067667
test_19285,0.9948824
test_19286,0.0027904236
test_19287,0.9986907
test_19288,0.0026780942
test_19289,0.0016743595
test_19290,0.9992291
test_19291,0.001521494
test_19292,0.005001193
test_19293,0.0012108344
test_19294,0.99918664
test_19295,0.9972243
test_19296,0.9968964
test_19297,0.00076937187
test_19298,0.9978754
test_19299,0.25910273
test_19300,0.0018244796
test_19301,0.61189514
test_19302,0.002256913
test_19303,0.9985138
test_19304,0.99906623
test_19305,0.0048189135
test_19306,0.9988338
test_19307,0.99881315
test_19308,0.99543685
test_19309,0.0028013613
test_19310,0.0022670797
test_19311,0.0009653673
test_19312,0.12391999
test_19313,0.001467799
test_19314,0.001989917
test_19315,0.9982753
test_19316,0.9804265
test_19317,0.0016860545
test_19318,0.987782
test_19319,0.0021079192
test_19320,0.9983556
test_19321,0.0056283153
test_19322,0.003281733
test_19323,0.99331534
test_19324,0.0011956521
test_19325,0.012074385
test_19326,0.00087836204
test_19327,0.98519146
test_19328,0.001139437
test_19329,0.17438307
test_19330,0.3224024
test_19331,0.0012976354
test_19332,0.9990056
test_19333,0.00075278257
test_19334,0.0071544577
test_19335,0.001151246
test_19336,0.0031453387
test_19337,0.0033283348
test_19338,0.99716055
test_19339,0.013179569
test_19340,0.99882334
test_19341,0.0055381455
test_19342,0.99861985
test_19343,0.9981806
test_19344,0.0010077334
test_19345,0.99860066
test_19346,0.038474776
test_19347,0.005611396
test_19348,0.0033682229
test_19349,0.000636224
test_19350,0.0045275656
test_19351,0.00091410463
test_19352,0.988413
test_19353,0.0019631751
test_19354,0.99859375
test_19355,0.0012358727
test_19356,0.37208596
test_19357,0.99837434
test_19358,0.9944775
test_19359,0.99425125
test_19360,0.0008292054
test_19361,0.010822772
test_19362,0.004516541
test_19363,0.002677775
test_19364,0.99581534
test_19365,0.014289429
test_19366,0.012420881
test_19367,0.83955854
test_19368,0.9974723
test_19369,0.1739845
test_19370,0.6515572
test_19371,0.0016723992
test_19372,0.001166035
test_19373,0.8840968
test_19374,0.99592173
test_19375,0.88265836
test_19376,0.9977224
test_19377,0.9974052
test_19378,0.99367297
test_19379,0.0033902724
test_19380,0.99870783
test_19381,0.9914323
test_19382,0.0009525829
test_19383,0.9978385
test_19384,0.99886477
test_19385,0.99873304
test_19386,0.9984701
test_19387,0.004295758
test_19388,0.99118876
test_19389,0.71753675
test_19390,0.9984819
test_19391,0.9965397
test_19392,0.0032187994
test_19393,0.9580874
test_19394,0.998819
test_19395,0.0010329093
test_19396,0.9988629
test_19397,0.0055633527
test_19398,0.7085776
test_19399,0.1908436
test_19400,0.0014091646
test_19401,0.9839432
test_19402,0.0010187908
test_19403,0.0011617643
test_19404,0.002308354
test_19405,0.99696577
test_19406,0.99919367
test_19407,0.0019710404
test_19408,0.9956727
test_19409,0.004756007
test_19410,0.025145616
test_19411,0.0012029989
test_19412,0.0060217977
test_19413,0.995265
test_19414,0.00395368
test_19415,0.0022518104
test_19416,0.9932863
test_19417,0.012439002
test_19418,0.0005810483
test_19419,0.9962931
test_19420,0.002505819
test_19421,0.9982079
test_19422,0.9601681
test_19423,0.99750566
test_19424,0.006011329
test_19425,0.002154292
test_19426,0.0018145267
test_19427,0.0026482742
test_19428,0.9984616
test_19429,0.76042205
test_19430,0.6854316
test_19431,0.99804044
test_19432,0.9910187
test_19433,0.011007304
test_19434,0.9967084
test_19435,0.9989327
test_19436,0.99834454
test_19437,0.9977202
test_19438,0.01247622
test_19439,0.9905122
test_19440,0.0033530614
test_19441,0.99881196
test_19442,0.9123133
test_19443,0.0019727184
test_19444,0.002578764
test_19445,0.0050693895
test_19446,0.99888414
test_19447,0.0070042713
test_19448,0.9970529
test_19449,0.99830925
test_19450,0.99921274
test_19451,0.805627
test_19452,0.9988976
test_19453,0.9908598
test_19454,0.99634016
test_19455,0.03024524
test_19456,0.006600271
test_19457,0.9977056
test_19458,0.96179223
test_19459,0.99662787
test_19460,0.0025906418
test_19461,0.0010494248
test_19462,0.999135
test_19463,0.0016447874
test_19464,0.09612242
test_19465,0.0014619732
test_19466,0.6338672
test_19467,0.9986034
test_19468,0.9269457
test_19469,0.9922614
test_19470,0.0010153368
test_19471,0.0011660306
test_19472,0.99810606
test_19473,0.9993359
test_19474,0.9975003
test_19475,0.98612326
test_19476,0.9981601
test_19477,0.0071506584
test_19478,0.0036919573
test_19479,0.9975996
test_19480,0.9968295
test_19481,0.9981476
test_19482,0.012645877
test_19483,0.9819934
test_19484,0.95657647
test_19485,0.97710943
test_19486,0.0035564657
test_19487,0.9870956
test_19488,0.99651617
test_19489,0.7719337
test_19490,0.003819432
test_19491,0.124390684
test_19492,0.0042586536
test_19493,0.9990727
test_19494,0.99819857
test_19495,0.99891925
test_19496,0.99176425
test_19497,0.002428826
test_19498,0.9991549
test_19499,0.8102549
test_19500,0.0011237154
test_19501,0.029311841
test_19502,0.0036324558
test_19503,0.54763097
test_19504,0.0042988807
test_19505,0.99851394
test_19506,0.28808445
test_19507,0.9989828
test_19508,0.9982221
test_19509,0.9951567
test_19510,0.9981743
test_19511,0.9324453
test_19512,0.85436594
test_19513,0.85698473
test_19514,0.99677294
test_19515,0.0017878118
test_19516,0.99833393
test_19517,0.1762899
test_19518,0.993703
test_19519,0.9986906
test_19520,0.0019311721
test_19521,0.9728793
test_19522,0.0039669885
test_19523,0.99932295
test_19524,0.039168444
test_19525,0.00091193704
test_19526,0.006462276
test_19527,0.9870757
test_19528,0.0021810092
test_19529,0.056409173
test_19530,0.00214644
test_19531,0.0051551536
test_19532,0.84743965
test_19533,0.002116953
test_19534,0.99831736
test_19535,0.0017634893
test_19536,0.6287496
test_19537,0.99840677
test_19538,0.99764097
test_19539,0.9962858
test_19540,0.0074004326
test_19541,0.816847
test_19542,0.98591995
test_19543,0.0018080308
test_19544,0.99930704
test_19545,0.9880624
test_19546,0.9972106
test_19547,0.0008575678
test_19548,0.9977567
test_19549,0.0011979283
test_19550,0.0018989504
test_19551,0.9066683
test_19552,0.9933095
test_19553,0.0015420527
test_19554,0.002741584
test_19555,0.9899261
test_19556,0.00081763556
test_19557,0.0010652423
test_19558,0.0023310739
test_19559,0.0025992207
test_19560,0.9982712
test_19561,0.9963738
test_19562,0.93966675
test_19563,0.99740314
test_19564,0.0039250962
test_19565,0.0012539148
test_19566,0.0062538916
test_19567,0.9932904
test_19568,0.0011778806
test_19569,0.025897242
test_19570,0.9964061
test_19571,0.9599894
test_19572,0.9993578
test_19573,0.77400756
test_19574,0.0017546314
test_19575,0.0018273101
test_19576,0.9982245
test_19577,0.99792904
test_19578,0.99750733
test_19579,0.002397182
test_19580,0.008211983
test_19581,0.97566426
test_19582,0.99747044
test_19583,0.00074912223
test_19584,0.02448498
test_19585,0.9981787
test_19586,0.9985993
test_19587,0.014945831
test_19588,0.9984126
test_19589,0.0013451958
test_19590,0.9904381
test_19591,0.9959841
test_19592,0.99373657
test_19593,0.9644736
test_19594,0.0068287193
test_19595,0.003028912
test_19596,0.9985616
test_19597,0.0012652572
test_19598,0.0021092636
test_19599,0.8890606
test_19600,0.0020258261
test_19601,0.0026575313
test_19602,0.003572106
test_19603,0.9969983
test_19604,0.9968704
test_19605,0.0649516
test_19606,0.99885046
test_19607,0.0010717314
test_19608,0.0053328113
test_19609,0.012444569
test_19610,0.9916387
test_19611,0.99799705
test_19612,0.18813325
test_19613,0.9988531
test_19614,0.12952173
test_19615,0.99485373
test_19616,0.00796626
test_19617,0.020578023
test_19618,0.8318678
test_19619,0.9658261
test_19620,0.29881337
test_19621,0.0009961241
test_19622,0.0017420624
test_19623,0.0026772819
test_19624,0.011780644
test_19625,0.9986949
test_19626,0.001112363
test_19627,0.0016868683
test_19628,0.99888813
test_19629,0.0021733744
test_19630,0.9984203
test_19631,0.99701583
test_19632,0.9937478
test_19633,0.9964569
test_19634,0.98453355
test_19635,0.99585664
test_19636,0.92882943
test_19637,0.0009973559
test_19638,0.9984498
test_19639,0.0020433932
test_19640,0.03156686
test_19641,0.35096642
test_19642,0.0022416103
test_19643,0.0012540831
test_19644,0.006082979
test_19645,0.0068619046
test_19646,0.003931352
test_19647,0.99915695
test_19648,0.0014897168
test_19649,0.66586816
test_19650,0.0016654734
test_19651,0.001100245
test_19652,0.0022750255
test_19653,0.028520027
test_19654,0.0007416127
test_19655,0.00796017
test_19656,0.0021920695
test_19657,0.36275005
test_19658,0.030101592
test_19659,0.9937378
test_19660,0.99743724
test_19661,0.0026748457
test_19662,0.99862486
test_19663,0.004777631
test_19664,0.99797183
test_19665,0.9989561
test_19666,0.9973424
test_19667,0.9977188
test_19668,0.0013182249
test_19669,0.0058299354
test_19670,0.9984572
test_19671,0.0013258121
test_19672,0.9934907
test_19673,0.002985892
test_19674,0.0052957656
test_19675,0.3921892
test_19676,0.99670637
test_19677,0.9981797
test_19678,0.0020882005
test_19679,0.9724439
test_19680,0.99738634
test_19681,0.27787644
test_19682,0.000817577
test_19683,0.9989731
test_19684,0.0011129415
test_19685,0.998883
test_19686,0.99752176
test_19687,0.0009891344
test_19688,0.9850203
test_19689,0.9991902
test_19690,0.050094794
test_19691,0.99848664
test_19692,0.9892448
test_19693,0.37890953
test_19694,0.9440386
test_19695,0.9897903
test_19696,0.9992169
test_19697,0.0010953005
test_19698,0.99265975
test_19699,0.9988721
test_19700,0.051803783
test_19701,0.004373955
test_19702,0.0015000319
test_19703,0.0007072219
test_19704,0.99809974
test_19705,0.0034085254
test_19706,0.10308386
test_19707,0.99914765
test_19708,0.43529975
test_19709,0.0013987431
test_19710,0.99683315
test_19711,0.0019188868
test_19712,0.98970205
test_19713,0.99872065
test_19714,0.0008620754
test_19715,0.0020155287
test_19716,0.00416187
test_19717,0.9978349
test_19718,0.9978445
test_19719,0.99850154
test_19720,0.9967325
test_19721,0.995936
test_19722,0.0018264524
test_19723,0.9904121
test_19724,0.008874604
test_19725,0.99791753
test_19726,0.9972528
test_19727,0.0038764402
test_19728,0.99753284
test_19729,0.0024662782
test_19730,0.007756035
test_19731,0.0033817196
test_19732,0.9982929
test_19733,0.00083124504
test_19734,0.98316467
test_19735,0.9987773
test_19736,0.99775803
test_19737,0.6201176
test_19738,0.96272814
test_19739,0.0015164344
test_19740,0.99358326
test_19741,0.99904525
test_19742,0.009282487
test_19743,0.0015112339
test_19744,0.9981772
test_19745,0.99529445
test_19746,0.0007665502
test_19747,0.32408467
test_19748,0.0015199586
test_19749,0.25512147
test_19750,0.99895483
test_19751,0.001365986
test_19752,0.99744296
test_19753,0.0005626038
test_19754,0.0036426294
test_19755,0.997831
test_19756,0.99323905
test_19757,0.9982164
test_19758,0.0062838616
test_19759,0.9980426
test_19760,0.9579613
test_19761,0.0022125314
test_19762,0.0016670041
test_19763,0.02536043
test_19764,0.5911631
test_19765,0.9878793
test_19766,0.0006767915
test_19767,0.007229482
test_19768,0.0025696259
test_19769,0.0048099016
test_19770,0.0013665668
test_19771,0.9870868
test_19772,0.9964045
test_19773,0.0047872146
test_19774,0.0013552097
test_19775,0.0035885558
test_19776,0.9988063
test_19777,0.0035909815
test_19778,0.998386
test_19779,0.96751136
test_19780,0.92410815
test_19781,0.0011482824
test_19782,0.9145665
test_19783,0.0026722688
test_19784,0.99917704
test_19785,0.9909532
test_19786,0.99793756
test_19787,0.0008147847
test_19788,0.99586594
test_19789,0.86611664
test_19790,0.99821246
test_19791,0.01447202
test_19792,0.99774575
test_19793,0.00093538675
test_19794,0.001629231
test_19795,0.0026612764
test_19796,0.0044395356
test_19797,0.99309856
test_19798,0.0017051918
test_19799,0.99761474
test_19800,0.00070634147
test_19801,0.00072413
test_19802,0.002736994
test_19803,0.97572607
test_19804,0.8918952
test_19805,0.0024450263
test_19806,0.009273665
test_19807,0.99895453
test_19808,0.0035164268
test_19809,0.0029205545
test_19810,0.99654675
test_19811,0.9972091
test_19812,0.035098586
test_19813,0.0025272325
test_19814,0.9974149
test_19815,0.0059906645
test_19816,0.002262185
test_19817,0.9987334
test_19818,0.0026853697
test_19819,0.9965213
test_19820,0.04711967
test_19821,0.9968402
test_19822,0.99741095
test_19823,0.98125327
test_19824,0.98301154
test_19825,0.8515526
test_19826,0.0008556846
test_19827,0.9982882
test_19828,0.0016674469
test_19829,0.0014100337
test_19830,0.9978263
test_19831,0.002307271
test_19832,0.9944242
test_19833,0.0029121204
test_19834,0.199169
test_19835,0.4207875
test_19836,0.0011270279
test_19837,0.9973824
test_19838,0.99920446
test_19839,0.2505537
test_19840,0.96091986
test_19841,0.0031004427
test_19842,0.000894025
test_19843,0.0015120051
test_19844,0.008445054
test_19845,0.003267444
test_19846,0.99909174
test_19847,0.9879962
test_19848,0.010280672
test_19849,0.036088094
test_19850,0.9991042
test_19851,0.0111669395
test_19852,0.10100322
test_19853,0.0010718188
test_19854,0.9968686
test_19855,0.4712041
test_19856,0.99887913
test_19857,0.0060499343
test_19858,0.9794905
test_19859,0.92698735
test_19860,0.005655865
test_19861,0.0043072426
test_19862,0.0013304823
test_19863,0.99736154
test_19864,0.003074306
test_19865,0.97386205
test_19866,0.0061255656
test_19867,0.9988587
test_19868,0.99265003
test_19869,0.0013801625
test_19870,0.0015585152
test_19871,0.99915564
test_19872,0.9895815
test_19873,0.9991888
test_19874,0.0008847338
test_19875,0.000656314
test_19876,0.0010636039
test_19877,0.996434
test_19878,0.9902513
test_19879,0.9985205
test_19880,0.06322721
test_19881,0.0012562114
test_19882,0.997635
test_19883,0.80069405
test_19884,0.018397657
test_19885,0.8583801
test_19886,0.99833024
test_19887,0.9987818
test_19888,0.0014342929
test_19889,0.9960085
test_19890,0.99897075
test_19891,0.008957504
test_19892,0.9986641
test_19893,0.9978247
test_19894,0.0010769027
test_19895,0.9980207
test_19896,0.0026938657
test_19897,0.019250395
test_19898,0.0021495223
test_19899,0.025637448
test_19900,0.99457896
test_19901,0.0016764336
test_19902,0.9906899
test_19903,0.9676175
test_19904,0.9987519
test_19905,0.03001816
test_19906,0.03106918
test_19907,0.008793761
test_19908,0.0061142743
test_19909,0.002756286
test_19910,0.0015306089
test_19911,0.0050689224
test_19912,0.22784662
test_19913,0.99806654
test_19914,0.0018385438
test_19915,0.019408856
test_19916,0.004000868
test_19917,0.0022861492
test_19918,0.012805101
test_19919,0.004489951
test_19920,0.05147005
test_19921,0.9935015
test_19922,0.9973633
test_19923,0.99745417
test_19924,0.0010618084
test_19925,0.99471986
test_19926,0.0012110232
test_19927,0.8834199
test_19928,0.0050324285
test_19929,0.9909378
test_19930,0.008295885
test_19931,0.9622712
test_19932,0.9951525
test_19933,0.0011172108
test_19934,0.9986193
test_19935,0.016932175
test_19936,0.9986633
test_19937,0.9979006
test_19938,0.9988253
test_19939,0.0045451075
test_19940,0.001630566
test_19941,0.021048833
test_19942,0.039420854
test_19943,0.8802103
test_19944,0.9983309
test_19945,0.0038017
test_19946,0.0018982528
test_19947,0.0016431881
test_19948,0.9987741
test_19949,0.003674549
test_19950,0.0499891
test_19951,0.99906456
test_19952,0.9636202
test_19953,0.0008902422
test_19954,0.0025370212
test_19955,0.003291109
test_19956,0.0010207158
test_19957,0.003427458
test_19958,0.8395432
test_19959,0.9978523
test_19960,0.09386766
test_19961,0.99571216
test_19962,0.0032036481
test_19963,0.0012807276
test_19964,0.9966927
test_19965,0.00903394
test_19966,0.9984791
test_19967,0.7392272
test_19968,0.9636254
test_19969,0.0054356633
test_19970,0.0027880673
test_19971,0.0014083749
test_19972,0.027835172
test_19973,0.9994581
test_19974,0.99201715
test_19975,0.0011629524
test_19976,0.9918195
test_19977,0.00092546025
test_19978,0.0075747026
test_19979,0.0019486394
test_19980,0.99763364
test_19981,0.99829364
test_19982,0.99902445
test_19983,0.99678624
test_19984,0.42220724
test_19985,0.0027436707
test_19986,0.0030606175
test_19987,0.9973861
test_19988,0.98742825
test_19989,0.0013638013
test_19990,0.9600908
test_19991,0.9975819
test_19992,0.0012484023
test_19993,0.005715882
test_19994,0.05584317
test_19995,0.9933702
test_19996,0.0016481588
test_19997,0.0011362553
test_19998,0.0011817812
test_19999,0.0032266849
